[
    {
        "unoptimized": "%1 = alloca i32, align 4\n  %2 = alloca %struct.biosregs, align 4\n  %3 = alloca %struct.biosregs, align 4\n  %4 = alloca i32, align 4\n  %5 = alloca i32, align 4\n  %6 = call i32 @initregs(ptr noundef %2)\n  %7 = getelementptr inbounds %struct.biosregs, ptr %2, i32 0, i32 0\n  store i32 3840, ptr %7, align 4\n  %8 = call i32 @intcall(i32 noundef 16, ptr noundef %2, ptr noundef %3)\n  %9 = getelementptr inbounds %struct.biosregs, ptr %3, i32 0, i32 1\n  %10 = load i32, ptr %9, align 4\n  store i32 %10, ptr %5, align 4\n  %11 = call i32 @set_fs(i32 noundef 0)\n  %12 = call i32 @rdfs8(i32 noundef 1156)\n  store i32 %12, ptr %4, align 4\n  %13 = getelementptr inbounds %struct.biosregs, ptr %3, i32 0, i32 0\n  %14 = load i32, ptr %13, align 4\n  %15 = icmp eq i32 %14, 20483\n  br i1 %15, label %20, label %16\n",
        "optimized": "%1 = alloca %struct.biosregs, align 4\n  %2 = alloca %struct.biosregs, align 4\n  %3 = alloca i32, align 4\n  %4 = alloca i32, align 4\n  %5 = call i32 @initregs(ptr noundef nonnull %1) #2\n  store i32 3840, ptr %1, align 4\n  %6 = call i32 @intcall(i32 noundef 16, ptr noundef nonnull %1, ptr noundef nonnull %2) #2\n  %7 = getelementptr inbounds %struct.biosregs, ptr %2, i64 0, i32 1\n  %8 = load i32, ptr %7, align 4\n  store i32 %8, ptr %4, align 4\n  %9 = call i32 @set_fs(i32 noundef 0) #2\n  %10 = call i32 @rdfs8(i32 noundef 1156) #2\n  store i32 %10, ptr %3, align 4\n  %11 = load i32, ptr %2, align 4\n  %12 = icmp eq i32 %11, 20483\n  br i1 %12, label %16, label %13\n"
    },
    {
        "unoptimized": "%17 = getelementptr inbounds %struct.biosregs, ptr %3, i32 0, i32 0\n  %18 = load i32, ptr %17, align 4\n  %19 = icmp eq i32 %18, 20487\n  br i1 %19, label %20, label %28\n",
        "optimized": "%14 = load i32, ptr %2, align 4\n  %15 = icmp eq i32 %14, 20487\n  br i1 %15, label %16, label %24\n"
    },
    {
        "unoptimized": "%21 = load i32, ptr %4, align 4\n  %22 = icmp eq i32 %21, 0\n  br i1 %22, label %26, label %23\n",
        "optimized": "%17 = load i32, ptr %3, align 4\n  %18 = icmp eq i32 %17, 0\n  br i1 %18, label %22, label %19\n"
    },
    {
        "unoptimized": "%24 = load i32, ptr %4, align 4\n  %25 = icmp eq i32 %24, 24\n  br i1 %25, label %26, label %28\n",
        "optimized": "%20 = load i32, ptr %3, align 4\n  %21 = icmp eq i32 %20, 24\n  br i1 %21, label %22, label %24\n"
    },
    {
        "unoptimized": "%27 = load i32, ptr %5, align 4\n  store i32 %27, ptr %1, align 4\n  br label %40\n",
        "optimized": "%23 = load i32, ptr %4, align 4\n  br label %32\n"
    },
    {
        "unoptimized": "%29 = load i32, ptr %5, align 4\n  %30 = icmp ne i32 %29, 3\n  br i1 %30, label %31, label %35\n",
        "optimized": "%25 = load i32, ptr %4, align 4\n  %.not = icmp eq i32 %25, 3\n  br i1 %.not, label %29, label %26\n"
    },
    {
        "unoptimized": "%32 = load i32, ptr %5, align 4\n  %33 = icmp ne i32 %32, 7\n  br i1 %33, label %34, label %35\n",
        "optimized": "%27 = load i32, ptr %4, align 4\n  %.not1 = icmp eq i32 %27, 7\n  br i1 %.not1, label %29, label %28\n"
    },
    {
        "unoptimized": "store i32 3, ptr %5, align 4\n  br label %35\n",
        "optimized": "store i32 3, ptr %4, align 4\n  br label %29\n"
    },
    {
        "unoptimized": "%36 = load i32, ptr %5, align 4\n  %37 = getelementptr inbounds %struct.biosregs, ptr %2, i32 0, i32 0\n  store i32 %36, ptr %37, align 4\n  %38 = call i32 @intcall(i32 noundef 16, ptr noundef %2, ptr noundef null)\n  store i32 1, ptr @do_restore, align 4\n  %39 = load i32, ptr %5, align 4\n  store i32 %39, ptr %1, align 4\n  br label %40\n",
        "optimized": "%30 = load i32, ptr %4, align 4\n  store i32 %30, ptr %1, align 4\n  %31 = call i32 @intcall(i32 noundef 16, ptr noundef nonnull %1, ptr noundef null) #2\n  store i32 1, ptr @do_restore, align 4\n  br label %32\n"
    },
    {
        "unoptimized": "%41 = load i32, ptr %1, align 4\n  ret i32 %41\n}",
        "optimized": "%storemerge = phi i32 [ %30, %29 ], [ %23, %22 ]\n  ret i32 %storemerge\n}"
    }
]