[
    {
        "unoptimized": "%4 = alloca i32, align 4\n  %5 = alloca i32, align 4\n  %6 = alloca ptr, align 8\n  %7 = alloca ptr, align 8\n  %8 = alloca i64, align 8\n  %9 = alloca i64, align 8\n  %10 = alloca ptr, align 8\n  %11 = alloca i32, align 4\n  store i32 %0, ptr %5, align 4\n  store ptr %1, ptr %6, align 8\n  store ptr %2, ptr %7, align 8\n  %12 = load i32, ptr @PAGE_SIZE, align 4\n  %13 = sext i32 %12 to i64\n  %14 = icmp ugt i64 4, %13\n  %15 = zext i1 %14 to i32\n  %16 = call i32 @BUILD_BUG_ON(i32 noundef %15)\n  %17 = load ptr, ptr %7, align 8\n  store i32 0, ptr %17, align 4\n  %18 = load ptr, ptr %6, align 8\n  store i32 0, ptr %18, align 4\n  %19 = load i64, ptr @sclp_early_sccb, align 8\n  %20 = inttoptr i64 %19 to ptr\n  store ptr %20, ptr %10, align 8\n  %21 = load i32, ptr %5, align 4\n  %22 = icmp ne i32 %21, 0\n  br i1 %22, label %23, label %24\n",
        "optimized": "%4 = alloca i32, align 4\n  %5 = alloca ptr, align 8\n  %6 = alloca ptr, align 8\n  %7 = alloca i64, align 8\n  %8 = alloca ptr, align 8\n  %9 = alloca i32, align 4\n  store i32 %0, ptr %4, align 4\n  store ptr %1, ptr %5, align 8\n  store ptr %2, ptr %6, align 8\n  %10 = load i32, ptr @PAGE_SIZE, align 4\n  %11 = icmp ult i32 %10, 4\n  %12 = zext i1 %11 to i32\n  %13 = call i32 @BUILD_BUG_ON(i32 noundef %12) #2\n  store i32 0, ptr %2, align 4\n  %14 = load ptr, ptr %5, align 8\n  store i32 0, ptr %14, align 4\n  %15 = load i64, ptr @sclp_early_sccb, align 8\n  %16 = inttoptr i64 %15 to ptr\n  store ptr %16, ptr %8, align 8\n  %17 = load i32, ptr %4, align 4\n  %.not = icmp eq i32 %17, 0\n  br i1 %.not, label %19, label %18\n"
    },
    {
        "unoptimized": "br label %26\n",
        "optimized": "br label %21\n"
    },
    {
        "unoptimized": "%25 = load i64, ptr @EVTYP_OPCMD_MASK, align 8\n  br label %26\n",
        "optimized": "%20 = load i64, ptr @EVTYP_OPCMD_MASK, align 8\n  br label %21\n"
    },
    {
        "unoptimized": "%27 = phi i64 [ 0, %23 ], [ %25, %24 ]\n  store i64 %27, ptr %8, align 8\n  %28 = load i32, ptr %5, align 4\n  %29 = icmp ne i32 %28, 0\n  br i1 %29, label %30, label %31\n",
        "optimized": "%22 = phi i64 [ 0, %18 ], [ %20, %19 ]\n  store i64 %22, ptr %7, align 8\n  %23 = load i32, ptr %4, align 4\n  %.not1 = icmp eq i32 %23, 0\n  br i1 %.not1, label %25, label %24\n"
    },
    {
        "unoptimized": "br label %35\n",
        "optimized": "br label %29\n"
    },
    {
        "unoptimized": "%32 = load i64, ptr @EVTYP_VT220MSG_MASK, align 8\n  %33 = load i64, ptr @EVTYP_MSG_MASK, align 8\n  %34 = or i64 %32, %33\n  br label %35\n",
        "optimized": "%26 = load i64, ptr @EVTYP_VT220MSG_MASK, align 8\n  %27 = load i64, ptr @EVTYP_MSG_MASK, align 8\n  %28 = or i64 %26, %27\n  br label %29\n"
    },
    {
        "unoptimized": "%36 = phi i64 [ 0, %30 ], [ %34, %31 ]\n  store i64 %36, ptr %9, align 8\n  %37 = load ptr, ptr %10, align 8\n  %38 = load i64, ptr %8, align 8\n  %39 = load i64, ptr %9, align 8\n  %40 = call i32 @sclp_early_set_event_mask(ptr noundef %37, i64 noundef %38, i64 noundef %39)\n  store i32 %40, ptr %11, align 4\n  %41 = load i32, ptr %11, align 4\n  %42 = icmp ne i32 %41, 0\n  br i1 %42, label %43, label %45\n",
        "optimized": "%30 = phi i64 [ 0, %24 ], [ %28, %25 ]\n  %31 = load ptr, ptr %8, align 8\n  %32 = load i64, ptr %7, align 8\n  %33 = call i32 @sclp_early_set_event_mask(ptr noundef %31, i64 noundef %32, i64 noundef %30) #2\n  store i32 %33, ptr %9, align 4\n  %.not2 = icmp eq i32 %33, 0\n  br i1 %.not2, label %36, label %34\n"
    },
    {
        "unoptimized": "%44 = load i32, ptr %11, align 4\n  store i32 %44, ptr %4, align 4\n  br label %59\n",
        "optimized": "%35 = load i32, ptr %9, align 4\n  br label %46\n"
    },
    {
        "unoptimized": "%46 = load ptr, ptr %10, align 8\n  %47 = call i32 @sclp_early_con_check_linemode(ptr noundef %46)\n  %48 = load ptr, ptr %6, align 8\n  store i32 %47, ptr %48, align 4\n  %49 = load ptr, ptr %10, align 8\n  %50 = call i64 @sccb_get_send_mask(ptr noundef %49)\n  %51 = load i64, ptr @EVTYP_VT220MSG_MASK, align 8\n  %52 = and i64 %50, %51\n  %53 = icmp ne i64 %52, 0\n  %54 = xor i1 %53, true\n  %55 = xor i1 %54, true\n  %56 = zext i1 %55 to i32\n  %57 = load ptr, ptr %7, align 8\n  store i32 %56, ptr %57, align 4\n  %58 = load i32, ptr %11, align 4\n  store i32 %58, ptr %4, align 4\n  br label %59\n",
        "optimized": "%37 = load ptr, ptr %8, align 8\n  %38 = call i32 @sclp_early_con_check_linemode(ptr noundef %37) #2\n  %39 = load ptr, ptr %5, align 8\n  store i32 %38, ptr %39, align 4\n  %40 = call i64 @sccb_get_send_mask(ptr noundef %37) #2\n  %41 = load i64, ptr @EVTYP_VT220MSG_MASK, align 8\n  %42 = and i64 %40, %41\n  %.not3 = icmp ne i64 %42, 0\n  %43 = zext i1 %.not3 to i32\n  %44 = load ptr, ptr %6, align 8\n  store i32 %43, ptr %44, align 4\n  %45 = load i32, ptr %9, align 4\n  br label %46\n"
    },
    {
        "unoptimized": "%60 = load i32, ptr %4, align 4\n  ret i32 %60\n}",
        "optimized": "%storemerge = phi i32 [ %45, %36 ], [ %35, %34 ]\n  ret i32 %storemerge\n}"
    }
]