[
    {
        "unoptimized": "%2 = alloca i32, align 4\n  %3 = alloca ptr, align 8\n  %4 = alloca ptr, align 8\n  store ptr %0, ptr %3, align 8\n  %5 = load ptr, ptr %3, align 8\n  %6 = getelementptr inbounds %struct.insn, ptr %5, i32 0, i32 1\n  store ptr %6, ptr %4, align 8\n  %7 = load ptr, ptr %3, align 8\n  %8 = getelementptr inbounds %struct.insn, ptr %7, i32 0, i32 0\n  %9 = load i32, ptr %8, align 8\n  %10 = icmp ne i32 %9, 0\n  br i1 %10, label %12, label %11\n",
        "optimized": "%2 = alloca ptr, align 8\n  %3 = alloca ptr, align 8\n  store ptr %0, ptr %2, align 8\n  %4 = getelementptr inbounds %struct.insn, ptr %0, i64 0, i32 1\n  store ptr %4, ptr %3, align 8\n  %5 = load i32, ptr %0, align 8\n  %.not = icmp eq i32 %5, 0\n  br i1 %.not, label %6, label %7\n"
    },
    {
        "unoptimized": "store i32 0, ptr %2, align 4\n  br label %34\n",
        "optimized": "br label %26\n"
    },
    {
        "unoptimized": "%13 = load ptr, ptr %4, align 8\n  %14 = getelementptr inbounds %struct.insn_field, ptr %13, i32 0, i32 2\n  %15 = load i32, ptr %14, align 8\n  %16 = icmp ne i32 %15, 0\n  br i1 %16, label %20, label %17\n",
        "optimized": "%8 = load ptr, ptr %3, align 8\n  %9 = getelementptr inbounds %struct.insn_field, ptr %8, i64 0, i32 2\n  %10 = load i32, ptr %9, align 8\n  %.not1 = icmp eq i32 %10, 0\n  br i1 %.not1, label %11, label %14\n"
    },
    {
        "unoptimized": "%18 = load ptr, ptr %3, align 8\n  %19 = call i32 @insn_get_modrm(ptr noundef %18)\n  br label %20\n",
        "optimized": "%12 = load ptr, ptr %2, align 8\n  %13 = call i32 @insn_get_modrm(ptr noundef %12) #2\n  br label %14\n"
    },
    {
        "unoptimized": "%21 = load ptr, ptr %4, align 8\n  %22 = getelementptr inbounds %struct.insn_field, ptr %21, i32 0, i32 1\n  %23 = load i64, ptr %22, align 8\n  %24 = icmp ne i64 %23, 0\n  br i1 %24, label %25, label %31\n",
        "optimized": "%15 = load ptr, ptr %3, align 8\n  %16 = getelementptr inbounds %struct.insn_field, ptr %15, i64 0, i32 1\n  %17 = load i64, ptr %16, align 8\n  %.not2 = icmp eq i64 %17, 0\n  br i1 %.not2, label %24, label %18\n"
    },
    {
        "unoptimized": "%26 = load ptr, ptr %4, align 8\n  %27 = getelementptr inbounds %struct.insn_field, ptr %26, i32 0, i32 0\n  %28 = load i32, ptr %27, align 8\n  %29 = and i32 %28, 199\n  %30 = icmp eq i32 %29, 5\n  br label %31\n",
        "optimized": "%19 = load ptr, ptr %3, align 8\n  %20 = load i32, ptr %19, align 8\n  %21 = and i32 %20, 199\n  %22 = icmp eq i32 %21, 5\n  %23 = zext i1 %22 to i32\n  br label %24\n"
    },
    {
        "unoptimized": "%32 = phi i1 [ false, %20 ], [ %30, %25 ]\n  %33 = zext i1 %32 to i32\n  store i32 %33, ptr %2, align 4\n  br label %34\n",
        "optimized": "%25 = phi i32 [ 0, %14 ], [ %23, %18 ]\n  br label %26\n"
    },
    {
        "unoptimized": "%35 = load i32, ptr %2, align 4\n  ret i32 %35\n}",
        "optimized": "%storemerge = phi i32 [ 0, %6 ], [ %25, %24 ]\n  ret i32 %storemerge\n}"
    }
]