[
    {
        "unoptimized": "%4 = alloca ptr, align 8\n  %5 = alloca %struct.TYPE_4__, align 4\n  %6 = alloca ptr, align 8\n  %7 = alloca ptr, align 8\n  store i64 %2, ptr %5, align 4\n  store ptr %0, ptr %6, align 8\n  store ptr %1, ptr %7, align 8\n  %8 = getelementptr inbounds %struct.TYPE_4__, ptr %5, i32 0, i32 1\n  %9 = load i32, ptr %8, align 4\n  %10 = getelementptr inbounds %struct.TYPE_4__, ptr %5, i32 0, i32 0\n  %11 = load i32, ptr %10, align 4\n  %12 = call i32 @H2O_STRLIT(ptr noundef @.str)\n  %13 = call i64 @h2o_memis(i32 noundef %9, i32 noundef %11, i32 noundef %12)\n  %14 = icmp ne i64 %13, 0\n  br i1 %14, label %15, label %19\n",
        "optimized": "%4 = alloca ptr, align 8\n  %5 = alloca %struct.TYPE_4__, align 8\n  %6 = alloca ptr, align 8\n  %7 = alloca ptr, align 8\n  store i64 %2, ptr %5, align 8\n  store ptr %0, ptr %6, align 8\n  store ptr %1, ptr %7, align 8\n  %8 = getelementptr inbounds %struct.TYPE_4__, ptr %5, i64 0, i32 1\n  %9 = load i32, ptr %8, align 4\n  %10 = load i32, ptr %5, align 8\n  %11 = call i32 @H2O_STRLIT(ptr noundef nonnull @.str) #2\n  %12 = call i64 @h2o_memis(i32 noundef %9, i32 noundef %10, i32 noundef %11) #2\n  %.not = icmp eq i64 %12, 0\n  br i1 %.not, label %16, label %13\n"
    },
    {
        "unoptimized": "%16 = load ptr, ptr %7, align 8\n  %17 = getelementptr inbounds i32, ptr %16, i32 1\n  store ptr %17, ptr %7, align 8\n  store i32 130, ptr %16, align 4\n  %18 = load ptr, ptr %7, align 8\n  store ptr %18, ptr %4, align 8\n  br label %36\n",
        "optimized": "%14 = load ptr, ptr %7, align 8\n  %15 = getelementptr inbounds i32, ptr %14, i64 1\n  store ptr %15, ptr %7, align 8\n  store i32 130, ptr %14, align 4\n  store ptr %15, ptr %4, align 8\n  br label %30\n"
    },
    {
        "unoptimized": "%20 = getelementptr inbounds %struct.TYPE_4__, ptr %5, i32 0, i32 1\n  %21 = load i32, ptr %20, align 4\n  %22 = getelementptr inbounds %struct.TYPE_4__, ptr %5, i32 0, i32 0\n  %23 = load i32, ptr %22, align 4\n  %24 = call i32 @H2O_STRLIT(ptr noundef @.str.1)\n  %25 = call i64 @h2o_memis(i32 noundef %21, i32 noundef %23, i32 noundef %24)\n  %26 = icmp ne i64 %25, 0\n  br i1 %26, label %27, label %31\n",
        "optimized": "%17 = getelementptr inbounds %struct.TYPE_4__, ptr %5, i64 0, i32 1\n  %18 = load i32, ptr %17, align 4\n  %19 = load i32, ptr %5, align 8\n  %20 = call i32 @H2O_STRLIT(ptr noundef nonnull @.str.1) #2\n  %21 = call i64 @h2o_memis(i32 noundef %18, i32 noundef %19, i32 noundef %20) #2\n  %.not1 = icmp eq i64 %21, 0\n  br i1 %.not1, label %25, label %22\n"
    },
    {
        "unoptimized": "%28 = load ptr, ptr %7, align 8\n  %29 = getelementptr inbounds i32, ptr %28, i32 1\n  store ptr %29, ptr %7, align 8\n  store i32 131, ptr %28, align 4\n  %30 = load ptr, ptr %7, align 8\n  store ptr %30, ptr %4, align 8\n  br label %36\n",
        "optimized": "%23 = load ptr, ptr %7, align 8\n  %24 = getelementptr inbounds i32, ptr %23, i64 1\n  store ptr %24, ptr %7, align 8\n  store i32 131, ptr %23, align 4\n  store ptr %24, ptr %4, align 8\n  br label %30\n"
    },
    {
        "unoptimized": "%32 = load ptr, ptr %6, align 8\n  %33 = load ptr, ptr %7, align 8\n  %34 = load i32, ptr @H2O_TOKEN_METHOD, align 4\n  %35 = call ptr @encode_header_token(ptr noundef %32, ptr noundef %33, i32 noundef %34, ptr noundef %5)\n  store ptr %35, ptr %4, align 8\n  br label %36\n",
        "optimized": "%26 = load ptr, ptr %6, align 8\n  %27 = load ptr, ptr %7, align 8\n  %28 = load i32, ptr @H2O_TOKEN_METHOD, align 4\n  %29 = call ptr @encode_header_token(ptr noundef %26, ptr noundef %27, i32 noundef %28, ptr noundef nonnull %5) #2\n  store ptr %29, ptr %4, align 8\n  br label %30\n"
    },
    {
        "unoptimized": "%37 = load ptr, ptr %4, align 8\n  ret ptr %37\n}",
        "optimized": "%31 = load ptr, ptr %4, align 8\n  ret ptr %31\n}"
    }
]