[
    {
        "unoptimized": "%2 = alloca ptr, align 8\n  store ptr %0, ptr %2, align 8\n  %3 = load ptr, ptr %2, align 8\n  %4 = getelementptr inbounds %struct.TYPE_3__, ptr %3, i32 0, i32 0\n  %5 = load i32, ptr %4, align 8\n  %6 = icmp ne i32 %5, -1\n  %7 = zext i1 %6 to i32\n  %8 = call i32 @assert(i32 noundef %7)\n  %9 = load ptr, ptr %2, align 8\n  %10 = getelementptr inbounds %struct.TYPE_3__, ptr %9, i32 0, i32 2\n  %11 = load ptr, ptr %10, align 8\n  %12 = icmp ne ptr %11, null\n  br i1 %12, label %13, label %20\n",
        "optimized": "%2 = alloca ptr, align 8\n  store ptr %0, ptr %2, align 8\n  %3 = load i32, ptr %0, align 8\n  %4 = icmp ne i32 %3, -1\n  %5 = zext i1 %4 to i32\n  %6 = call i32 @assert(i32 noundef %5) #2\n  %7 = getelementptr inbounds %struct.TYPE_3__, ptr %0, i64 0, i32 2\n  %8 = load ptr, ptr %7, align 8\n  %.not = icmp eq ptr %8, null\n  br i1 %.not, label %15, label %9\n"
    },
    {
        "unoptimized": "%14 = load ptr, ptr %2, align 8\n  %15 = getelementptr inbounds %struct.TYPE_3__, ptr %14, i32 0, i32 2\n  %16 = load ptr, ptr %15, align 8\n  %17 = call i32 @destroy_ssl(ptr noundef %16)\n  %18 = load ptr, ptr %2, align 8\n  %19 = getelementptr inbounds %struct.TYPE_3__, ptr %18, i32 0, i32 2\n  store ptr null, ptr %19, align 8\n  br label %20\n",
        "optimized": "%10 = load ptr, ptr %2, align 8\n  %11 = getelementptr inbounds %struct.TYPE_3__, ptr %10, i64 0, i32 2\n  %12 = load ptr, ptr %11, align 8\n  %13 = call i32 @destroy_ssl(ptr noundef %12) #2\n  %14 = getelementptr inbounds %struct.TYPE_3__, ptr %10, i64 0, i32 2\n  store ptr null, ptr %14, align 8\n  br label %15\n"
    },
    {
        "unoptimized": "%21 = load ptr, ptr %2, align 8\n  %22 = getelementptr inbounds %struct.TYPE_3__, ptr %21, i32 0, i32 1\n  %23 = call i32 @h2o_buffer_dispose(ptr noundef %22)\n  %24 = load ptr, ptr %2, align 8\n  %25 = getelementptr inbounds %struct.TYPE_3__, ptr %24, i32 0, i32 0\n  %26 = load i32, ptr %25, align 8\n  %27 = call i32 @close(i32 noundef %26)\n  %28 = load ptr, ptr %2, align 8\n  %29 = getelementptr inbounds %struct.TYPE_3__, ptr %28, i32 0, i32 0\n  store i32 -1, ptr %29, align 8\n  ret void\n}",
        "optimized": "%16 = load ptr, ptr %2, align 8\n  %17 = getelementptr inbounds %struct.TYPE_3__, ptr %16, i64 0, i32 1\n  %18 = call i32 @h2o_buffer_dispose(ptr noundef nonnull %17) #2\n  %19 = load i32, ptr %16, align 8\n  %20 = call i32 @close(i32 noundef %19) #2\n  store i32 -1, ptr %16, align 8\n  ret void\n}"
    }
]