[
    {
        "unoptimized": "%7 = alloca i32, align 4\n  %8 = alloca ptr, align 8\n  %9 = alloca i32, align 4\n  %10 = alloca ptr, align 8\n  %11 = alloca ptr, align 8\n  %12 = alloca i32, align 4\n  %13 = alloca i32, align 4\n  %14 = alloca ptr, align 8\n  %15 = alloca i32, align 4\n  store ptr %0, ptr %8, align 8\n  store i32 %1, ptr %9, align 4\n  store ptr %2, ptr %10, align 8\n  store ptr %3, ptr %11, align 8\n  store i32 %4, ptr %12, align 4\n  store i32 %5, ptr %13, align 4\n  %16 = load ptr, ptr %8, align 8\n  %17 = load ptr, ptr %11, align 8\n  %18 = load ptr, ptr %11, align 8\n  %19 = call i32 @strlen(ptr noundef %18)\n  %20 = load i32, ptr %13, align 4\n  %21 = call ptr @create_generator(ptr noundef %16, ptr noundef %17, i32 noundef %19, ptr noundef %15, i32 noundef %20)\n  store ptr %21, ptr %14, align 8\n  %22 = icmp eq ptr %21, null\n  br i1 %22, label %23, label %24\n",
        "optimized": "%7 = alloca ptr, align 8\n  %8 = alloca i32, align 4\n  %9 = alloca ptr, align 8\n  %10 = alloca i32, align 4\n  %11 = alloca ptr, align 8\n  %12 = alloca i32, align 4\n  store ptr %0, ptr %7, align 8\n  store i32 %1, ptr %8, align 4\n  store ptr %2, ptr %9, align 8\n  store i32 %4, ptr %10, align 4\n  %13 = call i32 @strlen(ptr noundef %3) #2\n  %14 = call ptr @create_generator(ptr noundef %0, ptr noundef %3, i32 noundef %13, ptr noundef nonnull %12, i32 noundef %5) #2\n  store ptr %14, ptr %11, align 8\n  %15 = icmp eq ptr %14, null\n  br i1 %15, label %16, label %17\n"
    },
    {
        "unoptimized": "store i32 -1, ptr %7, align 4\n  br label %31\n",
        "optimized": "br label %24\n"
    },
    {
        "unoptimized": "%25 = load ptr, ptr %14, align 8\n  %26 = load ptr, ptr %8, align 8\n  %27 = load i32, ptr %9, align 4\n  %28 = load ptr, ptr %10, align 8\n  %29 = load i32, ptr %12, align 4\n  %30 = call i32 @do_send_file(ptr noundef %25, ptr noundef %26, i32 noundef %27, ptr noundef %28, i32 noundef %29, ptr noundef null, i32 noundef 1)\n  store i32 0, ptr %7, align 4\n  br label %31\n",
        "optimized": "%18 = load ptr, ptr %11, align 8\n  %19 = load ptr, ptr %7, align 8\n  %20 = load i32, ptr %8, align 4\n  %21 = load ptr, ptr %9, align 8\n  %22 = load i32, ptr %10, align 4\n  %23 = call i32 @do_send_file(ptr noundef %18, ptr noundef %19, i32 noundef %20, ptr noundef %21, i32 noundef %22, ptr noundef null, i32 noundef 1) #2\n  br label %24\n"
    },
    {
        "unoptimized": "%32 = load i32, ptr %7, align 4\n  ret i32 %32\n}",
        "optimized": "%storemerge = phi i32 [ 0, %17 ], [ -1, %16 ]\n  ret i32 %storemerge\n}"
    }
]