[
    {
        "unoptimized": "%5 = alloca ptr, align 8\n  %6 = alloca ptr, align 8\n  %7 = alloca i32, align 4\n  %8 = alloca ptr, align 8\n  %9 = alloca i64, align 8\n  %10 = alloca i32, align 4\n  store ptr %0, ptr %5, align 8\n  store ptr %1, ptr %6, align 8\n  store i32 %2, ptr %7, align 4\n  store ptr %3, ptr %8, align 8\n  %11 = load ptr, ptr %5, align 8\n  %12 = getelementptr inbounds %struct.ptr_ring, ptr %11, i32 0, i32 3\n  %13 = load i64, ptr %9, align 8\n  %14 = call i32 @spin_lock_irqsave(ptr noundef %12, i64 noundef %13)\n  %15 = load ptr, ptr %5, align 8\n  %16 = getelementptr inbounds %struct.ptr_ring, ptr %15, i32 0, i32 4\n  %17 = call i32 @spin_lock(ptr noundef %16)\n  %18 = load ptr, ptr %5, align 8\n  %19 = getelementptr inbounds %struct.ptr_ring, ptr %18, i32 0, i32 0\n  %20 = load i32, ptr %19, align 8\n  %21 = icmp ne i32 %20, 0\n  br i1 %21, label %23, label %22\n",
        "optimized": "%5 = alloca ptr, align 8\n  %6 = alloca ptr, align 8\n  %7 = alloca i32, align 4\n  %8 = alloca ptr, align 8\n  %9 = alloca i64, align 8\n  %10 = alloca i32, align 4\n  store ptr %0, ptr %5, align 8\n  store ptr %1, ptr %6, align 8\n  store i32 %2, ptr %7, align 4\n  store ptr %3, ptr %8, align 8\n  %11 = getelementptr inbounds %struct.ptr_ring, ptr %0, i64 0, i32 3\n  %12 = load i64, ptr %9, align 8\n  %13 = call i32 @spin_lock_irqsave(ptr noundef nonnull %11, i64 noundef %12) #2\n  %14 = load ptr, ptr %5, align 8\n  %15 = getelementptr inbounds %struct.ptr_ring, ptr %14, i64 0, i32 4\n  %16 = call i32 @spin_lock(ptr noundef nonnull %15) #2\n  %17 = load i32, ptr %14, align 8\n  %.not = icmp eq i32 %17, 0\n  br i1 %.not, label %18, label %19\n"
    },
    {
        "unoptimized": "br label %98\n",
        "optimized": "br label %86\n"
    },
    {
        "unoptimized": "%24 = load ptr, ptr %5, align 8\n  %25 = getelementptr inbounds %struct.ptr_ring, ptr %24, i32 0, i32 1\n  %26 = load i32, ptr %25, align 4\n  %27 = sub nsw i32 %26, 1\n  store i32 %27, ptr %10, align 4\n  br label %28\n",
        "optimized": "%20 = load ptr, ptr %5, align 8\n  %21 = getelementptr inbounds %struct.ptr_ring, ptr %20, i64 0, i32 1\n  %22 = load i32, ptr %21, align 4\n  %23 = add nsw i32 %22, -1\n  store i32 %23, ptr %10, align 4\n  br label %24\n"
    },
    {
        "unoptimized": "%29 = load i32, ptr %10, align 4\n  %30 = load ptr, ptr %5, align 8\n  %31 = getelementptr inbounds %struct.ptr_ring, ptr %30, i32 0, i32 2\n  %32 = load i32, ptr %31, align 8\n  %33 = icmp sge i32 %29, %32\n  %34 = zext i1 %33 to i32\n  %35 = call i64 @likely(i32 noundef %34)\n  %36 = icmp ne i64 %35, 0\n  br i1 %36, label %37, label %45\n",
        "optimized": "%25 = load i32, ptr %10, align 4\n  %26 = load ptr, ptr %5, align 8\n  %27 = getelementptr inbounds %struct.ptr_ring, ptr %26, i64 0, i32 2\n  %28 = load i32, ptr %27, align 8\n  %29 = icmp sge i32 %25, %28\n  %30 = zext i1 %29 to i32\n  %31 = call i64 @likely(i32 noundef %30) #2\n  %.not2 = icmp eq i64 %31, 0\n  br i1 %.not2, label %40, label %32\n"
    },
    {
        "unoptimized": "%38 = load ptr, ptr %5, align 8\n  %39 = getelementptr inbounds %struct.ptr_ring, ptr %38, i32 0, i32 5\n  %40 = load ptr, ptr %39, align 8\n  %41 = load i32, ptr %10, align 4\n  %42 = add nsw i32 %41, -1\n  store i32 %42, ptr %10, align 4\n  %43 = sext i32 %41 to i64\n  %44 = getelementptr inbounds ptr, ptr %40, i64 %43\n  store ptr null, ptr %44, align 8\n  br label %28, !llvm.loop !6\n",
        "optimized": "%33 = load ptr, ptr %5, align 8\n  %34 = getelementptr inbounds %struct.ptr_ring, ptr %33, i64 0, i32 5\n  %35 = load ptr, ptr %34, align 8\n  %36 = load i32, ptr %10, align 4\n  %37 = add nsw i32 %36, -1\n  store i32 %37, ptr %10, align 4\n  %38 = sext i32 %36 to i64\n  %39 = getelementptr inbounds ptr, ptr %35, i64 %38\n  store ptr null, ptr %39, align 8\n  br label %24, !llvm.loop !6\n"
    },
    {
        "unoptimized": "%46 = load ptr, ptr %5, align 8\n  %47 = getelementptr inbounds %struct.ptr_ring, ptr %46, i32 0, i32 1\n  %48 = load i32, ptr %47, align 4\n  %49 = load ptr, ptr %5, align 8\n  %50 = getelementptr inbounds %struct.ptr_ring, ptr %49, i32 0, i32 2\n  store i32 %48, ptr %50, align 8\n  br label %51\n",
        "optimized": "%41 = load ptr, ptr %5, align 8\n  %42 = getelementptr inbounds %struct.ptr_ring, ptr %41, i64 0, i32 1\n  %43 = load i32, ptr %42, align 4\n  %44 = getelementptr inbounds %struct.ptr_ring, ptr %41, i64 0, i32 2\n  store i32 %43, ptr %44, align 8\n  br label %45\n"
    },
    {
        "unoptimized": "%52 = load i32, ptr %7, align 4\n  %53 = icmp ne i32 %52, 0\n  br i1 %53, label %54, label %97\n",
        "optimized": "%46 = load i32, ptr %7, align 4\n  %.not3 = icmp eq i32 %46, 0\n  br i1 %.not3, label %85, label %47\n"
    },
    {
        "unoptimized": "%55 = load ptr, ptr %5, align 8\n  %56 = getelementptr inbounds %struct.ptr_ring, ptr %55, i32 0, i32 1\n  %57 = load i32, ptr %56, align 4\n  %58 = sub nsw i32 %57, 1\n  store i32 %58, ptr %10, align 4\n  %59 = load i32, ptr %10, align 4\n  %60 = icmp slt i32 %59, 0\n  br i1 %60, label %61, label %66\n",
        "optimized": "%48 = load ptr, ptr %5, align 8\n  %49 = getelementptr inbounds %struct.ptr_ring, ptr %48, i64 0, i32 1\n  %50 = load i32, ptr %49, align 4\n  %51 = add nsw i32 %50, -1\n  store i32 %51, ptr %10, align 4\n  %52 = icmp slt i32 %50, 1\n  br i1 %52, label %53, label %57\n"
    },
    {
        "unoptimized": "%62 = load ptr, ptr %5, align 8\n  %63 = getelementptr inbounds %struct.ptr_ring, ptr %62, i32 0, i32 0\n  %64 = load i32, ptr %63, align 8\n  %65 = sub nsw i32 %64, 1\n  store i32 %65, ptr %10, align 4\n  br label %66\n",
        "optimized": "%54 = load ptr, ptr %5, align 8\n  %55 = load i32, ptr %54, align 8\n  %56 = add nsw i32 %55, -1\n  store i32 %56, ptr %10, align 4\n  br label %57\n"
    },
    {
        "unoptimized": "%67 = load ptr, ptr %5, align 8\n  %68 = getelementptr inbounds %struct.ptr_ring, ptr %67, i32 0, i32 5\n  %69 = load ptr, ptr %68, align 8\n  %70 = load i32, ptr %10, align 4\n  %71 = sext i32 %70 to i64\n  %72 = getelementptr inbounds ptr, ptr %69, i64 %71\n  %73 = load ptr, ptr %72, align 8\n  %74 = icmp ne ptr %73, null\n  br i1 %74, label %75, label %76\n",
        "optimized": "%58 = load ptr, ptr %5, align 8\n  %59 = getelementptr inbounds %struct.ptr_ring, ptr %58, i64 0, i32 5\n  %60 = load ptr, ptr %59, align 8\n  %61 = load i32, ptr %10, align 4\n  %62 = sext i32 %61 to i64\n  %63 = getelementptr inbounds ptr, ptr %60, i64 %62\n  %64 = load ptr, ptr %63, align 8\n  %.not4 = icmp eq ptr %64, null\n  br i1 %.not4, label %66, label %65\n"
    },
    {
        "unoptimized": "br label %98\n",
        "optimized": "br label %86\n"
    },
    {
        "unoptimized": "%77 = load ptr, ptr %6, align 8\n  %78 = load i32, ptr %7, align 4\n  %79 = add nsw i32 %78, -1\n  store i32 %79, ptr %7, align 4\n  %80 = sext i32 %79 to i64\n  %81 = getelementptr inbounds ptr, ptr %77, i64 %80\n  %82 = load ptr, ptr %81, align 8\n  %83 = load ptr, ptr %5, align 8\n  %84 = getelementptr inbounds %struct.ptr_ring, ptr %83, i32 0, i32 5\n  %85 = load ptr, ptr %84, align 8\n  %86 = load i32, ptr %10, align 4\n  %87 = sext i32 %86 to i64\n  %88 = getelementptr inbounds ptr, ptr %85, i64 %87\n  store ptr %82, ptr %88, align 8\n  %89 = load i32, ptr %10, align 4\n  %90 = load ptr, ptr %5, align 8\n  %91 = getelementptr inbounds %struct.ptr_ring, ptr %90, i32 0, i32 2\n  store i32 %89, ptr %91, align 8\n  %92 = load ptr, ptr %5, align 8\n  %93 = getelementptr inbounds %struct.ptr_ring, ptr %92, i32 0, i32 1\n  %94 = load i32, ptr %93, align 4\n  %95 = load i32, ptr %10, align 4\n  %96 = call i32 @WRITE_ONCE(i32 noundef %94, i32 noundef %95)\n  br label %51, !llvm.loop !8\n",
        "optimized": "%67 = load ptr, ptr %6, align 8\n  %68 = load i32, ptr %7, align 4\n  %69 = add nsw i32 %68, -1\n  store i32 %69, ptr %7, align 4\n  %70 = sext i32 %69 to i64\n  %71 = getelementptr inbounds ptr, ptr %67, i64 %70\n  %72 = load ptr, ptr %71, align 8\n  %73 = load ptr, ptr %5, align 8\n  %74 = getelementptr inbounds %struct.ptr_ring, ptr %73, i64 0, i32 5\n  %75 = load ptr, ptr %74, align 8\n  %76 = load i32, ptr %10, align 4\n  %77 = sext i32 %76 to i64\n  %78 = getelementptr inbounds ptr, ptr %75, i64 %77\n  store ptr %72, ptr %78, align 8\n  %79 = load ptr, ptr %5, align 8\n  %80 = getelementptr inbounds %struct.ptr_ring, ptr %79, i64 0, i32 2\n  store i32 %76, ptr %80, align 8\n  %81 = getelementptr inbounds %struct.ptr_ring, ptr %79, i64 0, i32 1\n  %82 = load i32, ptr %81, align 4\n  %83 = load i32, ptr %10, align 4\n  %84 = call i32 @WRITE_ONCE(i32 noundef %82, i32 noundef %83) #2\n  br label %45, !llvm.loop !8\n"
    },
    {
        "unoptimized": "br label %98\n",
        "optimized": "br label %86\n"
    },
    {
        "unoptimized": "br label %99\n",
        "optimized": "br label %87\n"
    },
    {
        "unoptimized": "%100 = load i32, ptr %7, align 4\n  %101 = icmp ne i32 %100, 0\n  br i1 %101, label %102, label %110\n",
        "optimized": "%88 = load i32, ptr %7, align 4\n  %.not1 = icmp eq i32 %88, 0\n  br i1 %.not1, label %97, label %89\n"
    },
    {
        "unoptimized": "%103 = load ptr, ptr %8, align 8\n  %104 = load ptr, ptr %6, align 8\n  %105 = load i32, ptr %7, align 4\n  %106 = add nsw i32 %105, -1\n  store i32 %106, ptr %7, align 4\n  %107 = sext i32 %106 to i64\n  %108 = getelementptr inbounds ptr, ptr %104, i64 %107\n  %109 = load ptr, ptr %108, align 8\n  call void %103(ptr noundef %109)\n  br label %99, !llvm.loop !9\n",
        "optimized": "%90 = load ptr, ptr %8, align 8\n  %91 = load ptr, ptr %6, align 8\n  %92 = load i32, ptr %7, align 4\n  %93 = add nsw i32 %92, -1\n  store i32 %93, ptr %7, align 4\n  %94 = sext i32 %93 to i64\n  %95 = getelementptr inbounds ptr, ptr %91, i64 %94\n  %96 = load ptr, ptr %95, align 8\n  call void %90(ptr noundef %96) #2\n  br label %87, !llvm.loop !9\n"
    },
    {
        "unoptimized": "%111 = load ptr, ptr %5, align 8\n  %112 = getelementptr inbounds %struct.ptr_ring, ptr %111, i32 0, i32 4\n  %113 = call i32 @spin_unlock(ptr noundef %112)\n  %114 = load ptr, ptr %5, align 8\n  %115 = getelementptr inbounds %struct.ptr_ring, ptr %114, i32 0, i32 3\n  %116 = load i64, ptr %9, align 8\n  %117 = call i32 @spin_unlock_irqrestore(ptr noundef %115, i64 noundef %116)\n  ret void\n}",
        "optimized": "%98 = load ptr, ptr %5, align 8\n  %99 = getelementptr inbounds %struct.ptr_ring, ptr %98, i64 0, i32 4\n  %100 = call i32 @spin_unlock(ptr noundef nonnull %99) #2\n  %101 = getelementptr inbounds %struct.ptr_ring, ptr %98, i64 0, i32 3\n  %102 = load i64, ptr %9, align 8\n  %103 = call i32 @spin_unlock_irqrestore(ptr noundef nonnull %101, i64 noundef %102) #2\n  ret void\n}"
    }
]