[
    {
        "unoptimized": "%5 = alloca i32, align 4\n  %6 = alloca ptr, align 8\n  %7 = alloca ptr, align 8\n  %8 = alloca ptr, align 8\n  %9 = alloca i32, align 4\n  %10 = alloca ptr, align 8\n  %11 = alloca i32, align 4\n  store ptr %0, ptr %6, align 8\n  store ptr %1, ptr %7, align 8\n  store ptr %2, ptr %8, align 8\n  store i32 %3, ptr %9, align 4\n  %12 = load ptr, ptr %6, align 8\n  %13 = getelementptr inbounds %struct.TYPE_5__, ptr %12, i32 0, i32 0\n  store ptr %13, ptr %10, align 8\n  %14 = load ptr, ptr %10, align 8\n  %15 = getelementptr inbounds %struct.TYPE_4__, ptr %14, i32 0, i32 2\n  %16 = load ptr, ptr %15, align 8\n  %17 = load ptr, ptr %8, align 8\n  %18 = icmp eq ptr %16, %17\n  br i1 %18, label %19, label %58\n",
        "optimized": "%5 = alloca i32, align 4\n  %6 = alloca ptr, align 8\n  %7 = alloca ptr, align 8\n  %8 = alloca i32, align 4\n  %9 = alloca ptr, align 8\n  %10 = alloca i32, align 4\n  store ptr %1, ptr %6, align 8\n  store ptr %2, ptr %7, align 8\n  store i32 %3, ptr %8, align 4\n  store ptr %0, ptr %9, align 8\n  %11 = getelementptr inbounds %struct.TYPE_4__, ptr %0, i64 0, i32 2\n  %12 = load ptr, ptr %11, align 8\n  %13 = icmp eq ptr %12, %2\n  br i1 %13, label %14, label %46\n"
    },
    {
        "unoptimized": "%20 = load ptr, ptr %7, align 8\n  %21 = load ptr, ptr %8, align 8\n  %22 = load i32, ptr %9, align 4\n  %23 = load i32, ptr @endOnOutputSize, align 4\n  %24 = load i32, ptr @full, align 4\n  %25 = load i32, ptr @usingExtDict, align 4\n  %26 = load ptr, ptr %10, align 8\n  %27 = getelementptr inbounds %struct.TYPE_4__, ptr %26, i32 0, i32 2\n  %28 = load ptr, ptr %27, align 8\n  %29 = load ptr, ptr %10, align 8\n  %30 = getelementptr inbounds %struct.TYPE_4__, ptr %29, i32 0, i32 0\n  %31 = load i32, ptr %30, align 8\n  %32 = sext i32 %31 to i64\n  %33 = sub i64 0, %32\n  %34 = getelementptr inbounds i32, ptr %28, i64 %33\n  %35 = load ptr, ptr %10, align 8\n  %36 = getelementptr inbounds %struct.TYPE_4__, ptr %35, i32 0, i32 3\n  %37 = load ptr, ptr %36, align 8\n  %38 = load ptr, ptr %10, align 8\n  %39 = getelementptr inbounds %struct.TYPE_4__, ptr %38, i32 0, i32 1\n  %40 = load i32, ptr %39, align 4\n  %41 = call i32 @LZ4_decompress_generic(ptr noundef %20, ptr noundef %21, i32 noundef 0, i32 noundef %22, i32 noundef %23, i32 noundef %24, i32 noundef 0, i32 noundef %25, ptr noundef %34, ptr noundef %37, i32 noundef %40)\n  store i32 %41, ptr %11, align 4\n  %42 = load i32, ptr %11, align 4\n  %43 = icmp sle i32 %42, 0\n  br i1 %43, label %44, label %46\n",
        "optimized": "%15 = load ptr, ptr %6, align 8\n  %16 = load ptr, ptr %7, align 8\n  %17 = load i32, ptr %8, align 4\n  %18 = load i32, ptr @endOnOutputSize, align 4\n  %19 = load i32, ptr @full, align 4\n  %20 = load i32, ptr @usingExtDict, align 4\n  %21 = load ptr, ptr %9, align 8\n  %22 = getelementptr inbounds %struct.TYPE_4__, ptr %21, i64 0, i32 2\n  %23 = load ptr, ptr %22, align 8\n  %24 = load i32, ptr %21, align 8\n  %25 = sext i32 %24 to i64\n  %26 = sub nsw i64 0, %25\n  %27 = getelementptr inbounds i32, ptr %23, i64 %26\n  %28 = load ptr, ptr %9, align 8\n  %29 = getelementptr inbounds %struct.TYPE_4__, ptr %28, i64 0, i32 3\n  %30 = load ptr, ptr %29, align 8\n  %31 = getelementptr inbounds %struct.TYPE_4__, ptr %28, i64 0, i32 1\n  %32 = load i32, ptr %31, align 4\n  %33 = call i32 @LZ4_decompress_generic(ptr noundef %15, ptr noundef %16, i32 noundef 0, i32 noundef %17, i32 noundef %18, i32 noundef %19, i32 noundef 0, i32 noundef %20, ptr noundef %27, ptr noundef %30, i32 noundef %32) #2\n  store i32 %33, ptr %10, align 4\n  %34 = icmp slt i32 %33, 1\n  br i1 %34, label %35, label %37\n"
    },
    {
        "unoptimized": "%45 = load i32, ptr %11, align 4\n  store i32 %45, ptr %5, align 4\n  br label %105\n",
        "optimized": "%36 = load i32, ptr %10, align 4\n  store i32 %36, ptr %5, align 4\n  br label %81\n"
    },
    {
        "unoptimized": "%47 = load i32, ptr %9, align 4\n  %48 = load ptr, ptr %10, align 8\n  %49 = getelementptr inbounds %struct.TYPE_4__, ptr %48, i32 0, i32 0\n  %50 = load i32, ptr %49, align 8\n  %51 = add nsw i32 %50, %47\n  store i32 %51, ptr %49, align 8\n  %52 = load i32, ptr %9, align 4\n  %53 = load ptr, ptr %10, align 8\n  %54 = getelementptr inbounds %struct.TYPE_4__, ptr %53, i32 0, i32 2\n  %55 = load ptr, ptr %54, align 8\n  %56 = sext i32 %52 to i64\n  %57 = getelementptr inbounds i32, ptr %55, i64 %56\n  store ptr %57, ptr %54, align 8\n  br label %103\n",
        "optimized": "%38 = load i32, ptr %8, align 4\n  %39 = load ptr, ptr %9, align 8\n  %40 = load i32, ptr %39, align 8\n  %41 = add nsw i32 %40, %38\n  store i32 %41, ptr %39, align 8\n  %42 = getelementptr inbounds %struct.TYPE_4__, ptr %39, i64 0, i32 2\n  %43 = load ptr, ptr %42, align 8\n  %44 = sext i32 %38 to i64\n  %45 = getelementptr inbounds i32, ptr %43, i64 %44\n  store ptr %45, ptr %42, align 8\n  br label %79\n"
    },
    {
        "unoptimized": "%59 = load ptr, ptr %10, align 8\n  %60 = getelementptr inbounds %struct.TYPE_4__, ptr %59, i32 0, i32 0\n  %61 = load i32, ptr %60, align 8\n  %62 = load ptr, ptr %10, align 8\n  %63 = getelementptr inbounds %struct.TYPE_4__, ptr %62, i32 0, i32 1\n  store i32 %61, ptr %63, align 4\n  %64 = load ptr, ptr %10, align 8\n  %65 = getelementptr inbounds %struct.TYPE_4__, ptr %64, i32 0, i32 2\n  %66 = load ptr, ptr %65, align 8\n  %67 = load ptr, ptr %10, align 8\n  %68 = getelementptr inbounds %struct.TYPE_4__, ptr %67, i32 0, i32 1\n  %69 = load i32, ptr %68, align 4\n  %70 = sext i32 %69 to i64\n  %71 = sub i64 0, %70\n  %72 = getelementptr inbounds i32, ptr %66, i64 %71\n  %73 = load ptr, ptr %10, align 8\n  %74 = getelementptr inbounds %struct.TYPE_4__, ptr %73, i32 0, i32 3\n  store ptr %72, ptr %74, align 8\n  %75 = load ptr, ptr %7, align 8\n  %76 = load ptr, ptr %8, align 8\n  %77 = load i32, ptr %9, align 4\n  %78 = load i32, ptr @endOnOutputSize, align 4\n  %79 = load i32, ptr @full, align 4\n  %80 = load i32, ptr @usingExtDict, align 4\n  %81 = load ptr, ptr %8, align 8\n  %82 = load ptr, ptr %10, align 8\n  %83 = getelementptr inbounds %struct.TYPE_4__, ptr %82, i32 0, i32 3\n  %84 = load ptr, ptr %83, align 8\n  %85 = load ptr, ptr %10, align 8\n  %86 = getelementptr inbounds %struct.TYPE_4__, ptr %85, i32 0, i32 1\n  %87 = load i32, ptr %86, align 4\n  %88 = call i32 @LZ4_decompress_generic(ptr noundef %75, ptr noundef %76, i32 noundef 0, i32 noundef %77, i32 noundef %78, i32 noundef %79, i32 noundef 0, i32 noundef %80, ptr noundef %81, ptr noundef %84, i32 noundef %87)\n  store i32 %88, ptr %11, align 4\n  %89 = load i32, ptr %11, align 4\n  %90 = icmp sle i32 %89, 0\n  br i1 %90, label %91, label %93\n",
        "optimized": "%47 = load ptr, ptr %9, align 8\n  %48 = load i32, ptr %47, align 8\n  %49 = getelementptr inbounds %struct.TYPE_4__, ptr %47, i64 0, i32 1\n  store i32 %48, ptr %49, align 4\n  %50 = getelementptr inbounds %struct.TYPE_4__, ptr %47, i64 0, i32 2\n  %51 = load ptr, ptr %50, align 8\n  %52 = sext i32 %48 to i64\n  %53 = sub nsw i64 0, %52\n  %54 = getelementptr inbounds i32, ptr %51, i64 %53\n  %55 = load ptr, ptr %9, align 8\n  %56 = getelementptr inbounds %struct.TYPE_4__, ptr %55, i64 0, i32 3\n  store ptr %54, ptr %56, align 8\n  %57 = load ptr, ptr %6, align 8\n  %58 = load ptr, ptr %7, align 8\n  %59 = load i32, ptr %8, align 4\n  %60 = load i32, ptr @endOnOutputSize, align 4\n  %61 = load i32, ptr @full, align 4\n  %62 = load i32, ptr @usingExtDict, align 4\n  %63 = load ptr, ptr %9, align 8\n  %64 = getelementptr inbounds %struct.TYPE_4__, ptr %63, i64 0, i32 3\n  %65 = load ptr, ptr %64, align 8\n  %66 = getelementptr inbounds %struct.TYPE_4__, ptr %63, i64 0, i32 1\n  %67 = load i32, ptr %66, align 4\n  %68 = call i32 @LZ4_decompress_generic(ptr noundef %57, ptr noundef %58, i32 noundef 0, i32 noundef %59, i32 noundef %60, i32 noundef %61, i32 noundef 0, i32 noundef %62, ptr noundef %58, ptr noundef %65, i32 noundef %67) #2\n  store i32 %68, ptr %10, align 4\n  %69 = icmp slt i32 %68, 1\n  br i1 %69, label %70, label %72\n"
    },
    {
        "unoptimized": "%92 = load i32, ptr %11, align 4\n  store i32 %92, ptr %5, align 4\n  br label %105\n",
        "optimized": "%71 = load i32, ptr %10, align 4\n  store i32 %71, ptr %5, align 4\n  br label %81\n"
    },
    {
        "unoptimized": "%94 = load i32, ptr %9, align 4\n  %95 = load ptr, ptr %10, align 8\n  %96 = getelementptr inbounds %struct.TYPE_4__, ptr %95, i32 0, i32 0\n  store i32 %94, ptr %96, align 8\n  %97 = load ptr, ptr %8, align 8\n  %98 = load i32, ptr %9, align 4\n  %99 = sext i32 %98 to i64\n  %100 = getelementptr inbounds i32, ptr %97, i64 %99\n  %101 = load ptr, ptr %10, align 8\n  %102 = getelementptr inbounds %struct.TYPE_4__, ptr %101, i32 0, i32 2\n  store ptr %100, ptr %102, align 8\n  br label %103\n",
        "optimized": "%73 = load i32, ptr %8, align 4\n  %74 = load ptr, ptr %9, align 8\n  store i32 %73, ptr %74, align 8\n  %75 = load ptr, ptr %7, align 8\n  %76 = sext i32 %73 to i64\n  %77 = getelementptr inbounds i32, ptr %75, i64 %76\n  %78 = getelementptr inbounds %struct.TYPE_4__, ptr %74, i64 0, i32 2\n  store ptr %77, ptr %78, align 8\n  br label %79\n"
    },
    {
        "unoptimized": "%104 = load i32, ptr %11, align 4\n  store i32 %104, ptr %5, align 4\n  br label %105\n",
        "optimized": "%80 = load i32, ptr %10, align 4\n  store i32 %80, ptr %5, align 4\n  br label %81\n"
    },
    {
        "unoptimized": "%106 = load i32, ptr %5, align 4\n  ret i32 %106\n}",
        "optimized": "%82 = load i32, ptr %5, align 4\n  ret i32 %82\n}"
    }
]