[
    {
        "unoptimized": "%1 = alloca i32, align 4\n  %2 = call i32 @arch_spin_lock(ptr noundef @lockdep_lock)\n  %3 = load i32, ptr @debug_locks, align 4\n  %4 = icmp ne i32 %3, 0\n  br i1 %4, label %7, label %5\n",
        "optimized": "%1 = call i32 @arch_spin_lock(ptr noundef nonnull @lockdep_lock) #2\n  %2 = load i32, ptr @debug_locks, align 4\n  %.not = icmp eq i32 %2, 0\n  br i1 %.not, label %3, label %5\n"
    },
    {
        "unoptimized": "%6 = call i32 @arch_spin_unlock(ptr noundef @lockdep_lock)\n  store i32 0, ptr %1, align 4\n  br label %12\n",
        "optimized": "%4 = call i32 @arch_spin_unlock(ptr noundef nonnull @lockdep_lock) #2\n  br label %9\n"
    },
    {
        "unoptimized": "%8 = load ptr, ptr @current, align 8\n  %9 = getelementptr inbounds %struct.TYPE_2__, ptr %8, i32 0, i32 0\n  %10 = load i32, ptr %9, align 4\n  %11 = add nsw i32 %10, 1\n  store i32 %11, ptr %9, align 4\n  store i32 1, ptr %1, align 4\n  br label %12\n",
        "optimized": "%6 = load ptr, ptr @current, align 8\n  %7 = load i32, ptr %6, align 4\n  %8 = add nsw i32 %7, 1\n  store i32 %8, ptr %6, align 4\n  br label %9\n"
    },
    {
        "unoptimized": "%13 = load i32, ptr %1, align 4\n  ret i32 %13\n}",
        "optimized": "%storemerge = phi i32 [ 0, %3 ], [ 1, %5 ]\n  ret i32 %storemerge\n}"
    }
]