[
    {
        "unoptimized": "%3 = alloca i32, align 4\n  %4 = alloca ptr, align 8\n  %5 = alloca ptr, align 8\n  store ptr %0, ptr %4, align 8\n  store ptr %1, ptr %5, align 8\n  br label %6\n",
        "optimized": "%3 = alloca ptr, align 8\n  %4 = alloca ptr, align 8\n  store ptr %0, ptr %3, align 8\n  store ptr %1, ptr %4, align 8\n  br label %5\n"
    },
    {
        "unoptimized": "%7 = load ptr, ptr %4, align 8\n  %8 = load i8, ptr %7, align 1\n  %9 = icmp ne i8 %8, 0\n  br i1 %9, label %10, label %58\n",
        "optimized": "%6 = load ptr, ptr %3, align 8\n  %7 = load i8, ptr %6, align 1\n  %.not = icmp eq i8 %7, 0\n  br i1 %.not, label %47, label %8\n"
    },
    {
        "unoptimized": "%11 = load ptr, ptr %4, align 8\n  %12 = load ptr, ptr %5, align 8\n  %13 = load ptr, ptr %5, align 8\n  %14 = call i32 @strlen(ptr noundef %13)\n  %15 = call i32 @strncmp(ptr noundef %11, ptr noundef %12, i32 noundef %14)\n  %16 = icmp ne i32 %15, 0\n  br i1 %16, label %33, label %17\n",
        "optimized": "%9 = load ptr, ptr %3, align 8\n  %10 = load ptr, ptr %4, align 8\n  %11 = call i32 @strlen(ptr noundef %10) #2\n  %12 = call i32 @strncmp(ptr noundef %9, ptr noundef %10, i32 noundef %11) #2\n  %.not1 = icmp eq i32 %12, 0\n  br i1 %.not1, label %13, label %26\n"
    },
    {
        "unoptimized": "%18 = load ptr, ptr %5, align 8\n  %19 = call i32 @strlen(ptr noundef %18)\n  %20 = load ptr, ptr %4, align 8\n  %21 = sext i32 %19 to i64\n  %22 = getelementptr inbounds i8, ptr %20, i64 %21\n  store ptr %22, ptr %4, align 8\n  %23 = load ptr, ptr %4, align 8\n  %24 = load i8, ptr %23, align 1\n  %25 = icmp ne i8 %24, 0\n  br i1 %25, label %26, label %31\n",
        "optimized": "%14 = load ptr, ptr %4, align 8\n  %15 = call i32 @strlen(ptr noundef %14) #2\n  %16 = load ptr, ptr %3, align 8\n  %17 = sext i32 %15 to i64\n  %18 = getelementptr inbounds i8, ptr %16, i64 %17\n  store ptr %18, ptr %3, align 8\n  %19 = load i8, ptr %18, align 1\n  %.not2 = icmp eq i8 %19, 0\n  br i1 %.not2, label %24, label %20\n"
    },
    {
        "unoptimized": "%27 = load ptr, ptr %4, align 8\n  %28 = load i8, ptr %27, align 1\n  %29 = sext i8 %28 to i32\n  %30 = icmp eq i32 %29, 44\n  br i1 %30, label %31, label %32\n",
        "optimized": "%21 = load ptr, ptr %3, align 8\n  %22 = load i8, ptr %21, align 1\n  %23 = icmp eq i8 %22, 44\n  br i1 %23, label %24, label %25\n"
    },
    {
        "unoptimized": "store i32 1, ptr %3, align 4\n  br label %59\n",
        "optimized": "br label %48\n"
    },
    {
        "unoptimized": "br label %33\n",
        "optimized": "br label %26\n"
    },
    {
        "unoptimized": "br label %34\n",
        "optimized": "br label %27\n"
    },
    {
        "unoptimized": "%35 = load ptr, ptr %4, align 8\n  %36 = load i8, ptr %35, align 1\n  %37 = sext i8 %36 to i32\n  %38 = icmp ne i32 %37, 0\n  br i1 %38, label %39, label %44\n",
        "optimized": "%28 = load ptr, ptr %3, align 8\n  %29 = load i8, ptr %28, align 1\n  %.not3 = icmp eq i8 %29, 0\n  br i1 %.not3, label %34, label %30\n"
    },
    {
        "unoptimized": "%40 = load ptr, ptr %4, align 8\n  %41 = load i8, ptr %40, align 1\n  %42 = sext i8 %41 to i32\n  %43 = icmp ne i32 %42, 44\n  br label %44\n",
        "optimized": "%31 = load ptr, ptr %3, align 8\n  %32 = load i8, ptr %31, align 1\n  %33 = icmp ne i8 %32, 44\n  br label %34\n"
    },
    {
        "unoptimized": "%45 = phi i1 [ false, %34 ], [ %43, %39 ]\n  br i1 %45, label %46, label %49\n",
        "optimized": "%35 = phi i1 [ false, %27 ], [ %33, %30 ]\n  br i1 %35, label %36, label %39\n"
    },
    {
        "unoptimized": "%47 = load ptr, ptr %4, align 8\n  %48 = getelementptr inbounds i8, ptr %47, i32 1\n  store ptr %48, ptr %4, align 8\n  br label %34, !llvm.loop !6\n",
        "optimized": "%37 = load ptr, ptr %3, align 8\n  %38 = getelementptr inbounds i8, ptr %37, i64 1\n  store ptr %38, ptr %3, align 8\n  br label %27, !llvm.loop !6\n"
    },
    {
        "unoptimized": "%50 = load ptr, ptr %4, align 8\n  %51 = load i8, ptr %50, align 1\n  %52 = sext i8 %51 to i32\n  %53 = icmp eq i32 %52, 44\n  br i1 %53, label %54, label %57\n",
        "optimized": "%40 = load ptr, ptr %3, align 8\n  %41 = load i8, ptr %40, align 1\n  %42 = icmp eq i8 %41, 44\n  br i1 %42, label %43, label %46\n"
    },
    {
        "unoptimized": "%55 = load ptr, ptr %4, align 8\n  %56 = getelementptr inbounds i8, ptr %55, i32 1\n  store ptr %56, ptr %4, align 8\n  br label %57\n",
        "optimized": "%44 = load ptr, ptr %3, align 8\n  %45 = getelementptr inbounds i8, ptr %44, i64 1\n  store ptr %45, ptr %3, align 8\n  br label %46\n"
    },
    {
        "unoptimized": "br label %6, !llvm.loop !8\n",
        "optimized": "br label %5, !llvm.loop !8\n"
    },
    {
        "unoptimized": "store i32 0, ptr %3, align 4\n  br label %59\n",
        "optimized": "br label %48\n"
    },
    {
        "unoptimized": "%60 = load i32, ptr %3, align 4\n  ret i32 %60\n}",
        "optimized": "%storemerge = phi i32 [ 0, %47 ], [ 1, %24 ]\n  ret i32 %storemerge\n}"
    }
]