[
    {
        "unoptimized": "%2 = alloca ptr, align 8\n  %3 = alloca ptr, align 8\n  %4 = alloca ptr, align 8\n  %5 = alloca ptr, align 8\n  store ptr %0, ptr %3, align 8\n  %6 = load ptr, ptr %3, align 8\n  %7 = call i64 @xas_error(ptr noundef %6)\n  %8 = icmp ne i64 %7, 0\n  br i1 %8, label %9, label %10\n",
        "optimized": "%2 = alloca ptr, align 8\n  %3 = alloca ptr, align 8\n  %4 = alloca ptr, align 8\n  store ptr %0, ptr %3, align 8\n  %5 = call i64 @xas_error(ptr noundef %0) #2\n  %.not = icmp eq i64 %5, 0\n  br i1 %.not, label %7, label %6\n"
    },
    {
        "unoptimized": "store ptr null, ptr %2, align 8\n  br label %160\n",
        "optimized": "store ptr null, ptr %2, align 8\n  br label %127\n"
    },
    {
        "unoptimized": "%11 = load ptr, ptr %3, align 8\n  %12 = getelementptr inbounds %struct.xa_state, ptr %11, i32 0, i32 3\n  %13 = load ptr, ptr %12, align 8\n  %14 = icmp ne ptr %13, null\n  br i1 %14, label %16, label %15\n",
        "optimized": "%8 = load ptr, ptr %3, align 8\n  %9 = getelementptr inbounds %struct.xa_state, ptr %8, i64 0, i32 3\n  %10 = load ptr, ptr %9, align 8\n  %.not1 = icmp eq ptr %10, null\n  br i1 %.not1, label %11, label %12\n"
    },
    {
        "unoptimized": "store ptr null, ptr %2, align 8\n  br label %160\n",
        "optimized": "store ptr null, ptr %2, align 8\n  br label %127\n"
    },
    {
        "unoptimized": "%17 = load ptr, ptr %3, align 8\n  %18 = getelementptr inbounds %struct.xa_state, ptr %17, i32 0, i32 3\n  %19 = load ptr, ptr %18, align 8\n  %20 = call i64 @xas_top(ptr noundef %19)\n  %21 = icmp ne i64 %20, 0\n  br i1 %21, label %22, label %45\n",
        "optimized": "%13 = load ptr, ptr %3, align 8\n  %14 = getelementptr inbounds %struct.xa_state, ptr %13, i64 0, i32 3\n  %15 = load ptr, ptr %14, align 8\n  %16 = call i64 @xas_top(ptr noundef %15) #2\n  %.not2 = icmp eq i64 %16, 0\n  br i1 %.not2, label %35, label %17\n"
    },
    {
        "unoptimized": "%23 = load ptr, ptr %3, align 8\n  %24 = call ptr @xas_start(ptr noundef %23)\n  store ptr %24, ptr %4, align 8\n  %25 = load ptr, ptr %4, align 8\n  %26 = icmp ne ptr %25, null\n  br i1 %26, label %28, label %27\n",
        "optimized": "%18 = load ptr, ptr %3, align 8\n  %19 = call ptr @xas_start(ptr noundef %18) #2\n  store ptr %19, ptr %4, align 8\n  %.not7 = icmp eq ptr %19, null\n  br i1 %.not7, label %20, label %21\n"
    },
    {
        "unoptimized": "store ptr null, ptr %2, align 8\n  br label %160\n",
        "optimized": "store ptr null, ptr %2, align 8\n  br label %127\n"
    },
    {
        "unoptimized": "br label %29\n",
        "optimized": "br label %22\n"
    },
    {
        "unoptimized": "%30 = load ptr, ptr %4, align 8\n  %31 = call i64 @xa_is_node(ptr noundef %30)\n  %32 = icmp ne i64 %31, 0\n  br i1 %32, label %33, label %39\n",
        "optimized": "%23 = load ptr, ptr %4, align 8\n  %24 = call i64 @xa_is_node(ptr noundef %23) #2\n  %.not8 = icmp eq i64 %24, 0\n  br i1 %.not8, label %30, label %25\n"
    },
    {
        "unoptimized": "%34 = load ptr, ptr %4, align 8\n  %35 = call ptr @xa_to_node(ptr noundef %34)\n  store ptr %35, ptr %5, align 8\n  %36 = load ptr, ptr %3, align 8\n  %37 = load ptr, ptr %5, align 8\n  %38 = call ptr @xas_descend(ptr noundef %36, ptr noundef %37)\n  store ptr %38, ptr %4, align 8\n  br label %29, !llvm.loop !6\n",
        "optimized": "%26 = load ptr, ptr %4, align 8\n  %27 = call ptr @xa_to_node(ptr noundef %26) #2\n  %28 = load ptr, ptr %3, align 8\n  %29 = call ptr @xas_descend(ptr noundef %28, ptr noundef %27) #2\n  store ptr %29, ptr %4, align 8\n  br label %22, !llvm.loop !6\n"
    },
    {
        "unoptimized": "%40 = load ptr, ptr %4, align 8\n  %41 = icmp ne ptr %40, null\n  br i1 %41, label %42, label %44\n",
        "optimized": "%31 = load ptr, ptr %4, align 8\n  %.not9 = icmp eq ptr %31, null\n  br i1 %.not9, label %34, label %32\n"
    },
    {
        "unoptimized": "%43 = load ptr, ptr %4, align 8\n  store ptr %43, ptr %2, align 8\n  br label %160\n",
        "optimized": "%33 = load ptr, ptr %4, align 8\n  store ptr %33, ptr %2, align 8\n  br label %127\n"
    },
    {
        "unoptimized": "br label %45\n",
        "optimized": "br label %35\n"
    },
    {
        "unoptimized": "%46 = load ptr, ptr %3, align 8\n  %47 = getelementptr inbounds %struct.xa_state, ptr %46, i32 0, i32 3\n  %48 = load ptr, ptr %47, align 8\n  %49 = getelementptr inbounds %struct.TYPE_5__, ptr %48, i32 0, i32 0\n  %50 = load i64, ptr %49, align 8\n  %51 = load ptr, ptr %3, align 8\n  %52 = getelementptr inbounds %struct.xa_state, ptr %51, i32 0, i32 0\n  %53 = load i64, ptr %52, align 8\n  %54 = icmp sgt i64 %50, %53\n  br i1 %54, label %55, label %56\n",
        "optimized": "%36 = load ptr, ptr %3, align 8\n  %37 = getelementptr inbounds %struct.xa_state, ptr %36, i64 0, i32 3\n  %38 = load ptr, ptr %37, align 8\n  %39 = load i64, ptr %38, align 8\n  %40 = load i64, ptr %36, align 8\n  %41 = icmp sgt i64 %39, %40\n  br i1 %41, label %42, label %43\n"
    },
    {
        "unoptimized": "store ptr null, ptr %2, align 8\n  br label %160\n",
        "optimized": "store ptr null, ptr %2, align 8\n  br label %127\n"
    },
    {
        "unoptimized": "br label %57\n",
        "optimized": "br label %44\n"
    },
    {
        "unoptimized": "%58 = load ptr, ptr %3, align 8\n  %59 = getelementptr inbounds %struct.xa_state, ptr %58, i32 0, i32 3\n  %60 = load ptr, ptr %59, align 8\n  %61 = getelementptr inbounds %struct.TYPE_5__, ptr %60, i32 0, i32 0\n  %62 = load i64, ptr %61, align 8\n  %63 = load ptr, ptr %3, align 8\n  %64 = getelementptr inbounds %struct.xa_state, ptr %63, i32 0, i32 0\n  %65 = load i64, ptr %64, align 8\n  %66 = icmp eq i64 %62, %65\n  br i1 %66, label %67, label %81\n",
        "optimized": "%45 = load ptr, ptr %3, align 8\n  %46 = getelementptr inbounds %struct.xa_state, ptr %45, i64 0, i32 3\n  %47 = load ptr, ptr %46, align 8\n  %48 = load i64, ptr %47, align 8\n  %49 = load i64, ptr %45, align 8\n  %50 = icmp eq i64 %48, %49\n  br i1 %50, label %51, label %61\n"
    },
    {
        "unoptimized": "%68 = load ptr, ptr %3, align 8\n  %69 = getelementptr inbounds %struct.xa_state, ptr %68, i32 0, i32 1\n  %70 = load i32, ptr %69, align 8\n  %71 = load ptr, ptr %3, align 8\n  %72 = getelementptr inbounds %struct.xa_state, ptr %71, i32 0, i32 2\n  %73 = load i32, ptr %72, align 4\n  %74 = and i32 %70, %73\n  %75 = load ptr, ptr %3, align 8\n  %76 = getelementptr inbounds %struct.xa_state, ptr %75, i32 0, i32 2\n  %77 = load i32, ptr %76, align 4\n  %78 = icmp eq i32 %74, %77\n  br i1 %78, label %79, label %80\n",
        "optimized": "%52 = load ptr, ptr %3, align 8\n  %53 = getelementptr inbounds %struct.xa_state, ptr %52, i64 0, i32 1\n  %54 = load i32, ptr %53, align 8\n  %55 = getelementptr inbounds %struct.xa_state, ptr %52, i64 0, i32 2\n  %56 = load i32, ptr %55, align 4\n  %57 = and i32 %54, %56\n  %58 = icmp eq i32 %57, %56\n  br i1 %58, label %59, label %60\n"
    },
    {
        "unoptimized": "br label %152\n",
        "optimized": "br label %120\n"
    },
    {
        "unoptimized": "br label %111\n",
        "optimized": "br label %87\n"
    },
    {
        "unoptimized": "%82 = load ptr, ptr %3, align 8\n  %83 = getelementptr inbounds %struct.xa_state, ptr %82, i32 0, i32 1\n  %84 = load i32, ptr %83, align 8\n  %85 = load i32, ptr @XA_CHUNK_MASK, align 4\n  %86 = icmp eq i32 %84, %85\n  br i1 %86, label %87, label %110\n",
        "optimized": "%62 = load ptr, ptr %3, align 8\n  %63 = getelementptr inbounds %struct.xa_state, ptr %62, i64 0, i32 1\n  %64 = load i32, ptr %63, align 8\n  %65 = load i32, ptr @XA_CHUNK_MASK, align 4\n  %66 = icmp eq i32 %64, %65\n  br i1 %66, label %67, label %86\n"
    },
    {
        "unoptimized": "%88 = load ptr, ptr %3, align 8\n  %89 = getelementptr inbounds %struct.xa_state, ptr %88, i32 0, i32 3\n  %90 = load ptr, ptr %89, align 8\n  %91 = getelementptr inbounds %struct.TYPE_5__, ptr %90, i32 0, i32 1\n  %92 = load i32, ptr %91, align 8\n  %93 = load ptr, ptr %3, align 8\n  %94 = getelementptr inbounds %struct.xa_state, ptr %93, i32 0, i32 1\n  store i32 %92, ptr %94, align 8\n  %95 = load ptr, ptr %3, align 8\n  %96 = getelementptr inbounds %struct.xa_state, ptr %95, i32 0, i32 4\n  %97 = load i32, ptr %96, align 8\n  %98 = load ptr, ptr %3, align 8\n  %99 = getelementptr inbounds %struct.xa_state, ptr %98, i32 0, i32 3\n  %100 = load ptr, ptr %99, align 8\n  %101 = call ptr @xa_parent_locked(i32 noundef %97, ptr noundef %100)\n  %102 = load ptr, ptr %3, align 8\n  %103 = getelementptr inbounds %struct.xa_state, ptr %102, i32 0, i32 3\n  store ptr %101, ptr %103, align 8\n  %104 = load ptr, ptr %3, align 8\n  %105 = getelementptr inbounds %struct.xa_state, ptr %104, i32 0, i32 3\n  %106 = load ptr, ptr %105, align 8\n  %107 = icmp ne ptr %106, null\n  br i1 %107, label %109, label %108\n",
        "optimized": "%68 = load ptr, ptr %3, align 8\n  %69 = getelementptr inbounds %struct.xa_state, ptr %68, i64 0, i32 3\n  %70 = load ptr, ptr %69, align 8\n  %71 = getelementptr inbounds %struct.TYPE_5__, ptr %70, i64 0, i32 1\n  %72 = load i32, ptr %71, align 8\n  %73 = getelementptr inbounds %struct.xa_state, ptr %68, i64 0, i32 1\n  store i32 %72, ptr %73, align 8\n  %74 = load ptr, ptr %3, align 8\n  %75 = getelementptr inbounds %struct.xa_state, ptr %74, i64 0, i32 4\n  %76 = load i32, ptr %75, align 8\n  %77 = getelementptr inbounds %struct.xa_state, ptr %74, i64 0, i32 3\n  %78 = load ptr, ptr %77, align 8\n  %79 = call ptr @xa_parent_locked(i32 noundef %76, ptr noundef %78) #2\n  %80 = getelementptr inbounds %struct.xa_state, ptr %74, i64 0, i32 3\n  store ptr %79, ptr %80, align 8\n  %81 = load ptr, ptr %3, align 8\n  %82 = getelementptr inbounds %struct.xa_state, ptr %81, i64 0, i32 3\n  %83 = load ptr, ptr %82, align 8\n  %.not6 = icmp eq ptr %83, null\n  br i1 %.not6, label %84, label %85\n"
    },
    {
        "unoptimized": "br label %152\n",
        "optimized": "br label %120\n"
    },
    {
        "unoptimized": "br label %57\n",
        "optimized": "br label %44\n"
    },
    {
        "unoptimized": "br label %111\n",
        "optimized": "br label %87\n"
    },
    {
        "unoptimized": "%112 = load ptr, ptr %3, align 8\n  %113 = getelementptr inbounds %struct.xa_state, ptr %112, i32 0, i32 4\n  %114 = load i32, ptr %113, align 8\n  %115 = load ptr, ptr %3, align 8\n  %116 = getelementptr inbounds %struct.xa_state, ptr %115, i32 0, i32 3\n  %117 = load ptr, ptr %116, align 8\n  %118 = load ptr, ptr %3, align 8\n  %119 = getelementptr inbounds %struct.xa_state, ptr %118, i32 0, i32 1\n  %120 = load i32, ptr %119, align 8\n  %121 = add nsw i32 %120, 1\n  store i32 %121, ptr %119, align 8\n  %122 = call ptr @xa_entry_locked(i32 noundef %114, ptr noundef %117, i32 noundef %121)\n  store ptr %122, ptr %4, align 8\n  %123 = load ptr, ptr %4, align 8\n  %124 = call i64 @xa_is_sibling(ptr noundef %123)\n  %125 = icmp ne i64 %124, 0\n  br i1 %125, label %126, label %127\n",
        "optimized": "%88 = load ptr, ptr %3, align 8\n  %89 = getelementptr inbounds %struct.xa_state, ptr %88, i64 0, i32 4\n  %90 = load i32, ptr %89, align 8\n  %91 = getelementptr inbounds %struct.xa_state, ptr %88, i64 0, i32 3\n  %92 = load ptr, ptr %91, align 8\n  %93 = getelementptr inbounds %struct.xa_state, ptr %88, i64 0, i32 1\n  %94 = load i32, ptr %93, align 8\n  %95 = add nsw i32 %94, 1\n  store i32 %95, ptr %93, align 8\n  %96 = call ptr @xa_entry_locked(i32 noundef %90, ptr noundef %92, i32 noundef %95) #2\n  store ptr %96, ptr %4, align 8\n  %97 = call i64 @xa_is_sibling(ptr noundef %96) #2\n  %.not3 = icmp eq i64 %97, 0\n  br i1 %.not3, label %99, label %98\n"
    },
    {
        "unoptimized": "br label %57\n",
        "optimized": "br label %44\n"
    },
    {
        "unoptimized": "br label %128\n",
        "optimized": "br label %100\n"
    },
    {
        "unoptimized": "%129 = load ptr, ptr %4, align 8\n  %130 = call i64 @xa_is_node(ptr noundef %129)\n  %131 = icmp ne i64 %130, 0\n  br i1 %131, label %132, label %146\n",
        "optimized": "%101 = load ptr, ptr %4, align 8\n  %102 = call i64 @xa_is_node(ptr noundef %101) #2\n  %.not4 = icmp eq i64 %102, 0\n  br i1 %.not4, label %115, label %103\n"
    },
    {
        "unoptimized": "%133 = load ptr, ptr %4, align 8\n  %134 = call ptr @xa_to_node(ptr noundef %133)\n  %135 = load ptr, ptr %3, align 8\n  %136 = getelementptr inbounds %struct.xa_state, ptr %135, i32 0, i32 3\n  store ptr %134, ptr %136, align 8\n  %137 = load ptr, ptr %3, align 8\n  %138 = getelementptr inbounds %struct.xa_state, ptr %137, i32 0, i32 1\n  store i32 0, ptr %138, align 8\n  %139 = load ptr, ptr %3, align 8\n  %140 = getelementptr inbounds %struct.xa_state, ptr %139, i32 0, i32 4\n  %141 = load i32, ptr %140, align 8\n  %142 = load ptr, ptr %3, align 8\n  %143 = getelementptr inbounds %struct.xa_state, ptr %142, i32 0, i32 3\n  %144 = load ptr, ptr %143, align 8\n  %145 = call ptr @xa_entry_locked(i32 noundef %141, ptr noundef %144, i32 noundef 0)\n  store ptr %145, ptr %4, align 8\n  br label %128, !llvm.loop !8\n",
        "optimized": "%104 = load ptr, ptr %4, align 8\n  %105 = call ptr @xa_to_node(ptr noundef %104) #2\n  %106 = load ptr, ptr %3, align 8\n  %107 = getelementptr inbounds %struct.xa_state, ptr %106, i64 0, i32 3\n  store ptr %105, ptr %107, align 8\n  %108 = getelementptr inbounds %struct.xa_state, ptr %106, i64 0, i32 1\n  store i32 0, ptr %108, align 8\n  %109 = getelementptr inbounds %struct.xa_state, ptr %106, i64 0, i32 4\n  %110 = load i32, ptr %109, align 8\n  %111 = load ptr, ptr %3, align 8\n  %112 = getelementptr inbounds %struct.xa_state, ptr %111, i64 0, i32 3\n  %113 = load ptr, ptr %112, align 8\n  %114 = call ptr @xa_entry_locked(i32 noundef %110, ptr noundef %113, i32 noundef 0) #2\n  store ptr %114, ptr %4, align 8\n  br label %100, !llvm.loop !8\n"
    },
    {
        "unoptimized": "%147 = load ptr, ptr %4, align 8\n  %148 = icmp ne ptr %147, null\n  br i1 %148, label %149, label %151\n",
        "optimized": "%116 = load ptr, ptr %4, align 8\n  %.not5 = icmp eq ptr %116, null\n  br i1 %.not5, label %119, label %117\n"
    },
    {
        "unoptimized": "%150 = load ptr, ptr %4, align 8\n  store ptr %150, ptr %2, align 8\n  br label %160\n",
        "optimized": "%118 = load ptr, ptr %4, align 8\n  store ptr %118, ptr %2, align 8\n  br label %127\n"
    },
    {
        "unoptimized": "br label %57\n",
        "optimized": "br label %44\n"
    },
    {
        "unoptimized": "%153 = load ptr, ptr %3, align 8\n  %154 = getelementptr inbounds %struct.xa_state, ptr %153, i32 0, i32 2\n  %155 = load i32, ptr %154, align 4\n  %156 = load ptr, ptr %3, align 8\n  %157 = getelementptr inbounds %struct.xa_state, ptr %156, i32 0, i32 1\n  %158 = load i32, ptr %157, align 8\n  %159 = sub nsw i32 %158, %155\n  store i32 %159, ptr %157, align 8\n  store ptr null, ptr %2, align 8\n  br label %160\n",
        "optimized": "%121 = load ptr, ptr %3, align 8\n  %122 = getelementptr inbounds %struct.xa_state, ptr %121, i64 0, i32 2\n  %123 = load i32, ptr %122, align 4\n  %124 = getelementptr inbounds %struct.xa_state, ptr %121, i64 0, i32 1\n  %125 = load i32, ptr %124, align 8\n  %126 = sub nsw i32 %125, %123\n  store i32 %126, ptr %124, align 8\n  store ptr null, ptr %2, align 8\n  br label %127\n"
    },
    {
        "unoptimized": "%161 = load ptr, ptr %2, align 8\n  ret ptr %161\n}",
        "optimized": "%128 = load ptr, ptr %2, align 8\n  ret ptr %128\n}"
    }
]