[
    {
        "unoptimized": "%5 = alloca ptr, align 8\n  %6 = alloca ptr, align 8\n  %7 = alloca i32, align 4\n  %8 = alloca ptr, align 8\n  %9 = alloca ptr, align 8\n  %10 = alloca ptr, align 8\n  %11 = alloca ptr, align 8\n  %12 = alloca i32, align 4\n  store ptr %0, ptr %5, align 8\n  store ptr %1, ptr %6, align 8\n  store i32 %2, ptr %7, align 4\n  store ptr %3, ptr %8, align 8\n  %13 = load i32, ptr %7, align 4\n  %14 = sub i32 %13, 1\n  store i32 %14, ptr %12, align 4\n  %15 = load ptr, ptr %5, align 8\n  %16 = getelementptr inbounds %struct.task_struct, ptr %15, i32 0, i32 0\n  %17 = load ptr, ptr %16, align 8\n  %18 = load i32, ptr %12, align 4\n  %19 = sext i32 %18 to i64\n  %20 = getelementptr inbounds %struct.held_lock, ptr %17, i64 %19\n  store ptr %20, ptr %10, align 8\n  %21 = load ptr, ptr %10, align 8\n  store ptr %21, ptr %9, align 8\n  %22 = load ptr, ptr %10, align 8\n  %23 = load ptr, ptr %6, align 8\n  %24 = call i64 @match_held_lock(ptr noundef %22, ptr noundef %23)\n  %25 = icmp ne i64 %24, 0\n  br i1 %25, label %26, label %27\n",
        "optimized": "%5 = alloca ptr, align 8\n  %6 = alloca ptr, align 8\n  %7 = alloca ptr, align 8\n  %8 = alloca ptr, align 8\n  %9 = alloca ptr, align 8\n  %10 = alloca i32, align 4\n  store ptr %1, ptr %5, align 8\n  store ptr %3, ptr %6, align 8\n  %11 = add i32 %2, -1\n  store i32 %11, ptr %10, align 4\n  %12 = load ptr, ptr %0, align 8\n  %13 = sext i32 %11 to i64\n  %14 = getelementptr inbounds %struct.held_lock, ptr %12, i64 %13\n  store ptr %14, ptr %8, align 8\n  store ptr %14, ptr %7, align 8\n  %15 = load ptr, ptr %5, align 8\n  %16 = call i64 @match_held_lock(ptr noundef %14, ptr noundef %15) #2\n  %.not = icmp eq i64 %16, 0\n  br i1 %.not, label %18, label %17\n"
    },
    {
        "unoptimized": "br label %58\n",
        "optimized": "br label %43\n"
    },
    {
        "unoptimized": "store ptr null, ptr %9, align 8\n  %28 = load i32, ptr %12, align 4\n  %29 = add nsw i32 %28, -1\n  store i32 %29, ptr %12, align 4\n  %30 = load ptr, ptr %10, align 8\n  %31 = getelementptr inbounds %struct.held_lock, ptr %30, i32 -1\n  store ptr %31, ptr %10, align 8\n  store ptr %30, ptr %11, align 8\n  br label %32\n",
        "optimized": "store ptr null, ptr %7, align 8\n  %19 = load i32, ptr %10, align 4\n  %20 = add nsw i32 %19, -1\n  store i32 %20, ptr %10, align 4\n  %21 = load ptr, ptr %8, align 8\n  br label %22\n"
    },
    {
        "unoptimized": "%33 = load i32, ptr %12, align 4\n  %34 = icmp sge i32 %33, 0\n  br i1 %34, label %35, label %57\n",
        "optimized": "%storemerge = phi ptr [ %21, %18 ], [ %41, %38 ]\n  %storemerge1 = getelementptr inbounds %struct.held_lock, ptr %storemerge, i64 -1\n  store ptr %storemerge1, ptr %8, align 8\n  store ptr %storemerge, ptr %9, align 8\n  %23 = load i32, ptr %10, align 4\n  %24 = icmp sgt i32 %23, -1\n  br i1 %24, label %25, label %42\n"
    },
    {
        "unoptimized": "%36 = load ptr, ptr %11, align 8\n  %37 = getelementptr inbounds %struct.held_lock, ptr %36, i32 0, i32 0\n  %38 = load i64, ptr %37, align 8\n  %39 = load ptr, ptr %10, align 8\n  %40 = getelementptr inbounds %struct.held_lock, ptr %39, i32 0, i32 0\n  %41 = load i64, ptr %40, align 8\n  %42 = icmp ne i64 %38, %41\n  br i1 %42, label %43, label %44\n",
        "optimized": "%26 = load ptr, ptr %9, align 8\n  %27 = load i64, ptr %26, align 8\n  %28 = load ptr, ptr %8, align 8\n  %29 = load i64, ptr %28, align 8\n  %.not2 = icmp eq i64 %27, %29\n  br i1 %.not2, label %31, label %30\n"
    },
    {
        "unoptimized": "store ptr null, ptr %9, align 8\n  br label %57\n",
        "optimized": "store ptr null, ptr %7, align 8\n  br label %42\n"
    },
    {
        "unoptimized": "%45 = load ptr, ptr %10, align 8\n  %46 = load ptr, ptr %6, align 8\n  %47 = call i64 @match_held_lock(ptr noundef %45, ptr noundef %46)\n  %48 = icmp ne i64 %47, 0\n  br i1 %48, label %49, label %51\n",
        "optimized": "%32 = load ptr, ptr %8, align 8\n  %33 = load ptr, ptr %5, align 8\n  %34 = call i64 @match_held_lock(ptr noundef %32, ptr noundef %33) #2\n  %.not3 = icmp eq i64 %34, 0\n  br i1 %.not3, label %37, label %35\n"
    },
    {
        "unoptimized": "%50 = load ptr, ptr %10, align 8\n  store ptr %50, ptr %9, align 8\n  br label %57\n",
        "optimized": "%36 = load ptr, ptr %8, align 8\n  store ptr %36, ptr %7, align 8\n  br label %42\n"
    },
    {
        "unoptimized": "br label %52\n",
        "optimized": "br label %38\n"
    },
    {
        "unoptimized": "%53 = load i32, ptr %12, align 4\n  %54 = add nsw i32 %53, -1\n  store i32 %54, ptr %12, align 4\n  %55 = load ptr, ptr %10, align 8\n  %56 = getelementptr inbounds %struct.held_lock, ptr %55, i32 -1\n  store ptr %56, ptr %10, align 8\n  store ptr %55, ptr %11, align 8\n  br label %32, !llvm.loop !6\n",
        "optimized": "%39 = load i32, ptr %10, align 4\n  %40 = add nsw i32 %39, -1\n  store i32 %40, ptr %10, align 4\n  %41 = load ptr, ptr %8, align 8\n  br label %22, !llvm.loop !6\n"
    },
    {
        "unoptimized": "br label %58\n",
        "optimized": "br label %43\n"
    },
    {
        "unoptimized": "%59 = load i32, ptr %12, align 4\n  %60 = load ptr, ptr %8, align 8\n  store i32 %59, ptr %60, align 4\n  %61 = load ptr, ptr %9, align 8\n  ret ptr %61\n}",
        "optimized": "%44 = load i32, ptr %10, align 4\n  %45 = load ptr, ptr %6, align 8\n  store i32 %44, ptr %45, align 4\n  %46 = load ptr, ptr %7, align 8\n  ret ptr %46\n}"
    }
]