[
    {
        "unoptimized": "%4 = alloca ptr, align 8\n  %5 = alloca ptr, align 8\n  %6 = alloca ptr, align 8\n  %7 = alloca ptr, align 8\n  %8 = alloca i64, align 8\n  %9 = alloca i32, align 4\n  store ptr %0, ptr %5, align 8\n  store ptr %1, ptr %6, align 8\n  store ptr %2, ptr %7, align 8\n  store i64 0, ptr %8, align 8\n  store i32 0, ptr %9, align 4\n  br label %10\n",
        "optimized": "%4 = alloca ptr, align 8\n  %5 = alloca ptr, align 8\n  %6 = alloca ptr, align 8\n  %7 = alloca ptr, align 8\n  %8 = alloca i64, align 8\n  %9 = alloca i32, align 4\n  store ptr %0, ptr %5, align 8\n  store ptr %1, ptr %6, align 8\n  store ptr %2, ptr %7, align 8\n  store i64 0, ptr %8, align 8\n  store i32 0, ptr %9, align 4\n  br label %10\n"
    },
    {
        "unoptimized": "%11 = load ptr, ptr %5, align 8\n  %12 = load ptr, ptr %6, align 8\n  %13 = icmp ne ptr %11, %12\n  br i1 %13, label %14, label %26\n",
        "optimized": "%11 = load ptr, ptr %5, align 8\n  %12 = load ptr, ptr %6, align 8\n  %.not = icmp eq ptr %11, %12\n  br i1 %.not, label %23, label %13\n"
    },
    {
        "unoptimized": "%15 = load ptr, ptr %5, align 8\n  %16 = load i8, ptr %15, align 1\n  %17 = sext i8 %16 to i32\n  %18 = icmp sle i32 48, %17\n  br i1 %18, label %19, label %24\n",
        "optimized": "%14 = load ptr, ptr %5, align 8\n  %15 = load i8, ptr %14, align 1\n  %16 = icmp sgt i8 %15, 47\n  br i1 %16, label %17, label %21\n"
    },
    {
        "unoptimized": "%20 = load ptr, ptr %5, align 8\n  %21 = load i8, ptr %20, align 1\n  %22 = sext i8 %21 to i32\n  %23 = icmp sle i32 %22, 57\n  br label %24\n",
        "optimized": "%18 = load ptr, ptr %5, align 8\n  %19 = load i8, ptr %18, align 1\n  %20 = icmp slt i8 %19, 58\n  br label %21\n"
    },
    {
        "unoptimized": "%25 = phi i1 [ false, %14 ], [ %23, %19 ]\n  br label %26\n",
        "optimized": "%22 = phi i1 [ false, %13 ], [ %20, %17 ]\n  br label %23\n"
    },
    {
        "unoptimized": "%27 = phi i1 [ false, %10 ], [ %25, %24 ]\n  br i1 %27, label %28, label %39\n",
        "optimized": "%24 = phi i1 [ false, %10 ], [ %22, %21 ]\n  br i1 %24, label %25, label %36\n"
    },
    {
        "unoptimized": "%29 = load i32, ptr %9, align 4\n  %30 = mul nsw i32 %29, 10\n  %31 = load ptr, ptr %5, align 8\n  %32 = getelementptr inbounds i8, ptr %31, i32 1\n  store ptr %32, ptr %5, align 8\n  %33 = load i8, ptr %31, align 1\n  %34 = sext i8 %33 to i32\n  %35 = add nsw i32 %30, %34\n  %36 = sub nsw i32 %35, 48\n  store i32 %36, ptr %9, align 4\n  %37 = load i64, ptr %8, align 8\n  %38 = add i64 %37, 1\n  store i64 %38, ptr %8, align 8\n  br label %10, !llvm.loop !6\n",
        "optimized": "%26 = load i32, ptr %9, align 4\n  %27 = mul nsw i32 %26, 10\n  %28 = load ptr, ptr %5, align 8\n  %29 = getelementptr inbounds i8, ptr %28, i64 1\n  store ptr %29, ptr %5, align 8\n  %30 = load i8, ptr %28, align 1\n  %31 = sext i8 %30 to i32\n  %32 = add nsw i32 %27, %31\n  %33 = add nsw i32 %32, -48\n  store i32 %33, ptr %9, align 4\n  %34 = load i64, ptr %8, align 8\n  %35 = add i64 %34, 1\n  store i64 %35, ptr %8, align 8\n  br label %10, !llvm.loop !6\n"
    },
    {
        "unoptimized": "%40 = load i64, ptr %8, align 8\n  %41 = icmp ule i64 1, %40\n  br i1 %41, label %42, label %45\n",
        "optimized": "%37 = load i64, ptr %8, align 8\n  %.not1 = icmp eq i64 %37, 0\n  br i1 %.not1, label %41, label %38\n"
    },
    {
        "unoptimized": "%43 = load i64, ptr %8, align 8\n  %44 = icmp ule i64 %43, 3\n  br i1 %44, label %46, label %45\n",
        "optimized": "%39 = load i64, ptr %8, align 8\n  %40 = icmp ult i64 %39, 4\n  br i1 %40, label %42, label %41\n"
    },
    {
        "unoptimized": "store ptr null, ptr %4, align 8\n  br label %55\n",
        "optimized": "store ptr null, ptr %4, align 8\n  br label %51\n"
    },
    {
        "unoptimized": "%47 = load i32, ptr %9, align 4\n  %48 = icmp sgt i32 %47, 255\n  br i1 %48, label %49, label %50\n",
        "optimized": "%43 = load i32, ptr %9, align 4\n  %44 = icmp sgt i32 %43, 255\n  br i1 %44, label %45, label %46\n"
    },
    {
        "unoptimized": "store ptr null, ptr %4, align 8\n  br label %55\n",
        "optimized": "store ptr null, ptr %4, align 8\n  br label %51\n"
    },
    {
        "unoptimized": "%51 = load i32, ptr %9, align 4\n  %52 = trunc i32 %51 to i8\n  %53 = load ptr, ptr %7, align 8\n  store i8 %52, ptr %53, align 1\n  %54 = load ptr, ptr %5, align 8\n  store ptr %54, ptr %4, align 8\n  br label %55\n",
        "optimized": "%47 = load i32, ptr %9, align 4\n  %48 = trunc i32 %47 to i8\n  %49 = load ptr, ptr %7, align 8\n  store i8 %48, ptr %49, align 1\n  %50 = load ptr, ptr %5, align 8\n  store ptr %50, ptr %4, align 8\n  br label %51\n"
    },
    {
        "unoptimized": "%56 = load ptr, ptr %4, align 8\n  ret ptr %56\n}",
        "optimized": "%52 = load ptr, ptr %4, align 8\n  ret ptr %52\n}"
    }
]