[
    {
        "unoptimized": "%2 = alloca ptr, align 8\n  store ptr %0, ptr %2, align 8\n  %3 = load ptr, ptr %2, align 8\n  %4 = getelementptr inbounds %struct.insn, ptr %3, i32 0, i32 1\n  %5 = getelementptr inbounds %struct.TYPE_3__, ptr %4, i32 0, i32 0\n  %6 = load i32, ptr %5, align 4\n  %7 = icmp ne i32 %6, 0\n  br i1 %7, label %11, label %8\n",
        "optimized": "%2 = alloca ptr, align 8\n  store ptr %0, ptr %2, align 8\n  %3 = getelementptr inbounds %struct.insn, ptr %0, i64 0, i32 1\n  %4 = load i32, ptr %3, align 4\n  %.not = icmp eq i32 %4, 0\n  br i1 %.not, label %5, label %8\n"
    },
    {
        "unoptimized": "%9 = load ptr, ptr %2, align 8\n  %10 = call i32 @insn_get_prefixes(ptr noundef %9)\n  br label %11\n",
        "optimized": "%6 = load ptr, ptr %2, align 8\n  %7 = call i32 @insn_get_prefixes(ptr noundef %6) #2\n  br label %8\n"
    },
    {
        "unoptimized": "%12 = load ptr, ptr %2, align 8\n  %13 = getelementptr inbounds %struct.insn, ptr %12, i32 0, i32 0\n  %14 = getelementptr inbounds %struct.TYPE_4__, ptr %13, i32 0, i32 0\n  %15 = load i32, ptr %14, align 4\n  %16 = icmp eq i32 %15, 4\n  %17 = zext i1 %16 to i32\n  ret i32 %17\n}",
        "optimized": "%9 = load ptr, ptr %2, align 8\n  %10 = load i32, ptr %9, align 4\n  %11 = icmp eq i32 %10, 4\n  %12 = zext i1 %11 to i32\n  ret i32 %12\n}"
    }
]