[
    {
        "unoptimized": "%3 = alloca ptr, align 8\n  %4 = alloca ptr, align 8\n  %5 = alloca ptr, align 8\n  %6 = alloca %struct.timeval, align 4\n  %7 = alloca i64, align 8\n  %8 = alloca %struct.TYPE_21__, align 8\n  %9 = alloca ptr, align 8\n  store ptr %0, ptr %3, align 8\n  store ptr %1, ptr %4, align 8\n  %10 = load ptr, ptr %3, align 8\n  %11 = getelementptr inbounds %struct.TYPE_20__, ptr %10, i32 0, i32 0\n  %12 = load ptr, ptr %11, align 8\n  store ptr %12, ptr %5, align 8\n  %13 = load ptr, ptr %3, align 8\n  %14 = getelementptr inbounds %struct.TYPE_20__, ptr %13, i32 0, i32 0\n  store ptr null, ptr %14, align 8\n  %15 = load ptr, ptr %4, align 8\n  %16 = icmp ne ptr %15, null\n  br i1 %16, label %17, label %29\n",
        "optimized": "%3 = alloca ptr, align 8\n  %4 = alloca ptr, align 8\n  %5 = alloca %struct.timeval, align 4\n  %6 = alloca i64, align 8\n  %7 = alloca %struct.TYPE_21__, align 8\n  %8 = alloca ptr, align 8\n  store ptr %0, ptr %3, align 8\n  %9 = load ptr, ptr %0, align 8\n  store ptr %9, ptr %4, align 8\n  store ptr null, ptr %0, align 8\n  %.not = icmp eq ptr %1, null\n  br i1 %.not, label %20, label %10\n"
    },
    {
        "unoptimized": "%18 = load ptr, ptr %5, align 8\n  %19 = getelementptr inbounds %struct.st_h2o_accept_data_t, ptr %18, i32 0, i32 1\n  %20 = load ptr, ptr %19, align 8\n  %21 = getelementptr inbounds %struct.TYPE_16__, ptr %20, i32 0, i32 0\n  %22 = load ptr, ptr %21, align 8\n  %23 = getelementptr inbounds %struct.TYPE_19__, ptr %22, i32 0, i32 0\n  %24 = getelementptr inbounds %struct.TYPE_18__, ptr %23, i32 0, i32 6\n  %25 = load i32, ptr %24, align 4\n  %26 = add nsw i32 %25, 1\n  store i32 %26, ptr %24, align 4\n  %27 = load ptr, ptr %3, align 8\n  %28 = call i32 @h2o_socket_close(ptr noundef %27)\n  br label %164\n",
        "optimized": "%11 = load ptr, ptr %4, align 8\n  %12 = getelementptr inbounds %struct.st_h2o_accept_data_t, ptr %11, i64 0, i32 1\n  %13 = load ptr, ptr %12, align 8\n  %14 = load ptr, ptr %13, align 8\n  %15 = getelementptr inbounds %struct.TYPE_18__, ptr %14, i64 0, i32 6\n  %16 = load i32, ptr %15, align 4\n  %17 = add nsw i32 %16, 1\n  store i32 %17, ptr %15, align 4\n  %18 = load ptr, ptr %3, align 8\n  %19 = call i32 @h2o_socket_close(ptr noundef %18) #2\n  br label %123\n"
    },
    {
        "unoptimized": "%30 = load ptr, ptr %5, align 8\n  %31 = getelementptr inbounds %struct.st_h2o_accept_data_t, ptr %30, i32 0, i32 1\n  %32 = load ptr, ptr %31, align 8\n  %33 = getelementptr inbounds %struct.TYPE_16__, ptr %32, i32 0, i32 0\n  %34 = load ptr, ptr %33, align 8\n  %35 = getelementptr inbounds %struct.TYPE_19__, ptr %34, i32 0, i32 1\n  %36 = load i32, ptr %35, align 4\n  %37 = call i32 @h2o_gettimeofday(i32 noundef %36)\n  %38 = getelementptr inbounds %struct.timeval, ptr %6, i32 0, i32 0\n  store i32 %37, ptr %38, align 4\n  %39 = load ptr, ptr %5, align 8\n  %40 = getelementptr inbounds %struct.st_h2o_accept_data_t, ptr %39, i32 0, i32 0\n  %41 = call i64 @h2o_timeval_subtract(ptr noundef %40, ptr noundef %6)\n  store i64 %41, ptr %7, align 8\n  %42 = load ptr, ptr %3, align 8\n  %43 = call i64 @h2o_socket_get_ssl_session_reused(ptr noundef %42)\n  %44 = icmp ne i64 %43, 0\n  br i1 %44, label %45, label %67\n",
        "optimized": "%21 = load ptr, ptr %4, align 8\n  %22 = getelementptr inbounds %struct.st_h2o_accept_data_t, ptr %21, i64 0, i32 1\n  %23 = load ptr, ptr %22, align 8\n  %24 = load ptr, ptr %23, align 8\n  %25 = getelementptr inbounds %struct.TYPE_19__, ptr %24, i64 0, i32 1\n  %26 = load i32, ptr %25, align 4\n  %27 = call i32 @h2o_gettimeofday(i32 noundef %26) #2\n  store i32 %27, ptr %5, align 4\n  %28 = load ptr, ptr %4, align 8\n  %29 = call i64 @h2o_timeval_subtract(ptr noundef %28, ptr noundef nonnull %5) #2\n  store i64 %29, ptr %6, align 8\n  %30 = load ptr, ptr %3, align 8\n  %31 = call i64 @h2o_socket_get_ssl_session_reused(ptr noundef %30) #2\n  %.not1 = icmp eq i64 %31, 0\n  br i1 %.not1, label %49, label %32\n"
    },
    {
        "unoptimized": "%46 = load ptr, ptr %5, align 8\n  %47 = getelementptr inbounds %struct.st_h2o_accept_data_t, ptr %46, i32 0, i32 1\n  %48 = load ptr, ptr %47, align 8\n  %49 = getelementptr inbounds %struct.TYPE_16__, ptr %48, i32 0, i32 0\n  %50 = load ptr, ptr %49, align 8\n  %51 = getelementptr inbounds %struct.TYPE_19__, ptr %50, i32 0, i32 0\n  %52 = getelementptr inbounds %struct.TYPE_18__, ptr %51, i32 0, i32 5\n  %53 = load i32, ptr %52, align 4\n  %54 = add nsw i32 %53, 1\n  store i32 %54, ptr %52, align 4\n  %55 = load i64, ptr %7, align 8\n  %56 = load ptr, ptr %5, align 8\n  %57 = getelementptr inbounds %struct.st_h2o_accept_data_t, ptr %56, i32 0, i32 1\n  %58 = load ptr, ptr %57, align 8\n  %59 = getelementptr inbounds %struct.TYPE_16__, ptr %58, i32 0, i32 0\n  %60 = load ptr, ptr %59, align 8\n  %61 = getelementptr inbounds %struct.TYPE_19__, ptr %60, i32 0, i32 0\n  %62 = getelementptr inbounds %struct.TYPE_18__, ptr %61, i32 0, i32 4\n  %63 = load i32, ptr %62, align 4\n  %64 = sext i32 %63 to i64\n  %65 = add nsw i64 %64, %55\n  %66 = trunc i64 %65 to i32\n  store i32 %66, ptr %62, align 4\n  br label %89\n",
        "optimized": "%33 = load ptr, ptr %4, align 8\n  %34 = getelementptr inbounds %struct.st_h2o_accept_data_t, ptr %33, i64 0, i32 1\n  %35 = load ptr, ptr %34, align 8\n  %36 = load ptr, ptr %35, align 8\n  %37 = getelementptr inbounds %struct.TYPE_18__, ptr %36, i64 0, i32 5\n  %38 = load i32, ptr %37, align 4\n  %39 = add nsw i32 %38, 1\n  store i32 %39, ptr %37, align 4\n  %40 = load i64, ptr %6, align 8\n  %41 = load ptr, ptr %4, align 8\n  %42 = getelementptr inbounds %struct.st_h2o_accept_data_t, ptr %41, i64 0, i32 1\n  %43 = load ptr, ptr %42, align 8\n  %44 = load ptr, ptr %43, align 8\n  %45 = getelementptr inbounds %struct.TYPE_18__, ptr %44, i64 0, i32 4\n  %46 = load i32, ptr %45, align 4\n  %47 = trunc i64 %40 to i32\n  %48 = add i32 %46, %47\n  store i32 %48, ptr %45, align 4\n  br label %66\n"
    },
    {
        "unoptimized": "%68 = load ptr, ptr %5, align 8\n  %69 = getelementptr inbounds %struct.st_h2o_accept_data_t, ptr %68, i32 0, i32 1\n  %70 = load ptr, ptr %69, align 8\n  %71 = getelementptr inbounds %struct.TYPE_16__, ptr %70, i32 0, i32 0\n  %72 = load ptr, ptr %71, align 8\n  %73 = getelementptr inbounds %struct.TYPE_19__, ptr %72, i32 0, i32 0\n  %74 = getelementptr inbounds %struct.TYPE_18__, ptr %73, i32 0, i32 3\n  %75 = load i32, ptr %74, align 4\n  %76 = add nsw i32 %75, 1\n  store i32 %76, ptr %74, align 4\n  %77 = load i64, ptr %7, align 8\n  %78 = load ptr, ptr %5, align 8\n  %79 = getelementptr inbounds %struct.st_h2o_accept_data_t, ptr %78, i32 0, i32 1\n  %80 = load ptr, ptr %79, align 8\n  %81 = getelementptr inbounds %struct.TYPE_16__, ptr %80, i32 0, i32 0\n  %82 = load ptr, ptr %81, align 8\n  %83 = getelementptr inbounds %struct.TYPE_19__, ptr %82, i32 0, i32 0\n  %84 = getelementptr inbounds %struct.TYPE_18__, ptr %83, i32 0, i32 2\n  %85 = load i32, ptr %84, align 4\n  %86 = sext i32 %85 to i64\n  %87 = add nsw i64 %86, %77\n  %88 = trunc i64 %87 to i32\n  store i32 %88, ptr %84, align 4\n  br label %89\n",
        "optimized": "%50 = load ptr, ptr %4, align 8\n  %51 = getelementptr inbounds %struct.st_h2o_accept_data_t, ptr %50, i64 0, i32 1\n  %52 = load ptr, ptr %51, align 8\n  %53 = load ptr, ptr %52, align 8\n  %54 = getelementptr inbounds %struct.TYPE_18__, ptr %53, i64 0, i32 3\n  %55 = load i32, ptr %54, align 4\n  %56 = add nsw i32 %55, 1\n  store i32 %56, ptr %54, align 4\n  %57 = load i64, ptr %6, align 8\n  %58 = load ptr, ptr %4, align 8\n  %59 = getelementptr inbounds %struct.st_h2o_accept_data_t, ptr %58, i64 0, i32 1\n  %60 = load ptr, ptr %59, align 8\n  %61 = load ptr, ptr %60, align 8\n  %62 = getelementptr inbounds %struct.TYPE_18__, ptr %61, i64 0, i32 2\n  %63 = load i32, ptr %62, align 4\n  %64 = trunc i64 %57 to i32\n  %65 = add i32 %63, %64\n  store i32 %65, ptr %62, align 4\n  br label %66\n"
    },
    {
        "unoptimized": "%90 = load ptr, ptr %3, align 8\n  %91 = call { i64, i32 }",
        "optimized": "%67 = load ptr, ptr %3, align 8\n  %68 = call { i64, i32 }"
    }
]