[
    {
        "unoptimized": "%5 = alloca ptr, align 8\n  %6 = alloca i64, align 8\n  %7 = alloca ptr, align 8\n  %8 = alloca i64, align 8\n  %9 = alloca ptr, align 8\n  %10 = alloca ptr, align 8\n  %11 = alloca ptr, align 8\n  %12 = alloca ptr, align 8\n  store i64 %0, ptr %6, align 8\n  store ptr %1, ptr %7, align 8\n  store i64 %2, ptr %8, align 8\n  store ptr %3, ptr %9, align 8\n  %13 = load i64, ptr %8, align 8\n  %14 = load i64, ptr @byPtr, align 8\n  %15 = icmp eq i64 %13, %14\n  br i1 %15, label %16, label %22\n",
        "optimized": "%5 = alloca ptr, align 8\n  %6 = alloca i64, align 8\n  %7 = alloca ptr, align 8\n  %8 = alloca i64, align 8\n  %9 = alloca ptr, align 8\n  store i64 %0, ptr %6, align 8\n  store ptr %1, ptr %7, align 8\n  store i64 %2, ptr %8, align 8\n  store ptr %3, ptr %9, align 8\n  %10 = load i64, ptr @byPtr, align 8\n  %11 = icmp eq i64 %10, %2\n  br i1 %11, label %12, label %17\n"
    },
    {
        "unoptimized": "%17 = load ptr, ptr %7, align 8\n  store ptr %17, ptr %10, align 8\n  %18 = load ptr, ptr %10, align 8\n  %19 = load i64, ptr %6, align 8\n  %20 = getelementptr inbounds ptr, ptr %18, i64 %19\n  %21 = load ptr, ptr %20, align 8\n  store ptr %21, ptr %5, align 8\n  br label %43\n",
        "optimized": "%13 = load ptr, ptr %7, align 8\n  %14 = load i64, ptr %6, align 8\n  %15 = getelementptr inbounds ptr, ptr %13, i64 %14\n  %16 = load ptr, ptr %15, align 8\n  store ptr %16, ptr %5, align 8\n  br label %36\n"
    },
    {
        "unoptimized": "%23 = load i64, ptr %8, align 8\n  %24 = load i64, ptr @byut32, align 8\n  %25 = icmp eq i64 %23, %24\n  br i1 %25, label %26, label %34\n",
        "optimized": "%18 = load i64, ptr %8, align 8\n  %19 = load i64, ptr @byut32, align 8\n  %20 = icmp eq i64 %18, %19\n  br i1 %20, label %21, label %28\n"
    },
    {
        "unoptimized": "%27 = load ptr, ptr %7, align 8\n  store ptr %27, ptr %11, align 8\n  %28 = load ptr, ptr %11, align 8\n  %29 = load i64, ptr %6, align 8\n  %30 = getelementptr inbounds i64, ptr %28, i64 %29\n  %31 = load i64, ptr %30, align 8\n  %32 = load ptr, ptr %9, align 8\n  %33 = getelementptr inbounds i32, ptr %32, i64 %31\n  store ptr %33, ptr %5, align 8\n  br label %43\n",
        "optimized": "%22 = load ptr, ptr %7, align 8\n  %23 = load i64, ptr %6, align 8\n  %24 = getelementptr inbounds i64, ptr %22, i64 %23\n  %25 = load i64, ptr %24, align 8\n  %26 = load ptr, ptr %9, align 8\n  %27 = getelementptr inbounds i32, ptr %26, i64 %25\n  store ptr %27, ptr %5, align 8\n  br label %36\n"
    },
    {
        "unoptimized": "%35 = load ptr, ptr %7, align 8\n  store ptr %35, ptr %12, align 8\n  %36 = load ptr, ptr %12, align 8\n  %37 = load i64, ptr %6, align 8\n  %38 = getelementptr inbounds i32, ptr %36, i64 %37\n  %39 = load i32, ptr %38, align 4\n  %40 = load ptr, ptr %9, align 8\n  %41 = sext i32 %39 to i64\n  %42 = getelementptr inbounds i32, ptr %40, i64 %41\n  store ptr %42, ptr %5, align 8\n  br label %43\n",
        "optimized": "%29 = load ptr, ptr %7, align 8\n  %30 = load i64, ptr %6, align 8\n  %31 = getelementptr inbounds i32, ptr %29, i64 %30\n  %32 = load i32, ptr %31, align 4\n  %33 = load ptr, ptr %9, align 8\n  %34 = sext i32 %32 to i64\n  %35 = getelementptr inbounds i32, ptr %33, i64 %34\n  store ptr %35, ptr %5, align 8\n  br label %36\n"
    },
    {
        "unoptimized": "%44 = load ptr, ptr %5, align 8\n  ret ptr %44\n}",
        "optimized": "%37 = load ptr, ptr %5, align 8\n  ret ptr %37\n}"
    }
]