[
    {
        "unoptimized": "%3 = alloca i64, align 8\n  %4 = alloca ptr, align 8\n  %5 = alloca i32, align 4\n  %6 = alloca i32, align 4\n  %7 = alloca i32, align 4\n  %8 = alloca i32, align 4\n  store ptr %0, ptr %4, align 8\n  store i32 %1, ptr %5, align 4\n  store i32 -1, ptr %7, align 4\n  store i32 -1, ptr %8, align 4\n  store i32 0, ptr %6, align 4\n  br label %9\n",
        "optimized": "%3 = alloca ptr, align 8\n  %4 = alloca i32, align 4\n  %5 = alloca i32, align 4\n  %6 = alloca i32, align 4\n  %7 = alloca i32, align 4\n  store ptr %0, ptr %3, align 8\n  store i32 %1, ptr %4, align 4\n  store i32 -1, ptr %6, align 4\n  store i32 -1, ptr %7, align 4\n  br label %8\n"
    },
    {
        "unoptimized": "%10 = load i32, ptr %6, align 4\n  %11 = load i32, ptr %5, align 4\n  %12 = icmp slt i32 %10, %11\n  br i1 %12, label %13, label %33\n",
        "optimized": "%storemerge = phi i32 [ 0, %2 ], [ %29, %27 ]\n  store i32 %storemerge, ptr %5, align 4\n  %9 = load i32, ptr %4, align 4\n  %10 = icmp slt i32 %storemerge, %9\n  br i1 %10, label %11, label %30\n"
    },
    {
        "unoptimized": "%14 = load ptr, ptr %4, align 8\n  %15 = load i32, ptr %6, align 4\n  %16 = sext i32 %15 to i64\n  %17 = getelementptr inbounds %struct.elf_phdr, ptr %14, i64 %16\n  %18 = getelementptr inbounds %struct.elf_phdr, ptr %17, i32 0, i32 0\n  %19 = load i64, ptr %18, align 8\n  %20 = load i64, ptr @PT_LOAD, align 8\n  %21 = icmp eq i64 %19, %20\n  br i1 %21, label %22, label %29\n",
        "optimized": "%12 = load ptr, ptr %3, align 8\n  %13 = load i32, ptr %5, align 4\n  %14 = sext i32 %13 to i64\n  %15 = getelementptr inbounds %struct.elf_phdr, ptr %12, i64 %14\n  %16 = load i64, ptr %15, align 8\n  %17 = load i64, ptr @PT_LOAD, align 8\n  %18 = icmp eq i64 %16, %17\n  br i1 %18, label %19, label %26\n"
    },
    {
        "unoptimized": "%23 = load i32, ptr %6, align 4\n  store i32 %23, ptr %8, align 4\n  %24 = load i32, ptr %7, align 4\n  %25 = icmp eq i32 %24, -1\n  br i1 %25, label %26, label %28\n",
        "optimized": "%20 = load i32, ptr %5, align 4\n  store i32 %20, ptr %7, align 4\n  %21 = load i32, ptr %6, align 4\n  %22 = icmp eq i32 %21, -1\n  br i1 %22, label %23, label %25\n"
    },
    {
        "unoptimized": "%27 = load i32, ptr %6, align 4\n  store i32 %27, ptr %7, align 4\n  br label %28\n",
        "optimized": "%24 = load i32, ptr %5, align 4\n  store i32 %24, ptr %6, align 4\n  br label %25\n"
    },
    {
        "unoptimized": "br label %29\n",
        "optimized": "br label %26\n"
    },
    {
        "unoptimized": "br label %30\n",
        "optimized": "br label %27\n"
    },
    {
        "unoptimized": "%31 = load i32, ptr %6, align 4\n  %32 = add nsw i32 %31, 1\n  store i32 %32, ptr %6, align 4\n  br label %9, !llvm.loop !6\n",
        "optimized": "%28 = load i32, ptr %5, align 4\n  %29 = add nsw i32 %28, 1\n  br label %8, !llvm.loop !6\n"
    },
    {
        "unoptimized": "%34 = load i32, ptr %7, align 4\n  %35 = icmp eq i32 %34, -1\n  br i1 %35, label %36, label %37\n",
        "optimized": "%31 = load i32, ptr %6, align 4\n  %32 = icmp eq i32 %31, -1\n  br i1 %32, label %33, label %34\n"
    },
    {
        "unoptimized": "store i64 0, ptr %3, align 8\n  br label %59\n",
        "optimized": "br label %51\n"
    },
    {
        "unoptimized": "%38 = load ptr, ptr %4, align 8\n  %39 = load i32, ptr %8, align 4\n  %40 = sext i32 %39 to i64\n  %41 = getelementptr inbounds %struct.elf_phdr, ptr %38, i64 %40\n  %42 = getelementptr inbounds %struct.elf_phdr, ptr %41, i32 0, i32 1\n  %43 = load i64, ptr %42, align 8\n  %44 = load ptr, ptr %4, align 8\n  %45 = load i32, ptr %8, align 4\n  %46 = sext i32 %45 to i64\n  %47 = getelementptr inbounds %struct.elf_phdr, ptr %44, i64 %46\n  %48 = getelementptr inbounds %struct.elf_phdr, ptr %47, i32 0, i32 2\n  %49 = load i64, ptr %48, align 8\n  %50 = add i64 %43, %49\n  %51 = load ptr, ptr %4, align 8\n  %52 = load i32, ptr %7, align 4\n  %53 = sext i32 %52 to i64\n  %54 = getelementptr inbounds %struct.elf_phdr, ptr %51, i64 %53\n  %55 = getelementptr inbounds %struct.elf_phdr, ptr %54, i32 0, i32 1\n  %56 = load i64, ptr %55, align 8\n  %57 = call i64 @ELF_PAGESTART(i64 noundef %56)\n  %58 = sub i64 %50, %57\n  store i64 %58, ptr %3, align 8\n  br label %59\n",
        "optimized": "%35 = load ptr, ptr %3, align 8\n  %36 = load i32, ptr %7, align 4\n  %37 = sext i32 %36 to i64\n  %38 = getelementptr inbounds %struct.elf_phdr, ptr %35, i64 %37, i32 1\n  %39 = load i64, ptr %38, align 8\n  %40 = sext i32 %36 to i64\n  %41 = getelementptr inbounds %struct.elf_phdr, ptr %35, i64 %40, i32 2\n  %42 = load i64, ptr %41, align 8\n  %43 = add i64 %39, %42\n  %44 = load ptr, ptr %3, align 8\n  %45 = load i32, ptr %6, align 4\n  %46 = sext i32 %45 to i64\n  %47 = getelementptr inbounds %struct.elf_phdr, ptr %44, i64 %46, i32 1\n  %48 = load i64, ptr %47, align 8\n  %49 = call i64 @ELF_PAGESTART(i64 noundef %48) #2\n  %50 = sub i64 %43, %49\n  br label %51\n"
    },
    {
        "unoptimized": "%60 = load i64, ptr %3, align 8\n  ret i64 %60\n}",
        "optimized": "%storemerge1 = phi i64 [ %50, %34 ], [ 0, %33 ]\n  ret i64 %storemerge1\n}"
    }
]