[
    {
        "unoptimized": "%8 = alloca ptr, align 8\n  %9 = alloca ptr, align 8\n  %10 = alloca i64, align 8\n  %11 = alloca i32, align 4\n  %12 = alloca ptr, align 8\n  %13 = alloca ptr, align 8\n  %14 = alloca i32, align 4\n  %15 = alloca ptr, align 8\n  %16 = alloca i64, align 8\n  %17 = alloca ptr, align 8\n  %18 = alloca i64, align 8\n  store ptr %0, ptr %8, align 8\n  store ptr %1, ptr %9, align 8\n  store i64 %2, ptr %10, align 8\n  store i32 %3, ptr %11, align 4\n  store ptr %4, ptr %12, align 8\n  store ptr %5, ptr %13, align 8\n  store i32 %6, ptr %14, align 4\n  %19 = load ptr, ptr %8, align 8\n  store ptr %19, ptr %15, align 8\n  store i64 0, ptr %16, align 8\n  %20 = load ptr, ptr %15, align 8\n  %21 = getelementptr inbounds %struct.st_gzip_context_t, ptr %20, i32 0, i32 3\n  %22 = getelementptr inbounds %struct.TYPE_8__, ptr %21, i32 0, i32 0\n  %23 = load ptr, ptr %22, align 8\n  %24 = getelementptr inbounds %struct.TYPE_10__, ptr %23, i64 0\n  %25 = getelementptr inbounds %struct.TYPE_10__, ptr %24, i32 0, i32 0\n  store i64 0, ptr %25, align 8\n  %26 = load i64, ptr %10, align 8\n  %27 = icmp ne i64 %26, 0\n  br i1 %27, label %28, label %79\n",
        "optimized": "%8 = alloca ptr, align 8\n  %9 = alloca ptr, align 8\n  %10 = alloca i64, align 8\n  %11 = alloca i32, align 4\n  %12 = alloca ptr, align 8\n  %13 = alloca ptr, align 8\n  %14 = alloca i32, align 4\n  %15 = alloca ptr, align 8\n  %16 = alloca i64, align 8\n  %17 = alloca i64, align 8\n  store ptr %0, ptr %8, align 8\n  store ptr %1, ptr %9, align 8\n  store i64 %2, ptr %10, align 8\n  store i32 %3, ptr %11, align 4\n  store ptr %4, ptr %12, align 8\n  store ptr %5, ptr %13, align 8\n  store i32 %6, ptr %14, align 4\n  %18 = load ptr, ptr %8, align 8\n  store ptr %18, ptr %15, align 8\n  store i64 0, ptr %16, align 8\n  %19 = getelementptr inbounds %struct.st_gzip_context_t, ptr %18, i64 0, i32 3\n  %20 = load ptr, ptr %19, align 8\n  store i64 0, ptr %20, align 8\n  %21 = load i64, ptr %10, align 8\n  %.not = icmp eq i64 %21, 0\n  br i1 %.not, label %63, label %22\n"
    },
    {
        "unoptimized": "store i64 0, ptr %18, align 8\n  br label %29\n",
        "optimized": "br label %23\n"
    },
    {
        "unoptimized": "%30 = load i64, ptr %18, align 8\n  %31 = load i64, ptr %10, align 8\n  %32 = sub i64 %31, 1\n  %33 = icmp ne i64 %30, %32\n  br i1 %33, label %34, label %64\n",
        "optimized": "%storemerge3 = phi i64 [ 0, %22 ], [ %49, %47 ]\n  store i64 %storemerge3, ptr %17, align 8\n  %24 = load i64, ptr %10, align 8\n  %25 = add i64 %24, -1\n  %.not4 = icmp eq i64 %storemerge3, %25\n  br i1 %.not4, label %50, label %26\n"
    },
    {
        "unoptimized": "%35 = load ptr, ptr %9, align 8\n  %36 = load i64, ptr %18, align 8\n  %37 = getelementptr inbounds %struct.TYPE_10__, ptr %35, i64 %36\n  %38 = getelementptr inbounds %struct.TYPE_10__, ptr %37, i32 0, i32 3\n  %39 = load ptr, ptr %38, align 8\n  %40 = getelementptr inbounds %struct.TYPE_7__, ptr %39, i32 0, i32 0\n  %41 = load i64, ptr %40, align 8\n  %42 = load i64, ptr @h2o_sendvec_flatten_raw, align 8\n  %43 = icmp eq i64 %41, %42\n  %44 = zext i1 %43 to i32\n  %45 = call i32 @assert(i32 noundef %44)\n  %46 = load ptr, ptr %15, align 8\n  %47 = load ptr, ptr %9, align 8\n  %48 = load i64, ptr %18, align 8\n  %49 = getelementptr inbounds %struct.TYPE_10__, ptr %47, i64 %48\n  %50 = getelementptr inbounds %struct.TYPE_10__, ptr %49, i32 0, i32 1\n  %51 = load i32, ptr %50, align 8\n  %52 = load ptr, ptr %9, align 8\n  %53 = load i64, ptr %18, align 8\n  %54 = getelementptr inbounds %struct.TYPE_10__, ptr %52, i64 %53\n  %55 = getelementptr inbounds %struct.TYPE_10__, ptr %54, i32 0, i32 0\n  %56 = load i64, ptr %55, align 8\n  %57 = load i32, ptr @Z_NO_FLUSH, align 4\n  %58 = load i64, ptr %16, align 8\n  %59 = load i32, ptr %14, align 4\n  %60 = call i64 @process_chunk(ptr noundef %46, i32 noundef %51, i64 noundef %56, i32 noundef %57, i64 noundef %58, i32 noundef %59)\n  store i64 %60, ptr %16, align 8\n  br label %61\n",
        "optimized": "%27 = load ptr, ptr %9, align 8\n  %28 = load i64, ptr %17, align 8\n  %29 = getelementptr inbounds %struct.TYPE_10__, ptr %27, i64 %28, i32 3\n  %30 = load ptr, ptr %29, align 8\n  %31 = load i64, ptr %30, align 8\n  %32 = load i64, ptr @h2o_sendvec_flatten_raw, align 8\n  %33 = icmp eq i64 %31, %32\n  %34 = zext i1 %33 to i32\n  %35 = call i32 @assert(i32 noundef %34) #2\n  %36 = load ptr, ptr %15, align 8\n  %37 = load ptr, ptr %9, align 8\n  %38 = load i64, ptr %17, align 8\n  %39 = getelementptr inbounds %struct.TYPE_10__, ptr %37, i64 %38, i32 1\n  %40 = load i32, ptr %39, align 8\n  %41 = getelementptr inbounds %struct.TYPE_10__, ptr %37, i64 %38\n  %42 = load i64, ptr %41, align 8\n  %43 = load i32, ptr @Z_NO_FLUSH, align 4\n  %44 = load i64, ptr %16, align 8\n  %45 = load i32, ptr %14, align 4\n  %46 = call i64 @process_chunk(ptr noundef %36, i32 noundef %40, i64 noundef %42, i32 noundef %43, i64 noundef %44, i32 noundef %45) #2\n  store i64 %46, ptr %16, align 8\n  br label %47\n"
    },
    {
        "unoptimized": "%62 = load i64, ptr %18, align 8\n  %63 = add i64 %62, 1\n  store i64 %63, ptr %18, align 8\n  br label %29, !llvm.loop !6\n",
        "optimized": "%48 = load i64, ptr %17, align 8\n  %49 = add i64 %48, 1\n  br label %23, !llvm.loop !6\n"
    },
    {
        "unoptimized": "%65 = load ptr, ptr %9, align 8\n  %66 = load i64, ptr %18, align 8\n  %67 = getelementptr inbounds %struct.TYPE_10__, ptr %65, i64 %66\n  %68 = getelementptr inbounds %struct.TYPE_10__, ptr %67, i32 0, i32 3\n  %69 = load ptr, ptr %68, align 8\n  %70 = getelementptr inbounds %struct.TYPE_7__, ptr %69, i32 0, i32 0\n  %71 = load i64, ptr %70, align 8\n  %72 = load i64, ptr @h2o_sendvec_flatten_raw, align 8\n  %73 = icmp eq i64 %71, %72\n  %74 = zext i1 %73 to i32\n  %75 = call i32 @assert(i32 noundef %74)\n  %76 = load ptr, ptr %9, align 8\n  %77 = load i64, ptr %18, align 8\n  %78 = getelementptr inbounds %struct.TYPE_10__, ptr %76, i64 %77\n  store ptr %78, ptr %17, align 8\n  br label %80\n",
        "optimized": "%51 = load ptr, ptr %9, align 8\n  %52 = load i64, ptr %17, align 8\n  %53 = getelementptr inbounds %struct.TYPE_10__, ptr %51, i64 %52, i32 3\n  %54 = load ptr, ptr %53, align 8\n  %55 = load i64, ptr %54, align 8\n  %56 = load i64, ptr @h2o_sendvec_flatten_raw, align 8\n  %57 = icmp eq i64 %55, %56\n  %58 = zext i1 %57 to i32\n  %59 = call i32 @assert(i32 noundef %58) #2\n  %60 = load ptr, ptr %9, align 8\n  %61 = load i64, ptr %17, align 8\n  %62 = getelementptr inbounds %struct.TYPE_10__, ptr %60, i64 %61\n  br label %64\n"
    },
    {
        "unoptimized": "store ptr @do_process.zero_buf, ptr %17, align 8\n  br label %80\n",
        "optimized": "br label %64\n"
    },
    {
        "unoptimized": "%81 = load ptr, ptr %15, align 8\n  %82 = load ptr, ptr %17, align 8\n  %83 = getelementptr inbounds %struct.TYPE_10__, ptr %82, i32 0, i32 1\n  %84 = load i32, ptr %83, align 8\n  %85 = load ptr, ptr %17, align 8\n  %86 = getelementptr inbounds %struct.TYPE_10__, ptr %85, i32 0, i32 0\n  %87 = load i64, ptr %86, align 8\n  %88 = load i32, ptr %11, align 4\n  %89 = call i64 @h2o_send_state_is_in_progress(i32 noundef %88)\n  %90 = icmp ne i64 %89, 0\n  br i1 %90, label %91, label %93\n",
        "optimized": "%storemerge = phi ptr [ @do_process.zero_buf, %63 ], [ %62, %50 ]\n  %65 = load ptr, ptr %15, align 8\n  %66 = getelementptr inbounds %struct.TYPE_10__, ptr %storemerge, i64 0, i32 1\n  %67 = load i32, ptr %66, align 8\n  %68 = load i64, ptr %storemerge, align 8\n  %69 = load i32, ptr %11, align 4\n  %70 = call i64 @h2o_send_state_is_in_progress(i32 noundef %69) #2\n  %.not1 = icmp eq i64 %70, 0\n  br i1 %.not1, label %72, label %71\n"
    },
    {
        "unoptimized": "%92 = load i32, ptr @Z_SYNC_FLUSH, align 4\n  br label %95\n",
        "optimized": "br label %73\n"
    },
    {
        "unoptimized": "%94 = load i32, ptr @Z_FINISH, align 4\n  br label %95\n",
        "optimized": "br label %73\n"
    },
    {
        "unoptimized": "%96 = phi i32 [ %92, %91 ], [ %94, %93 ]\n  %97 = load i64, ptr %16, align 8\n  %98 = load i32, ptr %14, align 4\n  %99 = call i64 @process_chunk(ptr noundef %81, i32 noundef %84, i64 noundef %87, i32 noundef %96, i64 noundef %97, i32 noundef %98)\n  store i64 %99, ptr %16, align 8\n  %100 = load ptr, ptr %15, align 8\n  %101 = getelementptr inbounds %struct.st_gzip_context_t, ptr %100, i32 0, i32 3\n  %102 = getelementptr inbounds %struct.TYPE_8__, ptr %101, i32 0, i32 0\n  %103 = load ptr, ptr %102, align 8\n  %104 = load ptr, ptr %12, align 8\n  store ptr %103, ptr %104, align 8\n  %105 = load i64, ptr %16, align 8\n  %106 = add i64 %105, 1\n  %107 = load ptr, ptr %13, align 8\n  store i64 %106, ptr %107, align 8\n  %108 = load i32, ptr %11, align 4\n  %109 = call i64 @h2o_send_state_is_in_progress(i32 noundef %108)\n  %110 = icmp ne i64 %109, 0\n  br i1 %110, label %129, label %111\n",
        "optimized": "%.in = phi ptr [ @Z_SYNC_FLUSH, %71 ], [ @Z_FINISH, %72 ]\n  %74 = load i32, ptr %.in, align 4\n  %75 = load i64, ptr %16, align 8\n  %76 = load i32, ptr %14, align 4\n  %77 = call i64 @process_chunk(ptr noundef %65, i32 noundef %67, i64 noundef %68, i32 noundef %74, i64 noundef %75, i32 noundef %76) #2\n  store i64 %77, ptr %16, align 8\n  %78 = load ptr, ptr %15, align 8\n  %79 = getelementptr inbounds %struct.st_gzip_context_t, ptr %78, i64 0, i32 3\n  %80 = load ptr, ptr %79, align 8\n  %81 = load ptr, ptr %12, align 8\n  store ptr %80, ptr %81, align 8\n  %82 = add i64 %77, 1\n  %83 = load ptr, ptr %13, align 8\n  store i64 %82, ptr %83, align 8\n  %84 = load i32, ptr %11, align 4\n  %85 = call i64 @h2o_send_state_is_in_progress(i32 noundef %84) #2\n  %.not2 = icmp eq i64 %85, 0\n  br i1 %.not2, label %86, label %102\n"
    },
    {
        "unoptimized": "%112 = load ptr, ptr %15, align 8\n  %113 = getelementptr inbounds %struct.st_gzip_context_t, ptr %112, i32 0, i32 2\n  %114 = getelementptr inbounds %struct.TYPE_9__, ptr %113, i32 0, i32 0\n  %115 = load i64, ptr %114, align 8\n  %116 = load i64, ptr @do_compress, align 8\n  %117 = icmp eq i64 %115, %116\n  br i1 %117, label %118, label %122\n",
        "optimized": "%87 = load ptr, ptr %15, align 8\n  %88 = getelementptr inbounds %struct.st_gzip_context_t, ptr %87, i64 0, i32 2\n  %89 = load i64, ptr %88, align 8\n  %90 = load i64, ptr @do_compress, align 8\n  %91 = icmp eq i64 %89, %90\n  br i1 %91, label %92, label %96\n"
    },
    {
        "unoptimized": "%119 = load ptr, ptr %15, align 8\n  %120 = getelementptr inbounds %struct.st_gzip_context_t, ptr %119, i32 0, i32 1\n  %121 = call i32 @deflateEnd(ptr noundef %120)\n  br label %126\n",
        "optimized": "%93 = load ptr, ptr %15, align 8\n  %94 = getelementptr inbounds %struct.st_gzip_context_t, ptr %93, i64 0, i32 1\n  %95 = call i32 @deflateEnd(ptr noundef nonnull %94) #2\n  br label %100\n"
    },
    {
        "unoptimized": "%123 = load ptr, ptr %15, align 8\n  %124 = getelementptr inbounds %struct.st_gzip_context_t, ptr %123, i32 0, i32 1\n  %125 = call i32 @inflateEnd(ptr noundef %124)\n  br label %126\n",
        "optimized": "%97 = load ptr, ptr %15, align 8\n  %98 = getelementptr inbounds %struct.st_gzip_context_t, ptr %97, i64 0, i32 1\n  %99 = call i32 @inflateEnd(ptr noundef nonnull %98) #2\n  br label %100\n"
    },
    {
        "unoptimized": "%127 = load ptr, ptr %15, align 8\n  %128 = getelementptr inbounds %struct.st_gzip_context_t, ptr %127, i32 0, i32 0\n  store i64 0, ptr %128, align 8\n  br label %129\n",
        "optimized": "%101 = load ptr, ptr %15, align 8\n  store i64 0, ptr %101, align 8\n  br label %102\n"
    },
    {
        "unoptimized": "%130 = load i32, ptr %11, align 4\n  ret i32 %130\n}",
        "optimized": "%103 = load i32, ptr %11, align 4\n  ret i32 %103\n}"
    }
]