[
    {
        "unoptimized": "%3 = alloca i32, align 4\n  %4 = alloca i64, align 8\n  %5 = alloca i64, align 8\n  %6 = alloca i64, align 8\n  store i64 %0, ptr %4, align 8\n  store i64 %1, ptr %5, align 8\n  %7 = load i64, ptr %4, align 8\n  %8 = call i64 @ELF_PAGEALIGN(i64 noundef %7)\n  store i64 %8, ptr %4, align 8\n  %9 = load i64, ptr %5, align 8\n  %10 = call i64 @ELF_PAGEALIGN(i64 noundef %9)\n  store i64 %10, ptr %5, align 8\n  %11 = load i64, ptr %5, align 8\n  %12 = load i64, ptr %4, align 8\n  %13 = icmp ugt i64 %11, %12\n  br i1 %13, label %14, label %37\n",
        "optimized": "%3 = alloca i64, align 8\n  %4 = alloca i64, align 8\n  %5 = alloca i64, align 8\n  store i64 %0, ptr %3, align 8\n  store i64 %1, ptr %4, align 8\n  %6 = call i64 @ELF_PAGEALIGN(i64 noundef %0) #2\n  store i64 %6, ptr %3, align 8\n  %7 = call i64 @ELF_PAGEALIGN(i64 noundef %1) #2\n  store i64 %7, ptr %4, align 8\n  %8 = icmp ugt i64 %7, %6\n  br i1 %8, label %9, label %27\n"
    },
    {
        "unoptimized": "%15 = load ptr, ptr @current, align 8\n  %16 = getelementptr inbounds %struct.TYPE_4__, ptr %15, i32 0, i32 0\n  %17 = load ptr, ptr %16, align 8\n  %18 = getelementptr inbounds %struct.TYPE_3__, ptr %17, i32 0, i32 2\n  %19 = call i32 @down_write(ptr noundef %18)\n  %20 = load i64, ptr %4, align 8\n  %21 = load i64, ptr %5, align 8\n  %22 = load i64, ptr %4, align 8\n  %23 = sub i64 %21, %22\n  %24 = call i64 @do_brk(i64 noundef %20, i64 noundef %23)\n  store i64 %24, ptr %6, align 8\n  %25 = load ptr, ptr @current, align 8\n  %26 = getelementptr inbounds %struct.TYPE_4__, ptr %25, i32 0, i32 0\n  %27 = load ptr, ptr %26, align 8\n  %28 = getelementptr inbounds %struct.TYPE_3__, ptr %27, i32 0, i32 2\n  %29 = call i32 @up_write(ptr noundef %28)\n  %30 = load i64, ptr %6, align 8\n  %31 = call i64 @BAD_ADDR(i64 noundef %30)\n  %32 = icmp ne i64 %31, 0\n  br i1 %32, label %33, label %36\n",
        "optimized": "%10 = load ptr, ptr @current, align 8\n  %11 = load ptr, ptr %10, align 8\n  %12 = getelementptr inbounds %struct.TYPE_3__, ptr %11, i64 0, i32 2\n  %13 = call i32 @down_write(ptr noundef nonnull %12) #2\n  %14 = load i64, ptr %3, align 8\n  %15 = load i64, ptr %4, align 8\n  %16 = sub i64 %15, %14\n  %17 = call i64 @do_brk(i64 noundef %14, i64 noundef %16) #2\n  store i64 %17, ptr %5, align 8\n  %18 = load ptr, ptr @current, align 8\n  %19 = load ptr, ptr %18, align 8\n  %20 = getelementptr inbounds %struct.TYPE_3__, ptr %19, i64 0, i32 2\n  %21 = call i32 @up_write(ptr noundef nonnull %20) #2\n  %22 = call i64 @BAD_ADDR(i64 noundef %17) #2\n  %.not = icmp eq i64 %22, 0\n  br i1 %.not, label %26, label %23\n"
    },
    {
        "unoptimized": "%34 = load i64, ptr %6, align 8\n  %35 = trunc i64 %34 to i32\n  store i32 %35, ptr %3, align 4\n  br label %47\n",
        "optimized": "%24 = load i64, ptr %5, align 8\n  %25 = trunc i64 %24 to i32\n  br label %33\n"
    },
    {
        "unoptimized": "br label %37\n",
        "optimized": "br label %27\n"
    },
    {
        "unoptimized": "%38 = load i64, ptr %5, align 8\n  %39 = load ptr, ptr @current, align 8\n  %40 = getelementptr inbounds %struct.TYPE_4__, ptr %39, i32 0, i32 0\n  %41 = load ptr, ptr %40, align 8\n  %42 = getelementptr inbounds %struct.TYPE_3__, ptr %41, i32 0, i32 1\n  store i64 %38, ptr %42, align 8\n  %43 = load ptr, ptr @current, align 8\n  %44 = getelementptr inbounds %struct.TYPE_4__, ptr %43, i32 0, i32 0\n  %45 = load ptr, ptr %44, align 8\n  %46 = getelementptr inbounds %struct.TYPE_3__, ptr %45, i32 0, i32 0\n  store i64 %38, ptr %46, align 8\n  store i32 0, ptr %3, align 4\n  br label %47\n",
        "optimized": "%28 = load i64, ptr %4, align 8\n  %29 = load ptr, ptr @current, align 8\n  %30 = load ptr, ptr %29, align 8\n  %31 = getelementptr inbounds %struct.TYPE_3__, ptr %30, i64 0, i32 1\n  store i64 %28, ptr %31, align 8\n  %32 = load ptr, ptr %29, align 8\n  store i64 %28, ptr %32, align 8\n  br label %33\n"
    },
    {
        "unoptimized": "%48 = load i32, ptr %3, align 4\n  ret i32 %48\n}",
        "optimized": "%storemerge = phi i32 [ 0, %27 ], [ %25, %23 ]\n  ret i32 %storemerge\n}"
    }
]