[
    {
        "unoptimized": "%2 = alloca i32, align 4\n  %3 = alloca ptr, align 8\n  %4 = alloca %struct.biosregs, align 8\n  %5 = alloca %struct.biosregs, align 8\n  %6 = alloca i32, align 4\n  %7 = alloca i32, align 4\n  store ptr %0, ptr %3, align 8\n  %8 = load ptr, ptr %3, align 8\n  %9 = getelementptr inbounds %struct.mode_info, ptr %8, i32 0, i32 0\n  %10 = load i32, ptr %9, align 4\n  %11 = load i32, ptr @VIDEO_FIRST_VESA, align 4\n  %12 = sub nsw i32 %10, %11\n  store i32 %12, ptr %7, align 4\n  %13 = call i32 @memset(ptr noundef @vminfo, i32 noundef 0, i32 noundef 4)\n  %14 = call i32 @initregs(ptr noundef %4)\n  %15 = getelementptr inbounds %struct.biosregs, ptr %4, i32 0, i32 0\n  store i32 20225, ptr %15, align 8\n  %16 = load i32, ptr %7, align 4\n  %17 = getelementptr inbounds %struct.biosregs, ptr %4, i32 0, i32 1\n  store i32 %16, ptr %17, align 4\n  %18 = getelementptr inbounds %struct.biosregs, ptr %4, i32 0, i32 2\n  store i64 ptrtoint (ptr @vminfo to i64), ptr %18, align 8\n  %19 = call i32 @intcall(i32 noundef 16, ptr noundef %4, ptr noundef %5)\n  %20 = getelementptr inbounds %struct.biosregs, ptr %5, i32 0, i32 0\n  %21 = load i32, ptr %20, align 8\n  %22 = icmp ne i32 %21, 79\n  br i1 %22, label %23, label %24\n",
        "optimized": "%2 = alloca i32, align 4\n  %3 = alloca ptr, align 8\n  %4 = alloca %struct.biosregs, align 8\n  %5 = alloca %struct.biosregs, align 8\n  %6 = alloca i32, align 4\n  %7 = alloca i32, align 4\n  store ptr %0, ptr %3, align 8\n  %8 = load i32, ptr %0, align 4\n  %9 = load i32, ptr @VIDEO_FIRST_VESA, align 4\n  %10 = sub nsw i32 %8, %9\n  store i32 %10, ptr %7, align 4\n  %11 = call i32 @memset(ptr noundef nonnull @vminfo, i32 noundef 0, i32 noundef 4) #2\n  %12 = call i32 @initregs(ptr noundef nonnull %4) #2\n  store i32 20225, ptr %4, align 8\n  %13 = getelementptr inbounds %struct.biosregs, ptr %4, i64 0, i32 1\n  store i32 %10, ptr %13, align 4\n  %14 = getelementptr inbounds %struct.biosregs, ptr %4, i64 0, i32 2\n  store i64 ptrtoint (ptr @vminfo to i64), ptr %14, align 8\n  %15 = call i32 @intcall(i32 noundef 16, ptr noundef nonnull %4, ptr noundef nonnull %5) #2\n  %16 = load i32, ptr %5, align 8\n  %.not = icmp eq i32 %16, 79\n  br i1 %.not, label %18, label %17\n"
    },
    {
        "unoptimized": "store i32 -1, ptr %2, align 4\n  br label %54\n",
        "optimized": "store i32 -1, ptr %2, align 4\n  br label %42\n"
    },
    {
        "unoptimized": "%25 = load i32, ptr @vminfo, align 4\n  %26 = and i32 %25, 21\n  %27 = icmp eq i32 %26, 5\n  br i1 %27, label %28, label %29\n",
        "optimized": "%19 = load i32, ptr @vminfo, align 4\n  %20 = and i32 %19, 21\n  %21 = icmp eq i32 %20, 5\n  br i1 %21, label %22, label %23\n"
    },
    {
        "unoptimized": "store i32 0, ptr %6, align 4\n  br label %30\n",
        "optimized": "store i32 0, ptr %6, align 4\n  br label %24\n"
    },
    {
        "unoptimized": "store i32 -1, ptr %2, align 4\n  br label %54\n",
        "optimized": "store i32 -1, ptr %2, align 4\n  br label %42\n"
    },
    {
        "unoptimized": "%31 = call i32 @initregs(ptr noundef %4)\n  %32 = getelementptr inbounds %struct.biosregs, ptr %4, i32 0, i32 0\n  store i32 20226, ptr %32, align 8\n  %33 = load i32, ptr %7, align 4\n  %34 = getelementptr inbounds %struct.biosregs, ptr %4, i32 0, i32 3\n  store i32 %33, ptr %34, align 8\n  %35 = call i32 @intcall(i32 noundef 16, ptr noundef %4, ptr noundef %5)\n  %36 = getelementptr inbounds %struct.biosregs, ptr %5, i32 0, i32 0\n  %37 = load i32, ptr %36, align 8\n  %38 = icmp ne i32 %37, 79\n  br i1 %38, label %39, label %40\n",
        "optimized": "%25 = call i32 @initregs(ptr noundef nonnull %4) #2\n  store i32 20226, ptr %4, align 8\n  %26 = load i32, ptr %7, align 4\n  %27 = getelementptr inbounds %struct.biosregs, ptr %4, i64 0, i32 3\n  store i32 %26, ptr %27, align 8\n  %28 = call i32 @intcall(i32 noundef 16, ptr noundef nonnull %4, ptr noundef nonnull %5) #2\n  %29 = load i32, ptr %5, align 8\n  %.not1 = icmp eq i32 %29, 79\n  br i1 %.not1, label %31, label %30\n"
    },
    {
        "unoptimized": "store i32 -1, ptr %2, align 4\n  br label %54\n",
        "optimized": "store i32 -1, ptr %2, align 4\n  br label %42\n"
    },
    {
        "unoptimized": "%41 = load i32, ptr %6, align 4\n  store i32 %41, ptr @graphic_mode, align 4\n  %42 = load i32, ptr %6, align 4\n  %43 = icmp ne i32 %42, 0\n  br i1 %43, label %51, label %44\n",
        "optimized": "%32 = load i32, ptr %6, align 4\n  store i32 %32, ptr @graphic_mode, align 4\n  %.not2 = icmp eq i32 %32, 0\n  br i1 %.not2, label %33, label %39\n"
    },
    {
        "unoptimized": "%45 = load ptr, ptr %3, align 8\n  %46 = getelementptr inbounds %struct.mode_info, ptr %45, i32 0, i32 2\n  %47 = load i32, ptr %46, align 4\n  store i32 %47, ptr @force_x, align 4\n  %48 = load ptr, ptr %3, align 8\n  %49 = getelementptr inbounds %struct.mode_info, ptr %48, i32 0, i32 1\n  %50 = load i32, ptr %49, align 4\n  store i32 %50, ptr @force_y, align 4\n  store i32 1, ptr @do_restore, align 4\n  br label %53\n",
        "optimized": "%34 = load ptr, ptr %3, align 8\n  %35 = getelementptr inbounds %struct.mode_info, ptr %34, i64 0, i32 2\n  %36 = load i32, ptr %35, align 4\n  store i32 %36, ptr @force_x, align 4\n  %37 = getelementptr inbounds %struct.mode_info, ptr %34, i64 0, i32 1\n  %38 = load i32, ptr %37, align 4\n  store i32 %38, ptr @force_y, align 4\n  store i32 1, ptr @do_restore, align 4\n  br label %41\n"
    },
    {
        "unoptimized": "%52 = call i32 (...) @vesa_store_mode_params_graphics()\n  br label %53\n",
        "optimized": "%40 = call i32 (...) @vesa_store_mode_params_graphics() #2\n  br label %41\n"
    },
    {
        "unoptimized": "store i32 0, ptr %2, align 4\n  br label %54\n",
        "optimized": "store i32 0, ptr %2, align 4\n  br label %42\n"
    },
    {
        "unoptimized": "%55 = load i32, ptr %2, align 4\n  ret i32 %55\n}",
        "optimized": "%43 = load i32, ptr %2, align 4\n  ret i32 %43\n}"
    }
]