[
    {
        "unoptimized": "%3 = alloca ptr, align 8\n  %4 = alloca i64, align 8\n  store ptr %0, ptr %3, align 8\n  store i64 %1, ptr %4, align 8\n  %5 = load i64, ptr %4, align 8\n  %6 = icmp ult i64 %5, 127\n  br i1 %6, label %7, label %12\n",
        "optimized": "%3 = alloca ptr, align 8\n  %4 = alloca i64, align 8\n  store ptr %0, ptr %3, align 8\n  store i64 %1, ptr %4, align 8\n  %5 = icmp ult i64 %1, 127\n  br i1 %5, label %6, label %11\n"
    },
    {
        "unoptimized": "%8 = load i64, ptr %4, align 8\n  %9 = trunc i64 %8 to i8\n  %10 = load ptr, ptr %3, align 8\n  %11 = getelementptr inbounds i8, ptr %10, i32 1\n  store ptr %11, ptr %3, align 8\n  store i8 %9, ptr %10, align 1\n  br label %35\n",
        "optimized": "%7 = load i64, ptr %4, align 8\n  %8 = trunc i64 %7 to i8\n  %9 = load ptr, ptr %3, align 8\n  %10 = getelementptr inbounds i8, ptr %9, i64 1\n  store ptr %10, ptr %3, align 8\n  store i8 %8, ptr %9, align 1\n  br label %28\n"
    },
    {
        "unoptimized": "%13 = load i64, ptr %4, align 8\n  %14 = lshr i64 %13, 24\n  %15 = trunc i64 %14 to i8\n  %16 = zext i8 %15 to i32\n  %17 = or i32 %16, 128\n  %18 = trunc i32 %17 to i8\n  %19 = load ptr, ptr %3, align 8\n  %20 = getelementptr inbounds i8, ptr %19, i32 1\n  store ptr %20, ptr %3, align 8\n  store i8 %18, ptr %19, align 1\n  %21 = load i64, ptr %4, align 8\n  %22 = lshr i64 %21, 16\n  %23 = trunc i64 %22 to i8\n  %24 = load ptr, ptr %3, align 8\n  %25 = getelementptr inbounds i8, ptr %24, i32 1\n  store ptr %25, ptr %3, align 8\n  store i8 %23, ptr %24, align 1\n  %26 = load i64, ptr %4, align 8\n  %27 = lshr i64 %26, 8\n  %28 = trunc i64 %27 to i8\n  %29 = load ptr, ptr %3, align 8\n  %30 = getelementptr inbounds i8, ptr %29, i32 1\n  store ptr %30, ptr %3, align 8\n  store i8 %28, ptr %29, align 1\n  %31 = load i64, ptr %4, align 8\n  %32 = trunc i64 %31 to i8\n  %33 = load ptr, ptr %3, align 8\n  %34 = getelementptr inbounds i8, ptr %33, i32 1\n  store ptr %34, ptr %3, align 8\n  store i8 %32, ptr %33, align 1\n  br label %35\n",
        "optimized": "%12 = load i64, ptr %4, align 8\n  %13 = lshr i64 %12, 24\n  %14 = trunc i64 %13 to i8\n  %15 = or i8 %14, -128\n  %16 = load ptr, ptr %3, align 8\n  %17 = getelementptr inbounds i8, ptr %16, i64 1\n  store ptr %17, ptr %3, align 8\n  store i8 %15, ptr %16, align 1\n  %18 = load i64, ptr %4, align 8\n  %19 = lshr i64 %18, 16\n  %20 = trunc i64 %19 to i8\n  %21 = getelementptr inbounds i8, ptr %16, i64 2\n  store ptr %21, ptr %3, align 8\n  store i8 %20, ptr %17, align 1\n  %22 = lshr i64 %18, 8\n  %23 = trunc i64 %22 to i8\n  %24 = getelementptr inbounds i8, ptr %16, i64 3\n  store ptr %24, ptr %3, align 8\n  store i8 %23, ptr %21, align 1\n  %25 = load i64, ptr %4, align 8\n  %26 = trunc i64 %25 to i8\n  %27 = getelementptr inbounds i8, ptr %16, i64 4\n  store ptr %27, ptr %3, align 8\n  store i8 %26, ptr %24, align 1\n  br label %28\n"
    },
    {
        "unoptimized": "%36 = load ptr, ptr %3, align 8\n  ret ptr %36\n}",
        "optimized": "%29 = load ptr, ptr %3, align 8\n  ret ptr %29\n}"
    }
]