[
    {
        "unoptimized": "%4 = alloca ptr, align 8\n  %5 = alloca i64, align 8\n  %6 = alloca i32, align 4\n  %7 = alloca i64, align 8\n  store ptr %0, ptr %4, align 8\n  store i64 %1, ptr %5, align 8\n  store i32 %2, ptr %6, align 4\n  store i64 0, ptr %7, align 8\n  br label %8\n",
        "optimized": "%4 = alloca ptr, align 8\n  %5 = alloca i64, align 8\n  %6 = alloca i32, align 4\n  %7 = alloca i64, align 8\n  store ptr %0, ptr %4, align 8\n  store i64 %1, ptr %5, align 8\n  store i32 %2, ptr %6, align 4\n  br label %8\n"
    },
    {
        "unoptimized": "%9 = load i64, ptr %7, align 8\n  %10 = load i64, ptr %5, align 8\n  %11 = icmp ne i64 %9, %10\n  br i1 %11, label %12, label %46\n",
        "optimized": "%storemerge = phi i64 [ 0, %3 ], [ %42, %40 ]\n  store i64 %storemerge, ptr %7, align 8\n  %9 = load i64, ptr %5, align 8\n  %.not = icmp eq i64 %storemerge, %9\n  br i1 %.not, label %43, label %10\n"
    },
    {
        "unoptimized": "%13 = load ptr, ptr %4, align 8\n  %14 = load i64, ptr %7, align 8\n  %15 = getelementptr inbounds ptr, ptr %13, i64 %14\n  %16 = load ptr, ptr %15, align 8\n  %17 = load i32, ptr @SSL_SESS_CACHE_SERVER, align 4\n  %18 = load i32, ptr @SSL_SESS_CACHE_NO_AUTO_CLEAR, align 4\n  %19 = or i32 %17, %18\n  %20 = call i32 @SSL_CTX_set_session_cache_mode(ptr noundef %16, i32 noundef %19)\n  %21 = load ptr, ptr %4, align 8\n  %22 = load i64, ptr %7, align 8\n  %23 = getelementptr inbounds ptr, ptr %21, i64 %22\n  %24 = load ptr, ptr %23, align 8\n  %25 = load i32, ptr @H2O_SESSID_CTX, align 4\n  %26 = load i32, ptr @H2O_SESSID_CTX_LEN, align 4\n  %27 = call i32 @SSL_CTX_set_session_id_context(ptr noundef %24, i32 noundef %25, i32 noundef %26)\n  %28 = load ptr, ptr %4, align 8\n  %29 = load i64, ptr %7, align 8\n  %30 = getelementptr inbounds ptr, ptr %28, i64 %29\n  %31 = load ptr, ptr %30, align 8\n  %32 = load i32, ptr @conf, align 4\n  %33 = call i32 @SSL_CTX_set_timeout(ptr noundef %31, i32 noundef %32)\n  %34 = load i32, ptr %6, align 4\n  %35 = icmp ne i32 %34, 0\n  br i1 %35, label %36, label %42\n",
        "optimized": "%11 = load ptr, ptr %4, align 8\n  %12 = load i64, ptr %7, align 8\n  %13 = getelementptr inbounds ptr, ptr %11, i64 %12\n  %14 = load ptr, ptr %13, align 8\n  %15 = load i32, ptr @SSL_SESS_CACHE_SERVER, align 4\n  %16 = load i32, ptr @SSL_SESS_CACHE_NO_AUTO_CLEAR, align 4\n  %17 = or i32 %15, %16\n  %18 = call i32 @SSL_CTX_set_session_cache_mode(ptr noundef %14, i32 noundef %17) #2\n  %19 = load ptr, ptr %4, align 8\n  %20 = load i64, ptr %7, align 8\n  %21 = getelementptr inbounds ptr, ptr %19, i64 %20\n  %22 = load ptr, ptr %21, align 8\n  %23 = load i32, ptr @H2O_SESSID_CTX, align 4\n  %24 = load i32, ptr @H2O_SESSID_CTX_LEN, align 4\n  %25 = call i32 @SSL_CTX_set_session_id_context(ptr noundef %22, i32 noundef %23, i32 noundef %24) #2\n  %26 = load ptr, ptr %4, align 8\n  %27 = load i64, ptr %7, align 8\n  %28 = getelementptr inbounds ptr, ptr %26, i64 %27\n  %29 = load ptr, ptr %28, align 8\n  %30 = load i32, ptr @conf, align 4\n  %31 = call i32 @SSL_CTX_set_timeout(ptr noundef %29, i32 noundef %30) #2\n  %32 = load i32, ptr %6, align 4\n  %.not1 = icmp eq i32 %32, 0\n  br i1 %.not1, label %39, label %33\n"
    },
    {
        "unoptimized": "%37 = load ptr, ptr %4, align 8\n  %38 = load i64, ptr %7, align 8\n  %39 = getelementptr inbounds ptr, ptr %37, i64 %38\n  %40 = load ptr, ptr %39, align 8\n  %41 = call i32 @h2o_socket_ssl_async_resumption_setup_ctx(ptr noundef %40)\n  br label %42\n",
        "optimized": "%34 = load ptr, ptr %4, align 8\n  %35 = load i64, ptr %7, align 8\n  %36 = getelementptr inbounds ptr, ptr %34, i64 %35\n  %37 = load ptr, ptr %36, align 8\n  %38 = call i32 @h2o_socket_ssl_async_resumption_setup_ctx(ptr noundef %37) #2\n  br label %39\n"
    },
    {
        "unoptimized": "br label %43\n",
        "optimized": "br label %40\n"
    },
    {
        "unoptimized": "%44 = load i64, ptr %7, align 8\n  %45 = add i64 %44, 1\n  store i64 %45, ptr %7, align 8\n  br label %8, !llvm.loop !6\n",
        "optimized": "%41 = load i64, ptr %7, align 8\n  %42 = add i64 %41, 1\n  br label %8, !llvm.loop !6\n"
    },
    {
        "unoptimized": "%47 = load ptr, ptr %4, align 8\n  %48 = load i64, ptr %5, align 8\n  %49 = call i32 @spawn_cache_cleanup_thread(ptr noundef %47, i64 noundef %48)\n  ret void\n}",
        "optimized": "%44 = load ptr, ptr %4, align 8\n  %45 = load i64, ptr %5, align 8\n  %46 = call i32 @spawn_cache_cleanup_thread(ptr noundef %44, i64 noundef %45) #2\n  ret void\n}"
    }
]