[
    {
        "unoptimized": "%7 = alloca ptr, align 8\n  %8 = alloca ptr, align 8\n  %9 = alloca i64, align 8\n  %10 = alloca i32, align 4\n  %11 = alloca i64, align 8\n  %12 = alloca ptr, align 8\n  %13 = alloca i32, align 4\n  store ptr %0, ptr %7, align 8\n  store ptr %1, ptr %8, align 8\n  store i64 %2, ptr %9, align 8\n  store i32 %3, ptr %10, align 4\n  store i64 %4, ptr %11, align 8\n  store ptr %5, ptr %12, align 8\n  %14 = load ptr, ptr %8, align 8\n  %15 = load ptr, ptr %7, align 8\n  %16 = getelementptr inbounds %struct.st_gzip_context_t, ptr %15, i32 0, i32 0\n  %17 = getelementptr inbounds %struct.TYPE_7__, ptr %16, i32 0, i32 3\n  store ptr %14, ptr %17, align 8\n  %18 = load i64, ptr %9, align 8\n  %19 = trunc i64 %18 to i32\n  %20 = load ptr, ptr %7, align 8\n  %21 = getelementptr inbounds %struct.st_gzip_context_t, ptr %20, i32 0, i32 0\n  %22 = getelementptr inbounds %struct.TYPE_7__, ptr %21, i32 0, i32 0\n  store i32 %19, ptr %22, align 8\n  br label %23\n",
        "optimized": "%7 = alloca ptr, align 8\n  %8 = alloca i32, align 4\n  %9 = alloca i64, align 8\n  %10 = alloca ptr, align 8\n  %11 = alloca i32, align 4\n  store ptr %0, ptr %7, align 8\n  store i32 %3, ptr %8, align 4\n  store i64 %4, ptr %9, align 8\n  store ptr %5, ptr %10, align 8\n  %12 = getelementptr inbounds %struct.TYPE_7__, ptr %0, i64 0, i32 3\n  store ptr %1, ptr %12, align 8\n  %13 = trunc i64 %2 to i32\n  %14 = load ptr, ptr %7, align 8\n  store i32 %13, ptr %14, align 8\n  br label %15\n"
    },
    {
        "unoptimized": "%24 = load ptr, ptr %7, align 8\n  %25 = getelementptr inbounds %struct.st_gzip_context_t, ptr %24, i32 0, i32 1\n  %26 = getelementptr inbounds %struct.TYPE_6__, ptr %25, i32 0, i32 1\n  %27 = load ptr, ptr %26, align 8\n  %28 = load i64, ptr %11, align 8\n  %29 = getelementptr inbounds %struct.TYPE_5__, ptr %27, i64 %28\n  %30 = getelementptr inbounds %struct.TYPE_5__, ptr %29, i32 0, i32 0\n  %31 = load i64, ptr %30, align 8\n  %32 = add nsw i64 %31, 32\n  %33 = load i64, ptr @BUF_SIZE, align 8\n  %34 = icmp sgt i64 %32, %33\n  br i1 %34, label %35, label %55\n",
        "optimized": "%16 = load ptr, ptr %7, align 8\n  %17 = getelementptr inbounds %struct.st_gzip_context_t, ptr %16, i64 0, i32 1, i32 1\n  %18 = load ptr, ptr %17, align 8\n  %19 = load i64, ptr %9, align 8\n  %20 = getelementptr inbounds %struct.TYPE_5__, ptr %18, i64 %19\n  %21 = load i64, ptr %20, align 8\n  %22 = add nsw i64 %21, 32\n  %23 = load i64, ptr @BUF_SIZE, align 8\n  %24 = icmp sgt i64 %22, %23\n  br i1 %24, label %25, label %41\n"
    },
    {
        "unoptimized": "%36 = load i64, ptr %11, align 8\n  %37 = add i64 %36, 1\n  store i64 %37, ptr %11, align 8\n  %38 = load i64, ptr %11, align 8\n  %39 = load ptr, ptr %7, align 8\n  %40 = getelementptr inbounds %struct.st_gzip_context_t, ptr %39, i32 0, i32 1\n  %41 = getelementptr inbounds %struct.TYPE_6__, ptr %40, i32 0, i32 0\n  %42 = load i64, ptr %41, align 8\n  %43 = icmp eq i64 %38, %42\n  br i1 %43, label %44, label %47\n",
        "optimized": "%26 = load i64, ptr %9, align 8\n  %27 = add i64 %26, 1\n  store i64 %27, ptr %9, align 8\n  %28 = load ptr, ptr %7, align 8\n  %29 = getelementptr inbounds %struct.st_gzip_context_t, ptr %28, i64 0, i32 1\n  %30 = load i64, ptr %29, align 8\n  %31 = icmp eq i64 %27, %30\n  br i1 %31, label %32, label %35\n"
    },
    {
        "unoptimized": "%45 = load ptr, ptr %7, align 8\n  %46 = call i32 @expand_buf(ptr noundef %45)\n  br label %47\n",
        "optimized": "%33 = load ptr, ptr %7, align 8\n  %34 = call i32 @expand_buf(ptr noundef %33) #2\n  br label %35\n"
    },
    {
        "unoptimized": "%48 = load ptr, ptr %7, align 8\n  %49 = getelementptr inbounds %struct.st_gzip_context_t, ptr %48, i32 0, i32 1\n  %50 = getelementptr inbounds %struct.TYPE_6__, ptr %49, i32 0, i32 1\n  %51 = load ptr, ptr %50, align 8\n  %52 = load i64, ptr %11, align 8\n  %53 = getelementptr inbounds %struct.TYPE_5__, ptr %51, i64 %52\n  %54 = getelementptr inbounds %struct.TYPE_5__, ptr %53, i32 0, i32 0\n  store i64 0, ptr %54, align 8\n  br label %55\n",
        "optimized": "%36 = load ptr, ptr %7, align 8\n  %37 = getelementptr inbounds %struct.st_gzip_context_t, ptr %36, i64 0, i32 1, i32 1\n  %38 = load ptr, ptr %37, align 8\n  %39 = load i64, ptr %9, align 8\n  %40 = getelementptr inbounds %struct.TYPE_5__, ptr %38, i64 %39\n  store i64 0, ptr %40, align 8\n  br label %41\n"
    },
    {
        "unoptimized": "%56 = load ptr, ptr %7, align 8\n  %57 = getelementptr inbounds %struct.st_gzip_context_t, ptr %56, i32 0, i32 1\n  %58 = getelementptr inbounds %struct.TYPE_6__, ptr %57, i32 0, i32 1\n  %59 = load ptr, ptr %58, align 8\n  %60 = load i64, ptr %11, align 8\n  %61 = getelementptr inbounds %struct.TYPE_5__, ptr %59, i64 %60\n  %62 = getelementptr inbounds %struct.TYPE_5__, ptr %61, i32 0, i32 1\n  %63 = load i64, ptr %62, align 8\n  %64 = load ptr, ptr %7, align 8\n  %65 = getelementptr inbounds %struct.st_gzip_context_t, ptr %64, i32 0, i32 1\n  %66 = getelementptr inbounds %struct.TYPE_6__, ptr %65, i32 0, i32 1\n  %67 = load ptr, ptr %66, align 8\n  %68 = load i64, ptr %11, align 8\n  %69 = getelementptr inbounds %struct.TYPE_5__, ptr %67, i64 %68\n  %70 = getelementptr inbounds %struct.TYPE_5__, ptr %69, i32 0, i32 0\n  %71 = load i64, ptr %70, align 8\n  %72 = add nsw i64 %63, %71\n  %73 = inttoptr i64 %72 to ptr\n  %74 = load ptr, ptr %7, align 8\n  %75 = getelementptr inbounds %struct.st_gzip_context_t, ptr %74, i32 0, i32 0\n  %76 = getelementptr inbounds %struct.TYPE_7__, ptr %75, i32 0, i32 2\n  store ptr %73, ptr %76, align 8\n  %77 = load i64, ptr @BUF_SIZE, align 8\n  %78 = load ptr, ptr %7, align 8\n  %79 = getelementptr inbounds %struct.st_gzip_context_t, ptr %78, i32 0, i32 1\n  %80 = getelementptr inbounds %struct.TYPE_6__, ptr %79, i32 0, i32 1\n  %81 = load ptr, ptr %80, align 8\n  %82 = load i64, ptr %11, align 8\n  %83 = getelementptr inbounds %struct.TYPE_5__, ptr %81, i64 %82\n  %84 = getelementptr inbounds %struct.TYPE_5__, ptr %83, i32 0, i32 0\n  %85 = load i64, ptr %84, align 8\n  %86 = sub nsw i64 %77, %85\n  %87 = trunc i64 %86 to i32\n  %88 = zext i32 %87 to i64\n  %89 = load ptr, ptr %7, align 8\n  %90 = getelementptr inbounds %struct.st_gzip_context_t, ptr %89, i32 0, i32 0\n  %91 = getelementptr inbounds %struct.TYPE_7__, ptr %90, i32 0, i32 1\n  store i64 %88, ptr %91, align 8\n  %92 = load ptr, ptr %12, align 8\n  %93 = load ptr, ptr %7, align 8\n  %94 = getelementptr inbounds %struct.st_gzip_context_t, ptr %93, i32 0, i32 0\n  %95 = load i32, ptr %10, align 4\n  %96 = call i32 %92(ptr noundef %94, i32 noundef %95)\n  store i32 %96, ptr %13, align 4\n  %97 = load i32, ptr %13, align 4\n  %98 = load i32, ptr @Z_OK, align 4\n  %99 = icmp eq i32 %97, %98\n  br i1 %99, label %108, label %100\n",
        "optimized": "%42 = load ptr, ptr %7, align 8\n  %43 = getelementptr inbounds %struct.st_gzip_context_t, ptr %42, i64 0, i32 1, i32 1\n  %44 = load ptr, ptr %43, align 8\n  %45 = load i64, ptr %9, align 8\n  %46 = getelementptr inbounds %struct.TYPE_5__, ptr %44, i64 %45, i32 1\n  %47 = load i64, ptr %46, align 8\n  %48 = getelementptr inbounds %struct.TYPE_5__, ptr %44, i64 %45\n  %49 = load i64, ptr %48, align 8\n  %50 = add nsw i64 %47, %49\n  %51 = inttoptr i64 %50 to ptr\n  %52 = load ptr, ptr %7, align 8\n  %53 = getelementptr inbounds %struct.TYPE_7__, ptr %52, i64 0, i32 2\n  store ptr %51, ptr %53, align 8\n  %54 = load i64, ptr @BUF_SIZE, align 8\n  %55 = getelementptr inbounds %struct.st_gzip_context_t, ptr %52, i64 0, i32 1, i32 1\n  %56 = load ptr, ptr %55, align 8\n  %57 = load i64, ptr %9, align 8\n  %58 = getelementptr inbounds %struct.TYPE_5__, ptr %56, i64 %57\n  %59 = load i64, ptr %58, align 8\n  %60 = sub nsw i64 %54, %59\n  %61 = and i64 %60, 4294967295\n  %62 = load ptr, ptr %7, align 8\n  %63 = getelementptr inbounds %struct.TYPE_7__, ptr %62, i64 0, i32 1\n  store i64 %61, ptr %63, align 8\n  %64 = load ptr, ptr %10, align 8\n  %65 = load i32, ptr %8, align 4\n  %66 = call i32 %64(ptr noundef %62, i32 noundef %65) #2\n  store i32 %66, ptr %11, align 4\n  %67 = load i32, ptr @Z_OK, align 4\n  %68 = icmp eq i32 %66, %67\n  br i1 %68, label %77, label %69\n"
    },
    {
        "unoptimized": "%101 = load i32, ptr %13, align 4\n  %102 = load i32, ptr @Z_STREAM_END, align 4\n  %103 = icmp eq i32 %101, %102\n  br i1 %103, label %108, label %104\n",
        "optimized": "%70 = load i32, ptr %11, align 4\n  %71 = load i32, ptr @Z_STREAM_END, align 4\n  %72 = icmp eq i32 %70, %71\n  br i1 %72, label %77, label %73\n"
    },
    {
        "unoptimized": "%105 = load i32, ptr %13, align 4\n  %106 = load i32, ptr @Z_BUF_ERROR, align 4\n  %107 = icmp eq i32 %105, %106\n  br label %108\n",
        "optimized": "%74 = load i32, ptr %11, align 4\n  %75 = load i32, ptr @Z_BUF_ERROR, align 4\n  %76 = icmp eq i32 %74, %75\n  br label %77\n"
    },
    {
        "unoptimized": "%109 = phi i1 [ true, %100 ], [ true, %55 ], [ %107, %104 ]\n  %110 = zext i1 %109 to i32\n  %111 = call i32 @assert(i32 noundef %110)\n  %112 = load i64, ptr @BUF_SIZE, align 8\n  %113 = load ptr, ptr %7, align 8\n  %114 = getelementptr inbounds %struct.st_gzip_context_t, ptr %113, i32 0, i32 0\n  %115 = getelementptr inbounds %struct.TYPE_7__, ptr %114, i32 0, i32 1\n  %116 = load i64, ptr %115, align 8\n  %117 = sub nsw i64 %112, %116\n  %118 = load ptr, ptr %7, align 8\n  %119 = getelementptr inbounds %struct.st_gzip_context_t, ptr %118, i32 0, i32 1\n  %120 = getelementptr inbounds %struct.TYPE_6__, ptr %119, i32 0, i32 1\n  %121 = load ptr, ptr %120, align 8\n  %122 = load i64, ptr %11, align 8\n  %123 = getelementptr inbounds %struct.TYPE_5__, ptr %121, i64 %122\n  %124 = getelementptr inbounds %struct.TYPE_5__, ptr %123, i32 0, i32 0\n  store i64 %117, ptr %124, align 8\n  br label %125\n",
        "optimized": "%78 = phi i1 [ true, %69 ], [ true, %41 ], [ %76, %73 ]\n  %79 = zext i1 %78 to i32\n  %80 = call i32 @assert(i32 noundef %79) #2\n  %81 = load i64, ptr @BUF_SIZE, align 8\n  %82 = load ptr, ptr %7, align 8\n  %83 = getelementptr inbounds %struct.TYPE_7__, ptr %82, i64 0, i32 1\n  %84 = load i64, ptr %83, align 8\n  %85 = sub nsw i64 %81, %84\n  %86 = getelementptr inbounds %struct.st_gzip_context_t, ptr %82, i64 0, i32 1, i32 1\n  %87 = load ptr, ptr %86, align 8\n  %88 = load i64, ptr %9, align 8\n  %89 = getelementptr inbounds %struct.TYPE_5__, ptr %87, i64 %88\n  store i64 %85, ptr %89, align 8\n  br label %90\n"
    },
    {
        "unoptimized": "%126 = load ptr, ptr %7, align 8\n  %127 = getelementptr inbounds %struct.st_gzip_context_t, ptr %126, i32 0, i32 0\n  %128 = getelementptr inbounds %struct.TYPE_7__, ptr %127, i32 0, i32 1\n  %129 = load i64, ptr %128, align 8\n  %130 = icmp eq i64 %129, 0\n  br i1 %130, label %131, label %135\n",
        "optimized": "%91 = load ptr, ptr %7, align 8\n  %92 = getelementptr inbounds %struct.TYPE_7__, ptr %91, i64 0, i32 1\n  %93 = load i64, ptr %92, align 8\n  %94 = icmp eq i64 %93, 0\n  br i1 %94, label %95, label %99\n"
    },
    {
        "unoptimized": "%132 = load i32, ptr %13, align 4\n  %133 = load i32, ptr @Z_STREAM_END, align 4\n  %134 = icmp ne i32 %132, %133\n  br label %135\n",
        "optimized": "%96 = load i32, ptr %11, align 4\n  %97 = load i32, ptr @Z_STREAM_END, align 4\n  %98 = icmp ne i32 %96, %97\n  br label %99\n"
    },
    {
        "unoptimized": "%136 = phi i1 [ false, %125 ], [ %134, %131 ]\n  br i1 %136, label %23, label %137, !llvm.loop !6\n",
        "optimized": "%100 = phi i1 [ false, %90 ], [ %98, %95 ]\n  br i1 %100, label %15, label %101, !llvm.loop !6\n"
    },
    {
        "unoptimized": "%138 = load i64, ptr %11, align 8\n  ret i64 %138\n}",
        "optimized": "%102 = load i64, ptr %9, align 8\n  ret i64 %102\n}"
    }
]