[
    {
        "unoptimized": "%3 = alloca i32, align 4\n  %4 = alloca ptr, align 8\n  %5 = alloca i32, align 4\n  store i32 %0, ptr %3, align 4\n  store ptr %1, ptr %4, align 8\n  %6 = load ptr, ptr %4, align 8\n  %7 = load i32, ptr %6, align 4\n  %8 = icmp slt i32 %7, 0\n  br i1 %8, label %9, label %19\n",
        "optimized": "%3 = alloca i32, align 4\n  %4 = alloca ptr, align 8\n  %5 = alloca i32, align 4\n  store i32 %0, ptr %3, align 4\n  store ptr %1, ptr %4, align 8\n  %6 = load i32, ptr %1, align 4\n  %7 = icmp slt i32 %6, 0\n  br i1 %7, label %8, label %18\n"
    },
    {
        "unoptimized": "%10 = load i32, ptr %3, align 4\n  %11 = icmp eq i32 %10, 0\n  br i1 %11, label %12, label %13\n",
        "optimized": "%9 = load i32, ptr %3, align 4\n  %10 = icmp eq i32 %9, 0\n  br i1 %10, label %11, label %12\n"
    },
    {
        "unoptimized": "br label %16\n",
        "optimized": "br label %15\n"
    },
    {
        "unoptimized": "%14 = load i32, ptr %3, align 4\n  %15 = sdiv i32 50, %14\n  br label %16\n",
        "optimized": "%13 = load i32, ptr %3, align 4\n  %14 = sdiv i32 50, %13\n  br label %15\n"
    },
    {
        "unoptimized": "%17 = phi i32 [ 0, %12 ], [ %15, %13 ]\n  %18 = load ptr, ptr %4, align 8\n  store i32 %17, ptr %18, align 4\n  br label %19\n",
        "optimized": "%16 = phi i32 [ 0, %11 ], [ %14, %12 ]\n  %17 = load ptr, ptr %4, align 8\n  store i32 %16, ptr %17, align 4\n  br label %18\n"
    },
    {
        "unoptimized": "%20 = load i32, ptr %3, align 4\n  %21 = load ptr, ptr %4, align 8\n  %22 = load i32, ptr %21, align 4\n  %23 = mul nsw i32 %20, %22\n  %24 = srem i32 %23, 100\n  %25 = load i32, ptr %3, align 4\n  %26 = add nsw i32 %24, %25\n  %27 = icmp sge i32 %26, 100\n  %28 = zext i1 %27 to i32\n  store i32 %28, ptr %5, align 4\n  %29 = load ptr, ptr %4, align 8\n  %30 = load i32, ptr %29, align 4\n  %31 = add nsw i32 %30, 1\n  store i32 %31, ptr %29, align 4\n  %32 = icmp eq i32 %31, 100\n  br i1 %32, label %33, label %35\n",
        "optimized": "%19 = load i32, ptr %3, align 4\n  %20 = load ptr, ptr %4, align 8\n  %21 = load i32, ptr %20, align 4\n  %22 = mul nsw i32 %19, %21\n  %23 = srem i32 %22, 100\n  %24 = add nsw i32 %23, %19\n  %25 = icmp sgt i32 %24, 99\n  %26 = zext i1 %25 to i32\n  store i32 %26, ptr %5, align 4\n  %27 = load ptr, ptr %4, align 8\n  %28 = load i32, ptr %27, align 4\n  %29 = add nsw i32 %28, 1\n  store i32 %29, ptr %27, align 4\n  %30 = icmp eq i32 %29, 100\n  br i1 %30, label %31, label %33\n"
    },
    {
        "unoptimized": "%34 = load ptr, ptr %4, align 8\n  store i32 0, ptr %34, align 4\n  br label %35\n",
        "optimized": "%32 = load ptr, ptr %4, align 8\n  store i32 0, ptr %32, align 4\n  br label %33\n"
    },
    {
        "unoptimized": "%36 = load i32, ptr %5, align 4\n  ret i32 %36\n}",
        "optimized": "%34 = load i32, ptr %5, align 4\n  ret i32 %34\n}"
    }
]