[
    {
        "unoptimized": "%2 = alloca ptr, align 8\n  %3 = alloca ptr, align 8\n  %4 = alloca i32, align 4\n  store ptr %0, ptr %2, align 8\n  %5 = load ptr, ptr %2, align 8\n  %6 = getelementptr inbounds %struct.st_h2o_evloop_socket_t, ptr %5, i32 0, i32 2\n  %7 = load i64, ptr %6, align 8\n  %8 = inttoptr i64 %7 to ptr\n  store ptr %8, ptr %3, align 8\n  %9 = load ptr, ptr %2, align 8\n  %10 = getelementptr inbounds %struct.st_h2o_evloop_socket_t, ptr %9, i32 0, i32 0\n  %11 = load i32, ptr %10, align 8\n  %12 = icmp eq i32 %11, -1\n  br i1 %12, label %13, label %14\n",
        "optimized": "%2 = alloca ptr, align 8\n  %3 = alloca ptr, align 8\n  %4 = alloca i32, align 4\n  store ptr %0, ptr %2, align 8\n  %5 = getelementptr inbounds %struct.st_h2o_evloop_socket_t, ptr %0, i64 0, i32 2\n  %6 = load i64, ptr %5, align 8\n  %7 = inttoptr i64 %6 to ptr\n  store ptr %7, ptr %3, align 8\n  %8 = load i32, ptr %0, align 8\n  %9 = icmp eq i32 %8, -1\n  br i1 %9, label %10, label %11\n"
    },
    {
        "unoptimized": "br label %49\n",
        "optimized": "br label %41\n"
    },
    {
        "unoptimized": "%15 = load ptr, ptr %2, align 8\n  %16 = getelementptr inbounds %struct.st_h2o_evloop_socket_t, ptr %15, i32 0, i32 1\n  %17 = load i32, ptr %16, align 4\n  %18 = load i32, ptr @H2O_SOCKET_FLAG__EPOLL_IS_REGISTERED, align 4\n  %19 = and i32 %17, %18\n  %20 = icmp eq i32 %19, 0\n  br i1 %20, label %21, label %22\n",
        "optimized": "%12 = load ptr, ptr %2, align 8\n  %13 = getelementptr inbounds %struct.st_h2o_evloop_socket_t, ptr %12, i64 0, i32 1\n  %14 = load i32, ptr %13, align 4\n  %15 = load i32, ptr @H2O_SOCKET_FLAG__EPOLL_IS_REGISTERED, align 4\n  %16 = and i32 %14, %15\n  %17 = icmp eq i32 %16, 0\n  br i1 %17, label %18, label %19\n"
    },
    {
        "unoptimized": "br label %49\n",
        "optimized": "br label %41\n"
    },
    {
        "unoptimized": "br label %23\n",
        "optimized": "br label %20\n"
    },
    {
        "unoptimized": "%24 = load ptr, ptr %3, align 8\n  %25 = getelementptr inbounds %struct.st_h2o_evloop_epoll_t, ptr %24, i32 0, i32 0\n  %26 = load i32, ptr %25, align 4\n  %27 = load i32, ptr @EPOLL_CTL_DEL, align 4\n  %28 = load ptr, ptr %2, align 8\n  %29 = getelementptr inbounds %struct.st_h2o_evloop_socket_t, ptr %28, i32 0, i32 0\n  %30 = load i32, ptr %29, align 8\n  %31 = call i32 @epoll_ctl(i32 noundef %26, i32 noundef %27, i32 noundef %30, ptr noundef null)\n  store i32 %31, ptr %4, align 4\n  %32 = icmp ne i32 %31, 0\n  br i1 %32, label %33, label %37\n",
        "optimized": "%21 = load ptr, ptr %3, align 8\n  %22 = load i32, ptr %21, align 4\n  %23 = load i32, ptr @EPOLL_CTL_DEL, align 4\n  %24 = load ptr, ptr %2, align 8\n  %25 = load i32, ptr %24, align 8\n  %26 = call i32 @epoll_ctl(i32 noundef %22, i32 noundef %23, i32 noundef %25, ptr noundef null) #2\n  store i32 %26, ptr %4, align 4\n  %.not = icmp eq i32 %26, 0\n  br i1 %.not, label %31, label %27\n"
    },
    {
        "unoptimized": "%34 = load i64, ptr @errno, align 8\n  %35 = load i64, ptr @EINTR, align 8\n  %36 = icmp eq i64 %34, %35\n  br label %37\n",
        "optimized": "%28 = load i64, ptr @errno, align 8\n  %29 = load i64, ptr @EINTR, align 8\n  %30 = icmp eq i64 %28, %29\n  br label %31\n"
    },
    {
        "unoptimized": "%38 = phi i1 [ false, %23 ], [ %36, %33 ]\n  br i1 %38, label %39, label %40\n",
        "optimized": "%32 = phi i1 [ false, %20 ], [ %30, %27 ]\n  br i1 %32, label %33, label %34\n"
    },
    {
        "unoptimized": "br label %23, !llvm.loop !6\n",
        "optimized": "br label %20, !llvm.loop !6\n"
    },
    {
        "unoptimized": "%41 = load i32, ptr %4, align 4\n  %42 = icmp ne i32 %41, 0\n  br i1 %42, label %43, label %49\n",
        "optimized": "%35 = load i32, ptr %4, align 4\n  %.not1 = icmp eq i32 %35, 0\n  br i1 %.not1, label %41, label %36\n"
    },
    {
        "unoptimized": "%44 = load i64, ptr @errno, align 8\n  %45 = load ptr, ptr %2, align 8\n  %46 = getelementptr inbounds %struct.st_h2o_evloop_socket_t, ptr %45, i32 0, i32 0\n  %47 = load i32, ptr %46, align 8\n  %48 = call i32 @h2o_error_printf(ptr noundef @.str, i64 noundef %44, i32 noundef %47)\n  br label %49\n",
        "optimized": "%37 = load i64, ptr @errno, align 8\n  %38 = load ptr, ptr %2, align 8\n  %39 = load i32, ptr %38, align 8\n  %40 = call i32 @h2o_error_printf(ptr noundef nonnull @.str, i64 noundef %37, i32 noundef %39) #2\n  br label %41\n"
    },
    {
        "unoptimized": "ret void\n}",
        "optimized": "ret void\n}"
    }
]