[
    {
        "unoptimized": "%5 = alloca ptr, align 8\n  %6 = alloca ptr, align 8\n  %7 = alloca ptr, align 8\n  %8 = alloca i32, align 4\n  %9 = alloca i64, align 8\n  %10 = alloca ptr, align 8\n  store ptr %0, ptr %5, align 8\n  store ptr %1, ptr %6, align 8\n  store ptr %2, ptr %7, align 8\n  store i32 %3, ptr %8, align 4\n  %11 = load i32, ptr @h2o_httpclient__h1_size, align 4\n  %12 = load i32, ptr @h2o_httpclient__h2_size, align 4\n  %13 = icmp sgt i32 %11, %12\n  br i1 %13, label %14, label %16\n",
        "optimized": "%5 = alloca ptr, align 8\n  %6 = alloca ptr, align 8\n  %7 = alloca ptr, align 8\n  %8 = alloca i32, align 4\n  %9 = alloca ptr, align 8\n  store ptr %0, ptr %5, align 8\n  store ptr %1, ptr %6, align 8\n  store ptr %2, ptr %7, align 8\n  store i32 %3, ptr %8, align 4\n  %10 = load i32, ptr @h2o_httpclient__h1_size, align 4\n  %11 = load i32, ptr @h2o_httpclient__h2_size, align 4\n  %12 = icmp sgt i32 %10, %11\n  br i1 %12, label %13, label %14\n"
    },
    {
        "unoptimized": "%15 = load i32, ptr @h2o_httpclient__h1_size, align 4\n  br label %18\n",
        "optimized": "br label %15\n"
    },
    {
        "unoptimized": "%17 = load i32, ptr @h2o_httpclient__h2_size, align 4\n  br label %18\n",
        "optimized": "br label %15\n"
    },
    {
        "unoptimized": "%19 = phi i32 [ %15, %14 ], [ %17, %16 ]\n  %20 = sext i32 %19 to i64\n  store i64 %20, ptr %9, align 8\n  %21 = load i64, ptr %9, align 8\n  %22 = call ptr @h2o_mem_alloc(i64 noundef %21)\n  store ptr %22, ptr %10, align 8\n  %23 = load ptr, ptr %10, align 8\n  %24 = load i64, ptr %9, align 8\n  %25 = call i32 @memset(ptr noundef %23, i32 noundef 0, i64 noundef %24)\n  %26 = load ptr, ptr %5, align 8\n  %27 = load ptr, ptr %10, align 8\n  %28 = getelementptr inbounds %struct.TYPE_9__, ptr %27, i32 0, i32 9\n  store ptr %26, ptr %28, align 8\n  %29 = load ptr, ptr %7, align 8\n  %30 = load ptr, ptr %10, align 8\n  %31 = getelementptr inbounds %struct.TYPE_9__, ptr %30, i32 0, i32 8\n  store ptr %29, ptr %31, align 8\n  %32 = load ptr, ptr %6, align 8\n  %33 = load ptr, ptr %10, align 8\n  %34 = getelementptr inbounds %struct.TYPE_9__, ptr %33, i32 0, i32 7\n  store ptr %32, ptr %34, align 8\n  %35 = load i32, ptr @do_cancel, align 4\n  %36 = load ptr, ptr %10, align 8\n  %37 = getelementptr inbounds %struct.TYPE_9__, ptr %36, i32 0, i32 6\n  store i32 %35, ptr %37, align 8\n  %38 = load ptr, ptr %10, align 8\n  %39 = getelementptr inbounds %struct.TYPE_9__, ptr %38, i32 0, i32 5\n  store ptr null, ptr %39, align 8\n  %40 = load ptr, ptr %10, align 8\n  %41 = getelementptr inbounds %struct.TYPE_9__, ptr %40, i32 0, i32 4\n  store ptr null, ptr %41, align 8\n  %42 = load ptr, ptr %10, align 8\n  %43 = getelementptr inbounds %struct.TYPE_9__, ptr %42, i32 0, i32 3\n  store ptr null, ptr %43, align 8\n  %44 = load ptr, ptr %10, align 8\n  %45 = getelementptr inbounds %struct.TYPE_9__, ptr %44, i32 0, i32 2\n  store ptr null, ptr %45, align 8\n  %46 = load i32, ptr %8, align 4\n  %47 = load ptr, ptr %10, align 8\n  %48 = getelementptr inbounds %struct.TYPE_9__, ptr %47, i32 0, i32 1\n  %49 = getelementptr inbounds %struct.TYPE_7__, ptr %48, i32 0, i32 0\n  store i32 %46, ptr %49, align 4\n  %50 = load i32, ptr @on_connect_timeout, align 4\n  %51 = load ptr, ptr %10, align 8\n  %52 = getelementptr inbounds %struct.TYPE_9__, ptr %51, i32 0, i32 0\n  %53 = getelementptr inbounds %struct.TYPE_8__, ptr %52, i32 0, i32 0\n  store i32 %50, ptr %53, align 8\n  %54 = load ptr, ptr %10, align 8\n  ret ptr %54\n}",
        "optimized": "%.in = phi ptr [ @h2o_httpclient__h1_size, %13 ], [ @h2o_httpclient__h2_size, %14 ]\n  %16 = load i32, ptr %.in, align 4\n  %17 = sext i32 %16 to i64\n  %18 = call ptr @h2o_mem_alloc(i64 noundef %17) #2\n  store ptr %18, ptr %9, align 8\n  %19 = call i32 @memset(ptr noundef %18, i32 noundef 0, i64 noundef %17) #2\n  %20 = load ptr, ptr %5, align 8\n  %21 = getelementptr inbounds %struct.TYPE_9__, ptr %18, i64 0, i32 9\n  store ptr %20, ptr %21, align 8\n  %22 = load ptr, ptr %7, align 8\n  %23 = getelementptr inbounds %struct.TYPE_9__, ptr %18, i64 0, i32 8\n  store ptr %22, ptr %23, align 8\n  %24 = load ptr, ptr %6, align 8\n  %25 = load ptr, ptr %9, align 8\n  %26 = getelementptr inbounds %struct.TYPE_9__, ptr %25, i64 0, i32 7\n  store ptr %24, ptr %26, align 8\n  %27 = load i32, ptr @do_cancel, align 4\n  %28 = getelementptr inbounds %struct.TYPE_9__, ptr %25, i64 0, i32 6\n  store i32 %27, ptr %28, align 8\n  %29 = getelementptr inbounds %struct.TYPE_9__, ptr %25, i64 0, i32 5\n  store ptr null, ptr %29, align 8\n  %30 = load ptr, ptr %9, align 8\n  %31 = getelementptr inbounds %struct.TYPE_9__, ptr %30, i64 0, i32 4\n  store ptr null, ptr %31, align 8\n  %32 = getelementptr inbounds %struct.TYPE_9__, ptr %30, i64 0, i32 3\n  store ptr null, ptr %32, align 8\n  %33 = getelementptr inbounds %struct.TYPE_9__, ptr %30, i64 0, i32 2\n  store ptr null, ptr %33, align 8\n  %34 = load i32, ptr %8, align 4\n  %35 = load ptr, ptr %9, align 8\n  %36 = getelementptr inbounds %struct.TYPE_9__, ptr %35, i64 0, i32 1\n  store i32 %34, ptr %36, align 4\n  %37 = load i32, ptr @on_connect_timeout, align 4\n  store i32 %37, ptr %35, align 8\n  ret ptr %35\n}"
    }
]