[
    {
        "unoptimized": "%2 = alloca ptr, align 8\n  %3 = alloca ptr, align 8\n  %4 = alloca ptr, align 8\n  store ptr %0, ptr %3, align 8\n  %5 = load ptr, ptr %3, align 8\n  %6 = getelementptr inbounds %struct.xa_state, ptr %5, i32 0, i32 1\n  %7 = load ptr, ptr %6, align 8\n  %8 = call i32 @xas_frozen(ptr noundef %7)\n  %9 = icmp ne i32 %8, 0\n  br i1 %9, label %15, label %10\n",
        "optimized": "%2 = alloca ptr, align 8\n  %3 = alloca ptr, align 8\n  %4 = alloca ptr, align 8\n  store ptr %0, ptr %3, align 8\n  %5 = getelementptr inbounds %struct.xa_state, ptr %0, i64 0, i32 1\n  %6 = load ptr, ptr %5, align 8\n  %7 = call i32 @xas_frozen(ptr noundef %6) #2\n  %.not = icmp eq i32 %7, 0\n  br i1 %.not, label %8, label %13\n"
    },
    {
        "unoptimized": "%11 = load ptr, ptr %3, align 8\n  %12 = getelementptr inbounds %struct.xa_state, ptr %11, i32 0, i32 3\n  %13 = load i32, ptr %12, align 4\n  %14 = add nsw i32 %13, -1\n  store i32 %14, ptr %12, align 4\n  br label %15\n",
        "optimized": "%9 = load ptr, ptr %3, align 8\n  %10 = getelementptr inbounds %struct.xa_state, ptr %9, i64 0, i32 3\n  %11 = load i32, ptr %10, align 4\n  %12 = add nsw i32 %11, -1\n  store i32 %12, ptr %10, align 4\n  br label %13\n"
    },
    {
        "unoptimized": "%16 = load ptr, ptr %3, align 8\n  %17 = getelementptr inbounds %struct.xa_state, ptr %16, i32 0, i32 1\n  %18 = load ptr, ptr %17, align 8\n  %19 = icmp ne ptr %18, null\n  br i1 %19, label %23, label %20\n",
        "optimized": "%14 = load ptr, ptr %3, align 8\n  %15 = getelementptr inbounds %struct.xa_state, ptr %14, i64 0, i32 1\n  %16 = load ptr, ptr %15, align 8\n  %.not1 = icmp eq ptr %16, null\n  br i1 %.not1, label %17, label %20\n"
    },
    {
        "unoptimized": "%21 = load ptr, ptr %3, align 8\n  %22 = call ptr @set_bounds(ptr noundef %21)\n  store ptr %22, ptr %2, align 8\n  br label %105\n",
        "optimized": "%18 = load ptr, ptr %3, align 8\n  %19 = call ptr @set_bounds(ptr noundef %18) #2\n  store ptr %19, ptr %2, align 8\n  br label %80\n"
    },
    {
        "unoptimized": "%24 = load ptr, ptr %3, align 8\n  %25 = getelementptr inbounds %struct.xa_state, ptr %24, i32 0, i32 1\n  %26 = load ptr, ptr %25, align 8\n  %27 = call i64 @xas_not_node(ptr noundef %26)\n  %28 = icmp ne i64 %27, 0\n  br i1 %28, label %29, label %32\n",
        "optimized": "%21 = load ptr, ptr %3, align 8\n  %22 = getelementptr inbounds %struct.xa_state, ptr %21, i64 0, i32 1\n  %23 = load ptr, ptr %22, align 8\n  %24 = call i64 @xas_not_node(ptr noundef %23) #2\n  %.not2 = icmp eq i64 %24, 0\n  br i1 %.not2, label %28, label %25\n"
    },
    {
        "unoptimized": "%30 = load ptr, ptr %3, align 8\n  %31 = call ptr @xas_load(ptr noundef %30)\n  store ptr %31, ptr %2, align 8\n  br label %105\n",
        "optimized": "%26 = load ptr, ptr %3, align 8\n  %27 = call ptr @xas_load(ptr noundef %26) #2\n  store ptr %27, ptr %2, align 8\n  br label %80\n"
    },
    {
        "unoptimized": "%33 = load ptr, ptr %3, align 8\n  %34 = getelementptr inbounds %struct.xa_state, ptr %33, i32 0, i32 0\n  %35 = load i32, ptr %34, align 8\n  %36 = load ptr, ptr %3, align 8\n  %37 = getelementptr inbounds %struct.xa_state, ptr %36, i32 0, i32 3\n  %38 = load i32, ptr %37, align 4\n  %39 = load ptr, ptr %3, align 8\n  %40 = getelementptr inbounds %struct.xa_state, ptr %39, i32 0, i32 1\n  %41 = load ptr, ptr %40, align 8\n  %42 = call i32 @get_offset(i32 noundef %38, ptr noundef %41)\n  %43 = icmp ne i32 %35, %42\n  br i1 %43, label %44, label %49\n",
        "optimized": "%29 = load ptr, ptr %3, align 8\n  %30 = load i32, ptr %29, align 8\n  %31 = getelementptr inbounds %struct.xa_state, ptr %29, i64 0, i32 3\n  %32 = load i32, ptr %31, align 4\n  %33 = getelementptr inbounds %struct.xa_state, ptr %29, i64 0, i32 1\n  %34 = load ptr, ptr %33, align 8\n  %35 = call i32 @get_offset(i32 noundef %32, ptr noundef %34) #2\n  %.not3 = icmp eq i32 %30, %35\n  br i1 %.not3, label %40, label %36\n"
    },
    {
        "unoptimized": "%45 = load ptr, ptr %3, align 8\n  %46 = getelementptr inbounds %struct.xa_state, ptr %45, i32 0, i32 0\n  %47 = load i32, ptr %46, align 8\n  %48 = add nsw i32 %47, -1\n  store i32 %48, ptr %46, align 8\n  br label %49\n",
        "optimized": "%37 = load ptr, ptr %3, align 8\n  %38 = load i32, ptr %37, align 8\n  %39 = add nsw i32 %38, -1\n  store i32 %39, ptr %37, align 8\n  br label %40\n"
    },
    {
        "unoptimized": "br label %50\n",
        "optimized": "br label %41\n"
    },
    {
        "unoptimized": "%51 = load ptr, ptr %3, align 8\n  %52 = getelementptr inbounds %struct.xa_state, ptr %51, i32 0, i32 0\n  %53 = load i32, ptr %52, align 8\n  %54 = icmp eq i32 %53, 255\n  br i1 %54, label %55, label %81\n",
        "optimized": "%42 = load ptr, ptr %3, align 8\n  %43 = load i32, ptr %42, align 8\n  %44 = icmp eq i32 %43, 255\n  br i1 %44, label %45, label %62\n"
    },
    {
        "unoptimized": "%56 = load ptr, ptr %3, align 8\n  %57 = getelementptr inbounds %struct.xa_state, ptr %56, i32 0, i32 1\n  %58 = load ptr, ptr %57, align 8\n  %59 = getelementptr inbounds %struct.TYPE_8__, ptr %58, i32 0, i32 0\n  %60 = load i32, ptr %59, align 4\n  %61 = sub nsw i32 %60, 1\n  %62 = load ptr, ptr %3, align 8\n  %63 = getelementptr inbounds %struct.xa_state, ptr %62, i32 0, i32 0\n  store i32 %61, ptr %63, align 8\n  %64 = load ptr, ptr %3, align 8\n  %65 = getelementptr inbounds %struct.xa_state, ptr %64, i32 0, i32 2\n  %66 = load i32, ptr %65, align 8\n  %67 = load ptr, ptr %3, align 8\n  %68 = getelementptr inbounds %struct.xa_state, ptr %67, i32 0, i32 1\n  %69 = load ptr, ptr %68, align 8\n  %70 = call ptr @xa_parent(i32 noundef %66, ptr noundef %69)\n  %71 = load ptr, ptr %3, align 8\n  %72 = getelementptr inbounds %struct.xa_state, ptr %71, i32 0, i32 1\n  store ptr %70, ptr %72, align 8\n  %73 = load ptr, ptr %3, align 8\n  %74 = getelementptr inbounds %struct.xa_state, ptr %73, i32 0, i32 1\n  %75 = load ptr, ptr %74, align 8\n  %76 = icmp ne ptr %75, null\n  br i1 %76, label %80, label %77\n",
        "optimized": "%46 = load ptr, ptr %3, align 8\n  %47 = getelementptr inbounds %struct.xa_state, ptr %46, i64 0, i32 1\n  %48 = load ptr, ptr %47, align 8\n  %49 = load i32, ptr %48, align 4\n  %50 = add nsw i32 %49, -1\n  store i32 %50, ptr %46, align 8\n  %51 = getelementptr inbounds %struct.xa_state, ptr %46, i64 0, i32 2\n  %52 = load i32, ptr %51, align 8\n  %53 = load ptr, ptr %3, align 8\n  %54 = getelementptr inbounds %struct.xa_state, ptr %53, i64 0, i32 1\n  %55 = load ptr, ptr %54, align 8\n  %56 = call ptr @xa_parent(i32 noundef %52, ptr noundef %55) #2\n  %57 = getelementptr inbounds %struct.xa_state, ptr %53, i64 0, i32 1\n  store ptr %56, ptr %57, align 8\n  %.not5 = icmp eq ptr %56, null\n  br i1 %.not5, label %58, label %61\n"
    },
    {
        "unoptimized": "%78 = load ptr, ptr %3, align 8\n  %79 = call ptr @set_bounds(ptr noundef %78)\n  store ptr %79, ptr %2, align 8\n  br label %105\n",
        "optimized": "%59 = load ptr, ptr %3, align 8\n  %60 = call ptr @set_bounds(ptr noundef %59) #2\n  store ptr %60, ptr %2, align 8\n  br label %80\n"
    },
    {
        "unoptimized": "br label %50, !llvm.loop !6\n",
        "optimized": "br label %41, !llvm.loop !6\n"
    },
    {
        "unoptimized": "br label %82\n",
        "optimized": "br label %63\n"
    },
    {
        "unoptimized": "%83 = load ptr, ptr %3, align 8\n  %84 = getelementptr inbounds %struct.xa_state, ptr %83, i32 0, i32 2\n  %85 = load i32, ptr %84, align 8\n  %86 = load ptr, ptr %3, align 8\n  %87 = getelementptr inbounds %struct.xa_state, ptr %86, i32 0, i32 1\n  %88 = load ptr, ptr %87, align 8\n  %89 = load ptr, ptr %3, align 8\n  %90 = getelementptr inbounds %struct.xa_state, ptr %89, i32 0, i32 0\n  %91 = load i32, ptr %90, align 8\n  %92 = call ptr @xa_entry(i32 noundef %85, ptr noundef %88, i32 noundef %91)\n  store ptr %92, ptr %4, align 8\n  %93 = load ptr, ptr %4, align 8\n  %94 = call i32 @xa_is_node(ptr noundef %93)\n  %95 = icmp ne i32 %94, 0\n  br i1 %95, label %98, label %96\n",
        "optimized": "%64 = load ptr, ptr %3, align 8\n  %65 = getelementptr inbounds %struct.xa_state, ptr %64, i64 0, i32 2\n  %66 = load i32, ptr %65, align 8\n  %67 = getelementptr inbounds %struct.xa_state, ptr %64, i64 0, i32 1\n  %68 = load ptr, ptr %67, align 8\n  %69 = load i32, ptr %64, align 8\n  %70 = call ptr @xa_entry(i32 noundef %66, ptr noundef %68, i32 noundef %69) #2\n  store ptr %70, ptr %4, align 8\n  %71 = call i32 @xa_is_node(ptr noundef %70) #2\n  %.not4 = icmp eq i32 %71, 0\n  br i1 %.not4, label %72, label %74\n"
    },
    {
        "unoptimized": "%97 = load ptr, ptr %4, align 8\n  store ptr %97, ptr %2, align 8\n  br label %105\n",
        "optimized": "%73 = load ptr, ptr %4, align 8\n  store ptr %73, ptr %2, align 8\n  br label %80\n"
    },
    {
        "unoptimized": "%99 = load ptr, ptr %4, align 8\n  %100 = call ptr @xa_to_node(ptr noundef %99)\n  %101 = load ptr, ptr %3, align 8\n  %102 = getelementptr inbounds %struct.xa_state, ptr %101, i32 0, i32 1\n  store ptr %100, ptr %102, align 8\n  %103 = load ptr, ptr %3, align 8\n  %104 = call i32 @xas_set_offset(ptr noundef %103)\n  br label %82\n",
        "optimized": "%75 = load ptr, ptr %4, align 8\n  %76 = call ptr @xa_to_node(ptr noundef %75) #2\n  %77 = load ptr, ptr %3, align 8\n  %78 = getelementptr inbounds %struct.xa_state, ptr %77, i64 0, i32 1\n  store ptr %76, ptr %78, align 8\n  %79 = call i32 @xas_set_offset(ptr noundef %77) #2\n  br label %63\n"
    },
    {
        "unoptimized": "%106 = load ptr, ptr %2, align 8\n  ret ptr %106\n}",
        "optimized": "%81 = load ptr, ptr %2, align 8\n  ret ptr %81\n}"
    }
]