[
    {
        "unoptimized": "%5 = alloca ptr, align 8\n  %6 = alloca ptr, align 8\n  %7 = alloca i64, align 8\n  %8 = alloca [66 x i8], align 16\n  %9 = alloca i8, align 1\n  %10 = alloca i8, align 1\n  %11 = alloca i32, align 4\n  %12 = alloca i32, align 4\n  %13 = alloca i32, align 4\n  %14 = alloca i32, align 4\n  %15 = alloca i8, align 1\n  store ptr %0, ptr %5, align 8\n  store ptr %1, ptr %6, align 8\n  store i64 %2, ptr %7, align 8\n  %16 = getelementptr inbounds %struct.printf_spec, ptr %3, i32 0, i32 0\n  %17 = load i32, ptr %16, align 8\n  %18 = load i32, ptr @SPECIAL, align 4\n  %19 = and i32 %17, %18\n  %20 = icmp ne i32 %19, 0\n  br i1 %20, label %21, label %25\n",
        "optimized": "%5 = alloca ptr, align 8\n  %6 = alloca ptr, align 8\n  %7 = alloca i64, align 8\n  %8 = alloca [66 x i8], align 16\n  %9 = alloca i8, align 1\n  %10 = alloca i8, align 1\n  %11 = alloca i32, align 4\n  %12 = alloca i32, align 4\n  %13 = alloca i32, align 4\n  %14 = alloca i32, align 4\n  %15 = alloca i8, align 1\n  store ptr %0, ptr %5, align 8\n  store ptr %1, ptr %6, align 8\n  store i64 %2, ptr %7, align 8\n  %16 = load i32, ptr %3, align 8\n  %17 = load i32, ptr @SPECIAL, align 4\n  %18 = and i32 %16, %17\n  %.not = icmp eq i32 %18, 0\n  br i1 %.not, label %23, label %19\n"
    },
    {
        "unoptimized": "%22 = getelementptr inbounds %struct.printf_spec, ptr %3, i32 0, i32 1\n  %23 = load i32, ptr %22, align 4\n  %24 = icmp ne i32 %23, 10\n  br label %25\n",
        "optimized": "%20 = getelementptr inbounds %struct.printf_spec, ptr %3, i64 0, i32 1\n  %21 = load i32, ptr %20, align 4\n  %22 = icmp ne i32 %21, 10\n  br label %23\n"
    },
    {
        "unoptimized": "%26 = phi i1 [ false, %4 ], [ %24, %21 ]\n  %27 = zext i1 %26 to i32\n  store i32 %27, ptr %11, align 4\n  %28 = getelementptr inbounds %struct.printf_spec, ptr %3, i32 0, i32 0\n  %29 = load i32, ptr %28, align 8\n  %30 = load i8, ptr @SMALL, align 1\n  %31 = sext i8 %30 to i32\n  %32 = and i32 %29, %31\n  %33 = trunc i32 %32 to i8\n  store i8 %33, ptr %10, align 1\n  %34 = getelementptr inbounds %struct.printf_spec, ptr %3, i32 0, i32 0\n  %35 = load i32, ptr %34, align 8\n  %36 = load i32, ptr @LEFT, align 4\n  %37 = and i32 %35, %36\n  %38 = icmp ne i32 %37, 0\n  br i1 %38, label %39, label %45\n",
        "optimized": "%24 = phi i1 [ false, %4 ], [ %22, %19 ]\n  %25 = zext i1 %24 to i32\n  store i32 %25, ptr %11, align 4\n  %26 = load i32, ptr %3, align 8\n  %27 = load i8, ptr @SMALL, align 1\n  %28 = trunc i32 %26 to i8\n  %29 = and i8 %27, %28\n  store i8 %29, ptr %10, align 1\n  %30 = load i32, ptr @LEFT, align 4\n  %31 = and i32 %26, %30\n  %.not1 = icmp eq i32 %31, 0\n  br i1 %.not1, label %37, label %32\n"
    },
    {
        "unoptimized": "%40 = load i32, ptr @ZEROPAD, align 4\n  %41 = xor i32 %40, -1\n  %42 = getelementptr inbounds %struct.printf_spec, ptr %3, i32 0, i32 0\n  %43 = load i32, ptr %42, align 8\n  %44 = and i32 %43, %41\n  store i32 %44, ptr %42, align 8\n  br label %45\n",
        "optimized": "%33 = load i32, ptr @ZEROPAD, align 4\n  %34 = xor i32 %33, -1\n  %35 = load i32, ptr %3, align 8\n  %36 = and i32 %35, %34\n  store i32 %36, ptr %3, align 8\n  br label %37\n"
    },
    {
        "unoptimized": "store i8 0, ptr %9, align 1\n  %46 = getelementptr inbounds %struct.printf_spec, ptr %3, i32 0, i32 0\n  %47 = load i32, ptr %46, align 8\n  %48 = load i32, ptr @SIGN, align 4\n  %49 = and i32 %47, %48\n  %50 = icmp ne i32 %49, 0\n  br i1 %50, label %51, label %83\n",
        "optimized": "store i8 0, ptr %9, align 1\n  %38 = load i32, ptr %3, align 8\n  %39 = load i32, ptr @SIGN, align 4\n  %40 = and i32 %38, %39\n  %.not2 = icmp eq i32 %40, 0\n  br i1 %.not2, label %69, label %41\n"
    },
    {
        "unoptimized": "%52 = load i64, ptr %7, align 8\n  %53 = icmp slt i64 %52, 0\n  br i1 %53, label %54, label %60\n",
        "optimized": "%42 = load i64, ptr %7, align 8\n  %43 = icmp slt i64 %42, 0\n  br i1 %43, label %44, label %50\n"
    },
    {
        "unoptimized": "store i8 45, ptr %9, align 1\n  %55 = load i64, ptr %7, align 8\n  %56 = sub nsw i64 0, %55\n  store i64 %56, ptr %7, align 8\n  %57 = getelementptr inbounds %struct.printf_spec, ptr %3, i32 0, i32 2\n  %58 = load i64, ptr %57, align 8\n  %59 = add nsw i64 %58, -1\n  store i64 %59, ptr %57, align 8\n  br label %82\n",
        "optimized": "store i8 45, ptr %9, align 1\n  %45 = load i64, ptr %7, align 8\n  %46 = sub nsw i64 0, %45\n  store i64 %46, ptr %7, align 8\n  %47 = getelementptr inbounds %struct.printf_spec, ptr %3, i64 0, i32 2\n  %48 = load i64, ptr %47, align 8\n  %49 = add nsw i64 %48, -1\n  store i64 %49, ptr %47, align 8\n  br label %68\n"
    },
    {
        "unoptimized": "%61 = getelementptr inbounds %struct.printf_spec, ptr %3, i32 0, i32 0\n  %62 = load i32, ptr %61, align 8\n  %63 = load i32, ptr @PLUS, align 4\n  %64 = and i32 %62, %63\n  %65 = icmp ne i32 %64, 0\n  br i1 %65, label %66, label %70\n",
        "optimized": "%51 = load i32, ptr %3, align 8\n  %52 = load i32, ptr @PLUS, align 4\n  %53 = and i32 %51, %52\n  %.not12 = icmp eq i32 %53, 0\n  br i1 %.not12, label %58, label %54\n"
    },
    {
        "unoptimized": "store i8 43, ptr %9, align 1\n  %67 = getelementptr inbounds %struct.printf_spec, ptr %3, i32 0, i32 2\n  %68 = load i64, ptr %67, align 8\n  %69 = add nsw i64 %68, -1\n  store i64 %69, ptr %67, align 8\n  br label %81\n",
        "optimized": "store i8 43, ptr %9, align 1\n  %55 = getelementptr inbounds %struct.printf_spec, ptr %3, i64 0, i32 2\n  %56 = load i64, ptr %55, align 8\n  %57 = add nsw i64 %56, -1\n  store i64 %57, ptr %55, align 8\n  br label %67\n"
    },
    {
        "unoptimized": "%71 = getelementptr inbounds %struct.printf_spec, ptr %3, i32 0, i32 0\n  %72 = load i32, ptr %71, align 8\n  %73 = load i32, ptr @SPACE, align 4\n  %74 = and i32 %72, %73\n  %75 = icmp ne i32 %74, 0\n  br i1 %75, label %76, label %80\n",
        "optimized": "%59 = load i32, ptr %3, align 8\n  %60 = load i32, ptr @SPACE, align 4\n  %61 = and i32 %59, %60\n  %.not13 = icmp eq i32 %61, 0\n  br i1 %.not13, label %66, label %62\n"
    },
    {
        "unoptimized": "store i8 32, ptr %9, align 1\n  %77 = getelementptr inbounds %struct.printf_spec, ptr %3, i32 0, i32 2\n  %78 = load i64, ptr %77, align 8\n  %79 = add nsw i64 %78, -1\n  store i64 %79, ptr %77, align 8\n  br label %80\n",
        "optimized": "store i8 32, ptr %9, align 1\n  %63 = getelementptr inbounds %struct.printf_spec, ptr %3, i64 0, i32 2\n  %64 = load i64, ptr %63, align 8\n  %65 = add nsw i64 %64, -1\n  store i64 %65, ptr %63, align 8\n  br label %66\n"
    },
    {
        "unoptimized": "br label %81\n",
        "optimized": "br label %67\n"
    },
    {
        "unoptimized": "br label %82\n",
        "optimized": "br label %68\n"
    },
    {
        "unoptimized": "br label %83\n",
        "optimized": "br label %69\n"
    },
    {
        "unoptimized": "%84 = load i32, ptr %11, align 4\n  %85 = icmp ne i32 %84, 0\n  br i1 %85, label %86, label %98\n",
        "optimized": "%70 = load i32, ptr %11, align 4\n  %.not3 = icmp eq i32 %70, 0\n  br i1 %.not3, label %83, label %71\n"
    },
    {
        "unoptimized": "%87 = getelementptr inbounds %struct.printf_spec, ptr %3, i32 0, i32 2\n  %88 = load i64, ptr %87, align 8\n  %89 = add nsw i64 %88, -1\n  store i64 %89, ptr %87, align 8\n  %90 = getelementptr inbounds %struct.printf_spec, ptr %3, i32 0, i32 1\n  %91 = load i32, ptr %90, align 4\n  %92 = icmp eq i32 %91, 16\n  br i1 %92, label %93, label %97\n",
        "optimized": "%72 = getelementptr inbounds %struct.printf_spec, ptr %3, i64 0, i32 2\n  %73 = load i64, ptr %72, align 8\n  %74 = add nsw i64 %73, -1\n  store i64 %74, ptr %72, align 8\n  %75 = getelementptr inbounds %struct.printf_spec, ptr %3, i64 0, i32 1\n  %76 = load i32, ptr %75, align 4\n  %77 = icmp eq i32 %76, 16\n  br i1 %77, label %78, label %82\n"
    },
    {
        "unoptimized": "%94 = getelementptr inbounds %struct.printf_spec, ptr %3, i32 0, i32 2\n  %95 = load i64, ptr %94, align 8\n  %96 = add nsw i64 %95, -1\n  store i64 %96, ptr %94, align 8\n  br label %97\n",
        "optimized": "%79 = getelementptr inbounds %struct.printf_spec, ptr %3, i64 0, i32 2\n  %80 = load i64, ptr %79, align 8\n  %81 = add nsw i64 %80, -1\n  store i64 %81, ptr %79, align 8\n  br label %82\n"
    },
    {
        "unoptimized": "br label %98\n",
        "optimized": "br label %83\n"
    },
    {
        "unoptimized": "store i32 0, ptr %12, align 4\n  %99 = load i64, ptr %7, align 8\n  %100 = icmp eq i64 %99, 0\n  br i1 %100, label %101, label %106\n",
        "optimized": "store i32 0, ptr %12, align 4\n  %84 = load i64, ptr %7, align 8\n  %85 = icmp eq i64 %84, 0\n  br i1 %85, label %86, label %91\n"
    },
    {
        "unoptimized": "%102 = load i32, ptr %12, align 4\n  %103 = add nsw i32 %102, 1\n  store i32 %103, ptr %12, align 4\n  %104 = sext i32 %102 to i64\n  %105 = getelementptr inbounds [66 x i8], ptr %8, i64 0, i64 %104\n  store i8 48, ptr %105, align 1\n  br label %155\n",
        "optimized": "%87 = load i32, ptr %12, align 4\n  %88 = add nsw i32 %87, 1\n  store i32 %88, ptr %12, align 4\n  %89 = sext i32 %87 to i64\n  %90 = getelementptr inbounds [66 x i8], ptr %8, i64 0, i64 %89\n  store i8 48, ptr %90, align 1\n  br label %131\n"
    },
    {
        "unoptimized": "%107 = getelementptr inbounds %struct.printf_spec, ptr %3, i32 0, i32 1\n  %108 = load i32, ptr %107, align 4\n  %109 = icmp ne i32 %108, 10\n  br i1 %109, label %110, label %145\n",
        "optimized": "%92 = getelementptr inbounds %struct.printf_spec, ptr %3, i64 0, i32 1\n  %93 = load i32, ptr %92, align 4\n  %.not4 = icmp eq i32 %93, 10\n  br i1 %.not4, label %123, label %94\n"
    },
    {
        "unoptimized": "%111 = getelementptr inbounds %struct.printf_spec, ptr %3, i32 0, i32 1\n  %112 = load i32, ptr %111, align 4\n  %113 = sub nsw i32 %112, 1\n  store i32 %113, ptr %13, align 4\n  store i32 3, ptr %14, align 4\n  %114 = getelementptr inbounds %struct.printf_spec, ptr %3, i32 0, i32 1\n  %115 = load i32, ptr %114, align 4\n  %116 = icmp eq i32 %115, 16\n  br i1 %116, label %117, label %118\n",
        "optimized": "%95 = getelementptr inbounds %struct.printf_spec, ptr %3, i64 0, i32 1\n  %96 = load i32, ptr %95, align 4\n  %97 = add nsw i32 %96, -1\n  store i32 %97, ptr %13, align 4\n  %98 = icmp eq i32 %96, 16\n  br i1 %98, label %99, label %100\n"
    },
    {
        "unoptimized": "store i32 4, ptr %14, align 4\n  br label %118\n",
        "optimized": "br label %100\n"
    },
    {
        "unoptimized": "br label %119\n",
        "optimized": "%storemerge = phi i32 [ 4, %99 ], [ 3, %94 ]\n  store i32 %storemerge, ptr %14, align 4\n  br label %101\n"
    },
    {
        "unoptimized": "%120 = load i64, ptr %7, align 8\n  %121 = trunc i64 %120 to i8\n  %122 = zext i8 %121 to i32\n  %123 = load i32, ptr %13, align 4\n  %124 = and i32 %122, %123\n  %125 = sext i32 %124 to i64\n  %126 = getelementptr inbounds [16 x i8], ptr @number.digits, i64 0, i64 %125\n  %127 = load i8, ptr %126, align 1\n  %128 = sext i8 %127 to i32\n  %129 = load i8, ptr %10, align 1\n  %130 = sext i8 %129 to i32\n  %131 = or i32 %128, %130\n  %132 = trunc i32 %131 to i8\n  %133 = load i32, ptr %12, align 4\n  %134 = add nsw i32 %133, 1\n  store i32 %134, ptr %12, align 4\n  %135 = sext i32 %133 to i64\n  %136 = getelementptr inbounds [66 x i8], ptr %8, i64 0, i64 %135\n  store i8 %132, ptr %136, align 1\n  %137 = load i32, ptr %14, align 4\n  %138 = load i64, ptr %7, align 8\n  %139 = zext i32 %137 to i64\n  %140 = lshr i64 %138, %139\n  store i64 %140, ptr %7, align 8\n  br label %141\n",
        "optimized": "%102 = load i64, ptr %7, align 8\n  %103 = trunc i64 %102 to i32\n  %104 = and i32 %103, 255\n  %105 = load i32, ptr %13, align 4\n  %106 = and i32 %104, %105\n  %107 = zext i32 %106 to i64\n  %108 = getelementptr inbounds [16 x i8], ptr @number.digits, i64 0, i64 %107\n  %109 = load i8, ptr %108, align 1\n  %110 = load i8, ptr %10, align 1\n  %111 = or i8 %109, %110\n  %112 = load i32, ptr %12, align 4\n  %113 = add nsw i32 %112, 1\n  store i32 %113, ptr %12, align 4\n  %114 = sext i32 %112 to i64\n  %115 = getelementptr inbounds [66 x i8], ptr %8, i64 0, i64 %114\n  store i8 %111, ptr %115, align 1\n  %116 = load i32, ptr %14, align 4\n  %117 = load i64, ptr %7, align 8\n  %118 = zext i32 %116 to i64\n  %119 = lshr i64 %117, %118\n  store i64 %119, ptr %7, align 8\n  br label %120\n"
    },
    {
        "unoptimized": "%142 = load i64, ptr %7, align 8\n  %143 = icmp ne i64 %142, 0\n  br i1 %143, label %119, label %144, !llvm.loop !6\n",
        "optimized": "%121 = load i64, ptr %7, align 8\n  %.not11 = icmp eq i64 %121, 0\n  br i1 %.not11, label %122, label %101, !llvm.loop !6\n"
    },
    {
        "unoptimized": "br label %154\n",
        "optimized": "br label %130\n"
    },
    {
        "unoptimized": "%146 = getelementptr inbounds [66 x i8], ptr %8, i64 0, i64 0\n  %147 = load i64, ptr %7, align 8\n  %148 = call ptr @put_dec(ptr noundef %146, i64 noundef %147)\n  %149 = getelementptr inbounds [66 x i8], ptr %8, i64 0, i64 0\n  %150 = ptrtoint ptr %148 to i64\n  %151 = ptrtoint ptr %149 to i64\n  %152 = sub i64 %150, %151\n  %153 = trunc i64 %152 to i32\n  store i32 %153, ptr %12, align 4\n  br label %154\n",
        "optimized": "%124 = load i64, ptr %7, align 8\n  %125 = call ptr @put_dec(ptr noundef nonnull %8, i64 noundef %124) #2\n  %126 = ptrtoint ptr %125 to i64\n  %127 = ptrtoint ptr %8 to i64\n  %128 = sub i64 %126, %127\n  %129 = trunc i64 %128 to i32\n  store i32 %129, ptr %12, align 4\n  br label %130\n"
    },
    {
        "unoptimized": "br label %155\n",
        "optimized": "br label %131\n"
    },
    {
        "unoptimized": "%156 = load i32, ptr %12, align 4\n  %157 = getelementptr inbounds %struct.printf_spec, ptr %3, i32 0, i32 3\n  %158 = load i32, ptr %157, align 8\n  %159 = icmp sgt i32 %156, %158\n  br i1 %159, label %160, label %163\n",
        "optimized": "%132 = load i32, ptr %12, align 4\n  %133 = getelementptr inbounds %struct.printf_spec, ptr %3, i64 0, i32 3\n  %134 = load i32, ptr %133, align 8\n  %135 = icmp sgt i32 %132, %134\n  br i1 %135, label %136, label %139\n"
    },
    {
        "unoptimized": "%161 = load i32, ptr %12, align 4\n  %162 = getelementptr inbounds %struct.printf_spec, ptr %3, i32 0, i32 3\n  store i32 %161, ptr %162, align 8\n  br label %163\n",
        "optimized": "%137 = load i32, ptr %12, align 4\n  %138 = getelementptr inbounds %struct.printf_spec, ptr %3, i64 0, i32 3\n  store i32 %137, ptr %138, align 8\n  br label %139\n"
    },
    {
        "unoptimized": "%164 = getelementptr inbounds %struct.printf_spec, ptr %3, i32 0, i32 3\n  %165 = load i32, ptr %164, align 8\n  %166 = sext i32 %165 to i64\n  %167 = getelementptr inbounds %struct.printf_spec, ptr %3, i32 0, i32 2\n  %168 = load i64, ptr %167, align 8\n  %169 = sub nsw i64 %168, %166\n  store i64 %169, ptr %167, align 8\n  %170 = getelementptr inbounds %struct.printf_spec, ptr %3, i32 0, i32 0\n  %171 = load i32, ptr %170, align 8\n  %172 = load i32, ptr @ZEROPAD, align 4\n  %173 = load i32, ptr @LEFT, align 4\n  %174 = add nsw i32 %172, %173\n  %175 = and i32 %171, %174\n  %176 = icmp ne i32 %175, 0\n  br i1 %176, label %193, label %177\n",
        "optimized": "%140 = getelementptr inbounds %struct.printf_spec, ptr %3, i64 0, i32 3\n  %141 = load i32, ptr %140, align 8\n  %142 = sext i32 %141 to i64\n  %143 = getelementptr inbounds %struct.printf_spec, ptr %3, i64 0, i32 2\n  %144 = load i64, ptr %143, align 8\n  %145 = sub nsw i64 %144, %142\n  store i64 %145, ptr %143, align 8\n  %146 = load i32, ptr %3, align 8\n  %147 = load i32, ptr @ZEROPAD, align 4\n  %148 = load i32, ptr @LEFT, align 4\n  %149 = add nsw i32 %147, %148\n  %150 = and i32 %146, %149\n  %.not5 = icmp eq i32 %150, 0\n  br i1 %.not5, label %151, label %167\n"
    },
    {
        "unoptimized": "br label %178\n",
        "optimized": "br label %152\n"
    },
    {
        "unoptimized": "%179 = getelementptr inbounds %struct.printf_spec, ptr %3, i32 0, i32 2\n  %180 = load i64, ptr %179, align 8\n  %181 = add nsw i64 %180, -1\n  store i64 %181, ptr %179, align 8\n  %182 = icmp sge i64 %181, 0\n  br i1 %182, label %183, label %192\n",
        "optimized": "%153 = getelementptr inbounds %struct.printf_spec, ptr %3, i64 0, i32 2\n  %154 = load i64, ptr %153, align 8\n  %155 = add nsw i64 %154, -1\n  store i64 %155, ptr %153, align 8\n  %156 = icmp sgt i64 %154, 0\n  br i1 %156, label %157, label %166\n"
    },
    {
        "unoptimized": "%184 = load ptr, ptr %5, align 8\n  %185 = load ptr, ptr %6, align 8\n  %186 = icmp ult ptr %184, %185\n  br i1 %186, label %187, label %189\n",
        "optimized": "%158 = load ptr, ptr %5, align 8\n  %159 = load ptr, ptr %6, align 8\n  %160 = icmp ult ptr %158, %159\n  br i1 %160, label %161, label %163\n"
    },
    {
        "unoptimized": "%188 = load ptr, ptr %5, align 8\n  store i8 32, ptr %188, align 1\n  br label %189\n",
        "optimized": "%162 = load ptr, ptr %5, align 8\n  store i8 32, ptr %162, align 1\n  br label %163\n"
    },
    {
        "unoptimized": "%190 = load ptr, ptr %5, align 8\n  %191 = getelementptr inbounds i8, ptr %190, i32 1\n  store ptr %191, ptr %5, align 8\n  br label %178, !llvm.loop !8\n",
        "optimized": "%164 = load ptr, ptr %5, align 8\n  %165 = getelementptr inbounds i8, ptr %164, i64 1\n  store ptr %165, ptr %5, align 8\n  br label %152, !llvm.loop !8\n"
    },
    {
        "unoptimized": "br label %193\n",
        "optimized": "br label %167\n"
    },
    {
        "unoptimized": "%194 = load i8, ptr %9, align 1\n  %195 = icmp ne i8 %194, 0\n  br i1 %195, label %196, label %206\n",
        "optimized": "%168 = load i8, ptr %9, align 1\n  %.not6 = icmp eq i8 %168, 0\n  br i1 %.not6, label %179, label %169\n"
    },
    {
        "unoptimized": "%197 = load ptr, ptr %5, align 8\n  %198 = load ptr, ptr %6, align 8\n  %199 = icmp ult ptr %197, %198\n  br i1 %199, label %200, label %203\n",
        "optimized": "%170 = load ptr, ptr %5, align 8\n  %171 = load ptr, ptr %6, align 8\n  %172 = icmp ult ptr %170, %171\n  br i1 %172, label %173, label %176\n"
    },
    {
        "unoptimized": "%201 = load i8, ptr %9, align 1\n  %202 = load ptr, ptr %5, align 8\n  store i8 %201, ptr %202, align 1\n  br label %203\n",
        "optimized": "%174 = load i8, ptr %9, align 1\n  %175 = load ptr, ptr %5, align 8\n  store i8 %174, ptr %175, align 1\n  br label %176\n"
    },
    {
        "unoptimized": "%204 = load ptr, ptr %5, align 8\n  %205 = getelementptr inbounds i8, ptr %204, i32 1\n  store ptr %205, ptr %5, align 8\n  br label %206\n",
        "optimized": "%177 = load ptr, ptr %5, align 8\n  %178 = getelementptr inbounds i8, ptr %177, i64 1\n  store ptr %178, ptr %5, align 8\n  br label %179\n"
    },
    {
        "unoptimized": "%207 = load i32, ptr %11, align 4\n  %208 = icmp ne i32 %207, 0\n  br i1 %208, label %209, label %235\n",
        "optimized": "%180 = load i32, ptr %11, align 4\n  %.not7 = icmp eq i32 %180, 0\n  br i1 %.not7, label %205, label %181\n"
    },
    {
        "unoptimized": "%210 = load ptr, ptr %5, align 8\n  %211 = load ptr, ptr %6, align 8\n  %212 = icmp ult ptr %210, %211\n  br i1 %212, label %213, label %215\n",
        "optimized": "%182 = load ptr, ptr %5, align 8\n  %183 = load ptr, ptr %6, align 8\n  %184 = icmp ult ptr %182, %183\n  br i1 %184, label %185, label %187\n"
    },
    {
        "unoptimized": "%214 = load ptr, ptr %5, align 8\n  store i8 48, ptr %214, align 1\n  br label %215\n",
        "optimized": "%186 = load ptr, ptr %5, align 8\n  store i8 48, ptr %186, align 1\n  br label %187\n"
    },
    {
        "unoptimized": "%216 = load ptr, ptr %5, align 8\n  %217 = getelementptr inbounds i8, ptr %216, i32 1\n  store ptr %217, ptr %5, align 8\n  %218 = getelementptr inbounds %struct.printf_spec, ptr %3, i32 0, i32 1\n  %219 = load i32, ptr %218, align 4\n  %220 = icmp eq i32 %219, 16\n  br i1 %220, label %221, label %234\n",
        "optimized": "%188 = load ptr, ptr %5, align 8\n  %189 = getelementptr inbounds i8, ptr %188, i64 1\n  store ptr %189, ptr %5, align 8\n  %190 = getelementptr inbounds %struct.printf_spec, ptr %3, i64 0, i32 1\n  %191 = load i32, ptr %190, align 4\n  %192 = icmp eq i32 %191, 16\n  br i1 %192, label %193, label %204\n"
    },
    {
        "unoptimized": "%222 = load ptr, ptr %5, align 8\n  %223 = load ptr, ptr %6, align 8\n  %224 = icmp ult ptr %222, %223\n  br i1 %224, label %225, label %231\n",
        "optimized": "%194 = load ptr, ptr %5, align 8\n  %195 = load ptr, ptr %6, align 8\n  %196 = icmp ult ptr %194, %195\n  br i1 %196, label %197, label %201\n"
    },
    {
        "unoptimized": "%226 = load i8, ptr %10, align 1\n  %227 = sext i8 %226 to i32\n  %228 = or i32 88, %227\n  %229 = trunc i32 %228 to i8\n  %230 = load ptr, ptr %5, align 8\n  store i8 %229, ptr %230, align 1\n  br label %231\n",
        "optimized": "%198 = load i8, ptr %10, align 1\n  %199 = or i8 %198, 88\n  %200 = load ptr, ptr %5, align 8\n  store i8 %199, ptr %200, align 1\n  br label %201\n"
    },
    {
        "unoptimized": "%232 = load ptr, ptr %5, align 8\n  %233 = getelementptr inbounds i8, ptr %232, i32 1\n  store ptr %233, ptr %5, align 8\n  br label %234\n",
        "optimized": "%202 = load ptr, ptr %5, align 8\n  %203 = getelementptr inbounds i8, ptr %202, i64 1\n  store ptr %203, ptr %5, align 8\n  br label %204\n"
    },
    {
        "unoptimized": "br label %235\n",
        "optimized": "br label %205\n"
    },
    {
        "unoptimized": "%236 = getelementptr inbounds %struct.printf_spec, ptr %3, i32 0, i32 0\n  %237 = load i32, ptr %236, align 8\n  %238 = load i32, ptr @LEFT, align 4\n  %239 = and i32 %237, %238\n  %240 = icmp ne i32 %239, 0\n  br i1 %240, label %266, label %241\n",
        "optimized": "%206 = load i32, ptr %3, align 8\n  %207 = load i32, ptr @LEFT, align 4\n  %208 = and i32 %206, %207\n  %.not8 = icmp eq i32 %208, 0\n  br i1 %.not8, label %209, label %230\n"
    },
    {
        "unoptimized": "%242 = getelementptr inbounds %struct.printf_spec, ptr %3, i32 0, i32 0\n  %243 = load i32, ptr %242, align 8\n  %244 = load i32, ptr @ZEROPAD, align 4\n  %245 = and i32 %243, %244\n  %246 = icmp ne i32 %245, 0\n  %247 = zext i1 %246 to i64\n  %248 = select i1 %246, i32 48, i32 32\n  %249 = trunc i32 %248 to i8\n  store i8 %249, ptr %15, align 1\n  br label %250\n",
        "optimized": "%210 = load i32, ptr %3, align 8\n  %211 = load i32, ptr @ZEROPAD, align 4\n  %212 = and i32 %210, %211\n  %.not9 = icmp eq i32 %212, 0\n  %213 = select i1 %.not9, i8 32, i8 48\n  store i8 %213, ptr %15, align 1\n  br label %214\n"
    },
    {
        "unoptimized": "%251 = getelementptr inbounds %struct.printf_spec, ptr %3, i32 0, i32 2\n  %252 = load i64, ptr %251, align 8\n  %253 = add nsw i64 %252, -1\n  store i64 %253, ptr %251, align 8\n  %254 = icmp sge i64 %253, 0\n  br i1 %254, label %255, label %265\n",
        "optimized": "%215 = getelementptr inbounds %struct.printf_spec, ptr %3, i64 0, i32 2\n  %216 = load i64, ptr %215, align 8\n  %217 = add nsw i64 %216, -1\n  store i64 %217, ptr %215, align 8\n  %218 = icmp sgt i64 %216, 0\n  br i1 %218, label %219, label %229\n"
    },
    {
        "unoptimized": "%256 = load ptr, ptr %5, align 8\n  %257 = load ptr, ptr %6, align 8\n  %258 = icmp ult ptr %256, %257\n  br i1 %258, label %259, label %262\n",
        "optimized": "%220 = load ptr, ptr %5, align 8\n  %221 = load ptr, ptr %6, align 8\n  %222 = icmp ult ptr %220, %221\n  br i1 %222, label %223, label %226\n"
    },
    {
        "unoptimized": "%260 = load i8, ptr %15, align 1\n  %261 = load ptr, ptr %5, align 8\n  store i8 %260, ptr %261, align 1\n  br label %262\n",
        "optimized": "%224 = load i8, ptr %15, align 1\n  %225 = load ptr, ptr %5, align 8\n  store i8 %224, ptr %225, align 1\n  br label %226\n"
    },
    {
        "unoptimized": "%263 = load ptr, ptr %5, align 8\n  %264 = getelementptr inbounds i8, ptr %263, i32 1\n  store ptr %264, ptr %5, align 8\n  br label %250, !llvm.loop !9\n",
        "optimized": "%227 = load ptr, ptr %5, align 8\n  %228 = getelementptr inbounds i8, ptr %227, i64 1\n  store ptr %228, ptr %5, align 8\n  br label %214, !llvm.loop !9\n"
    },
    {
        "unoptimized": "br label %266\n",
        "optimized": "br label %230\n"
    },
    {
        "unoptimized": "br label %267\n",
        "optimized": "br label %231\n"
    },
    {
        "unoptimized": "%268 = load i32, ptr %12, align 4\n  %269 = getelementptr inbounds %struct.printf_spec, ptr %3, i32 0, i32 3\n  %270 = load i32, ptr %269, align 8\n  %271 = add nsw i32 %270, -1\n  store i32 %271, ptr %269, align 8\n  %272 = icmp sle i32 %268, %271\n  br i1 %272, label %273, label %282\n",
        "optimized": "%232 = load i32, ptr %12, align 4\n  %233 = getelementptr inbounds %struct.printf_spec, ptr %3, i64 0, i32 3\n  %234 = load i32, ptr %233, align 8\n  %235 = add nsw i32 %234, -1\n  store i32 %235, ptr %233, align 8\n  %.not10.not = icmp slt i32 %232, %234\n  br i1 %.not10.not, label %236, label %245\n"
    },
    {
        "unoptimized": "%274 = load ptr, ptr %5, align 8\n  %275 = load ptr, ptr %6, align 8\n  %276 = icmp ult ptr %274, %275\n  br i1 %276, label %277, label %279\n",
        "optimized": "%237 = load ptr, ptr %5, align 8\n  %238 = load ptr, ptr %6, align 8\n  %239 = icmp ult ptr %237, %238\n  br i1 %239, label %240, label %242\n"
    },
    {
        "unoptimized": "%278 = load ptr, ptr %5, align 8\n  store i8 48, ptr %278, align 1\n  br label %279\n",
        "optimized": "%241 = load ptr, ptr %5, align 8\n  store i8 48, ptr %241, align 1\n  br label %242\n"
    },
    {
        "unoptimized": "%280 = load ptr, ptr %5, align 8\n  %281 = getelementptr inbounds i8, ptr %280, i32 1\n  store ptr %281, ptr %5, align 8\n  br label %267, !llvm.loop !10\n",
        "optimized": "%243 = load ptr, ptr %5, align 8\n  %244 = getelementptr inbounds i8, ptr %243, i64 1\n  store ptr %244, ptr %5, align 8\n  br label %231, !llvm.loop !10\n"
    },
    {
        "unoptimized": "br label %283\n",
        "optimized": "br label %246\n"
    },
    {
        "unoptimized": "%284 = load i32, ptr %12, align 4\n  %285 = add nsw i32 %284, -1\n  store i32 %285, ptr %12, align 4\n  %286 = icmp sge i32 %285, 0\n  br i1 %286, label %287, label %300\n",
        "optimized": "%247 = load i32, ptr %12, align 4\n  %248 = add nsw i32 %247, -1\n  store i32 %248, ptr %12, align 4\n  %249 = icmp sgt i32 %247, 0\n  br i1 %249, label %250, label %263\n"
    },
    {
        "unoptimized": "%288 = load ptr, ptr %5, align 8\n  %289 = load ptr, ptr %6, align 8\n  %290 = icmp ult ptr %288, %289\n  br i1 %290, label %291, label %297\n",
        "optimized": "%251 = load ptr, ptr %5, align 8\n  %252 = load ptr, ptr %6, align 8\n  %253 = icmp ult ptr %251, %252\n  br i1 %253, label %254, label %260\n"
    },
    {
        "unoptimized": "%292 = load i32, ptr %12, align 4\n  %293 = sext i32 %292 to i64\n  %294 = getelementptr inbounds [66 x i8], ptr %8, i64 0, i64 %293\n  %295 = load i8, ptr %294, align 1\n  %296 = load ptr, ptr %5, align 8\n  store i8 %295, ptr %296, align 1\n  br label %297\n",
        "optimized": "%255 = load i32, ptr %12, align 4\n  %256 = sext i32 %255 to i64\n  %257 = getelementptr inbounds [66 x i8], ptr %8, i64 0, i64 %256\n  %258 = load i8, ptr %257, align 1\n  %259 = load ptr, ptr %5, align 8\n  store i8 %258, ptr %259, align 1\n  br label %260\n"
    },
    {
        "unoptimized": "%298 = load ptr, ptr %5, align 8\n  %299 = getelementptr inbounds i8, ptr %298, i32 1\n  store ptr %299, ptr %5, align 8\n  br label %283, !llvm.loop !11\n",
        "optimized": "%261 = load ptr, ptr %5, align 8\n  %262 = getelementptr inbounds i8, ptr %261, i64 1\n  store ptr %262, ptr %5, align 8\n  br label %246, !llvm.loop !11\n"
    },
    {
        "unoptimized": "br label %301\n",
        "optimized": "br label %264\n"
    },
    {
        "unoptimized": "%302 = getelementptr inbounds %struct.printf_spec, ptr %3, i32 0, i32 2\n  %303 = load i64, ptr %302, align 8\n  %304 = add nsw i64 %303, -1\n  store i64 %304, ptr %302, align 8\n  %305 = icmp sge i64 %304, 0\n  br i1 %305, label %306, label %315\n",
        "optimized": "%265 = getelementptr inbounds %struct.printf_spec, ptr %3, i64 0, i32 2\n  %266 = load i64, ptr %265, align 8\n  %267 = add nsw i64 %266, -1\n  store i64 %267, ptr %265, align 8\n  %268 = icmp sgt i64 %266, 0\n  br i1 %268, label %269, label %278\n"
    },
    {
        "unoptimized": "%307 = load ptr, ptr %5, align 8\n  %308 = load ptr, ptr %6, align 8\n  %309 = icmp ult ptr %307, %308\n  br i1 %309, label %310, label %312\n",
        "optimized": "%270 = load ptr, ptr %5, align 8\n  %271 = load ptr, ptr %6, align 8\n  %272 = icmp ult ptr %270, %271\n  br i1 %272, label %273, label %275\n"
    },
    {
        "unoptimized": "%311 = load ptr, ptr %5, align 8\n  store i8 32, ptr %311, align 1\n  br label %312\n",
        "optimized": "%274 = load ptr, ptr %5, align 8\n  store i8 32, ptr %274, align 1\n  br label %275\n"
    },
    {
        "unoptimized": "%313 = load ptr, ptr %5, align 8\n  %314 = getelementptr inbounds i8, ptr %313, i32 1\n  store ptr %314, ptr %5, align 8\n  br label %301, !llvm.loop !12\n",
        "optimized": "%276 = load ptr, ptr %5, align 8\n  %277 = getelementptr inbounds i8, ptr %276, i64 1\n  store ptr %277, ptr %5, align 8\n  br label %264, !llvm.loop !12\n"
    },
    {
        "unoptimized": "%316 = load ptr, ptr %5, align 8\n  ret ptr %316\n}",
        "optimized": "%279 = load ptr, ptr %5, align 8\n  ret ptr %279\n}"
    }
]