[
    {
        "unoptimized": "%6 = alloca i32, align 4\n  %7 = alloca ptr, align 8\n  %8 = alloca i64, align 8\n  %9 = alloca ptr, align 8\n  %10 = alloca i64, align 8\n  %11 = alloca i32, align 4\n  %12 = alloca i32, align 4\n  %13 = alloca ptr, align 8\n  %14 = alloca i64, align 8\n  store ptr %0, ptr %7, align 8\n  store i64 %1, ptr %8, align 8\n  store ptr %2, ptr %9, align 8\n  store i64 %3, ptr %10, align 8\n  store i32 %4, ptr %11, align 4\n  %15 = load ptr, ptr %7, align 8\n  %16 = load i64, ptr %8, align 8\n  %17 = call i32 @h2o_iovec_init(ptr noundef %15, i64 noundef %16)\n  store i32 %17, ptr %12, align 4\n  store ptr null, ptr %13, align 8\n  store i64 0, ptr %14, align 8\n  br label %18\n",
        "optimized": "%6 = alloca ptr, align 8\n  %7 = alloca i64, align 8\n  %8 = alloca i32, align 4\n  %9 = alloca i32, align 4\n  %10 = alloca ptr, align 8\n  %11 = alloca i64, align 8\n  store ptr %2, ptr %6, align 8\n  store i64 %3, ptr %7, align 8\n  store i32 %4, ptr %8, align 4\n  %12 = call i32 @h2o_iovec_init(ptr noundef %0, i64 noundef %1) #2\n  store i32 %12, ptr %9, align 4\n  store ptr null, ptr %10, align 8\n  store i64 0, ptr %11, align 8\n  br label %13\n"
    },
    {
        "unoptimized": "%19 = load i32, ptr %11, align 4\n  %20 = call ptr @h2o_next_token(ptr noundef %12, i32 noundef %19, ptr noundef %14, ptr noundef null)\n  store ptr %20, ptr %13, align 8\n  %21 = icmp ne ptr %20, null\n  br i1 %21, label %22, label %31\n",
        "optimized": "%14 = load i32, ptr %8, align 4\n  %15 = call ptr @h2o_next_token(ptr noundef nonnull %9, i32 noundef %14, ptr noundef nonnull %11, ptr noundef null) #2\n  store ptr %15, ptr %10, align 8\n  %.not = icmp eq ptr %15, null\n  br i1 %.not, label %24, label %16\n"
    },
    {
        "unoptimized": "%23 = load ptr, ptr %13, align 8\n  %24 = load i64, ptr %14, align 8\n  %25 = load ptr, ptr %9, align 8\n  %26 = load i64, ptr %10, align 8\n  %27 = call i64 @h2o_lcstris(ptr noundef %23, i64 noundef %24, ptr noundef %25, i64 noundef %26)\n  %28 = icmp ne i64 %27, 0\n  br i1 %28, label %29, label %30\n",
        "optimized": "%17 = load ptr, ptr %10, align 8\n  %18 = load i64, ptr %11, align 8\n  %19 = load ptr, ptr %6, align 8\n  %20 = load i64, ptr %7, align 8\n  %21 = call i64 @h2o_lcstris(ptr noundef %17, i64 noundef %18, ptr noundef %19, i64 noundef %20) #2\n  %.not1 = icmp eq i64 %21, 0\n  br i1 %.not1, label %23, label %22\n"
    },
    {
        "unoptimized": "store i32 1, ptr %6, align 4\n  br label %32\n",
        "optimized": "br label %25\n"
    },
    {
        "unoptimized": "br label %18, !llvm.loop !6\n",
        "optimized": "br label %13, !llvm.loop !6\n"
    },
    {
        "unoptimized": "store i32 0, ptr %6, align 4\n  br label %32\n",
        "optimized": "br label %25\n"
    },
    {
        "unoptimized": "%33 = load i32, ptr %6, align 4\n  ret i32 %33\n}",
        "optimized": "%storemerge = phi i32 [ 0, %24 ], [ 1, %22 ]\n  ret i32 %storemerge\n}"
    }
]