[
    {
        "unoptimized": "%1 = alloca i32, align 4\n  %2 = alloca i32, align 4\n  %3 = alloca i32, align 4\n  %4 = alloca i32, align 4\n  %5 = alloca i32, align 4\n  %6 = call i32 @set_fs(i32 noundef 0)\n  %7 = call i32 @rdfs8(i32 noundef 1157)\n  store i32 %7, ptr %1, align 4\n  %8 = load i32, ptr @force_y, align 4\n  %9 = icmp ne i32 %8, 0\n  br i1 %9, label %10, label %12\n",
        "optimized": "%1 = alloca i32, align 4\n  %2 = alloca i32, align 4\n  %3 = alloca i32, align 4\n  %4 = call i32 @set_fs(i32 noundef 0) #2\n  %5 = call i32 @rdfs8(i32 noundef 1157) #2\n  store i32 %5, ptr %1, align 4\n  %6 = load i32, ptr @force_y, align 4\n  %.not = icmp eq i32 %6, 0\n  br i1 %.not, label %9, label %7\n"
    },
    {
        "unoptimized": "%11 = load i32, ptr @force_y, align 4\n  br label %15\n",
        "optimized": "%8 = load i32, ptr @force_y, align 4\n  br label %12\n"
    },
    {
        "unoptimized": "%13 = call i32 @rdfs8(i32 noundef 1156)\n  %14 = add nsw i32 %13, 1\n  br label %15\n",
        "optimized": "%10 = call i32 @rdfs8(i32 noundef 1156) #2\n  %11 = add nsw i32 %10, 1\n  br label %12\n"
    },
    {
        "unoptimized": "%16 = phi i32 [ %11, %10 ], [ %14, %12 ]\n  store i32 %16, ptr %2, align 4\n  %17 = load i32, ptr %1, align 4\n  %18 = load i32, ptr %2, align 4\n  %19 = mul i32 %18, %17\n  store i32 %19, ptr %2, align 4\n  %20 = load i32, ptr %2, align 4\n  %21 = add i32 %20, -1\n  store i32 %21, ptr %2, align 4\n  %22 = call i32 (...) @vga_crtc()\n  store i32 %22, ptr %3, align 4\n  %23 = load i32, ptr %3, align 4\n  %24 = call i32 @in_idx(i32 noundef %23, i32 noundef 17)\n  store i32 %24, ptr %4, align 4\n  %25 = load i32, ptr %4, align 4\n  %26 = and i32 %25, -129\n  store i32 %26, ptr %4, align 4\n  %27 = load i32, ptr %4, align 4\n  %28 = load i32, ptr %3, align 4\n  %29 = call i32 @out_idx(i32 noundef %27, i32 noundef %28, i32 noundef 17)\n  %30 = load i32, ptr %2, align 4\n  %31 = load i32, ptr %3, align 4\n  %32 = call i32 @out_idx(i32 noundef %30, i32 noundef %31, i32 noundef 18)\n  %33 = load i32, ptr %3, align 4\n  %34 = call i32 @in_idx(i32 noundef %33, i32 noundef 7)\n  store i32 %34, ptr %5, align 4\n  %35 = load i32, ptr %5, align 4\n  %36 = and i32 %35, 189\n  store i32 %36, ptr %5, align 4\n  %37 = load i32, ptr %2, align 4\n  %38 = lshr i32 %37, 7\n  %39 = and i32 %38, 2\n  %40 = load i32, ptr %5, align 4\n  %41 = or i32 %40, %39\n  store i32 %41, ptr %5, align 4\n  %42 = load i32, ptr %2, align 4\n  %43 = lshr i32 %42, 3\n  %44 = and i32 %43, 64\n  %45 = load i32, ptr %5, align 4\n  %46 = or i32 %45, %44\n  store i32 %46, ptr %5, align 4\n  %47 = load i32, ptr %5, align 4\n  %48 = load i32, ptr %3, align 4\n  %49 = call i32 @out_idx(i32 noundef %47, i32 noundef %48, i32 noundef 7)\n  ret void\n}",
        "optimized": "%13 = phi i32 [ %8, %7 ], [ %11, %9 ]\n  store i32 %13, ptr %2, align 4\n  %14 = load i32, ptr %1, align 4\n  %15 = mul i32 %13, %14\n  %16 = add i32 %15, -1\n  store i32 %16, ptr %2, align 4\n  %17 = call i32 (...) @vga_crtc() #2\n  store i32 %17, ptr %3, align 4\n  %18 = call i32 @in_idx(i32 noundef %17, i32 noundef 17) #2\n  %19 = and i32 %18, -129\n  %20 = call i32 @out_idx(i32 noundef %19, i32 noundef %17, i32 noundef 17) #2\n  %21 = call i32 @out_idx(i32 noundef %16, i32 noundef %17, i32 noundef 18) #2\n  %22 = call i32 @in_idx(i32 noundef %17, i32 noundef 7) #2\n  %23 = and i32 %22, 189\n  %24 = load i32, ptr %2, align 4\n  %25 = lshr i32 %24, 7\n  %26 = and i32 %25, 2\n  %27 = or i32 %23, %26\n  %28 = lshr i32 %24, 3\n  %29 = and i32 %28, 64\n  %30 = or i32 %27, %29\n  %31 = load i32, ptr %3, align 4\n  %32 = call i32 @out_idx(i32 noundef %30, i32 noundef %31, i32 noundef 7) #2\n  ret void\n}"
    }
]