[
    {
        "unoptimized": "%2 = alloca i32, align 4\n  %3 = alloca ptr, align 8\n  store ptr %0, ptr %3, align 8\n  %4 = load ptr, ptr %3, align 8\n  %5 = getelementptr inbounds %struct.insn, ptr %4, i32 0, i32 0\n  %6 = getelementptr inbounds %struct.TYPE_2__, ptr %5, i32 0, i32 0\n  %7 = load i32, ptr %6, align 8\n  %8 = icmp eq i32 %7, 2\n  br i1 %8, label %9, label %17\n",
        "optimized": "%2 = alloca ptr, align 8\n  store ptr %0, ptr %2, align 8\n  %3 = load i32, ptr %0, align 8\n  %4 = icmp eq i32 %3, 2\n  br i1 %4, label %5, label %12\n"
    },
    {
        "unoptimized": "%10 = load ptr, ptr %3, align 8\n  %11 = getelementptr inbounds %struct.insn, ptr %10, i32 0, i32 0\n  %12 = getelementptr inbounds %struct.TYPE_2__, ptr %11, i32 0, i32 1\n  %13 = load ptr, ptr %12, align 8\n  %14 = getelementptr inbounds i32, ptr %13, i64 1\n  %15 = load i32, ptr %14, align 4\n  %16 = call i32 @X86_VEX_P(i32 noundef %15)\n  store i32 %16, ptr %2, align 4\n  br label %25\n",
        "optimized": "%6 = load ptr, ptr %2, align 8\n  %7 = getelementptr inbounds %struct.TYPE_2__, ptr %6, i64 0, i32 1\n  %8 = load ptr, ptr %7, align 8\n  %9 = getelementptr inbounds i32, ptr %8, i64 1\n  %10 = load i32, ptr %9, align 4\n  %11 = call i32 @X86_VEX_P(i32 noundef %10) #2\n  br label %19\n"
    },
    {
        "unoptimized": "%18 = load ptr, ptr %3, align 8\n  %19 = getelementptr inbounds %struct.insn, ptr %18, i32 0, i32 0\n  %20 = getelementptr inbounds %struct.TYPE_2__, ptr %19, i32 0, i32 1\n  %21 = load ptr, ptr %20, align 8\n  %22 = getelementptr inbounds i32, ptr %21, i64 2\n  %23 = load i32, ptr %22, align 4\n  %24 = call i32 @X86_VEX_P(i32 noundef %23)\n  store i32 %24, ptr %2, align 4\n  br label %25\n",
        "optimized": "%13 = load ptr, ptr %2, align 8\n  %14 = getelementptr inbounds %struct.TYPE_2__, ptr %13, i64 0, i32 1\n  %15 = load ptr, ptr %14, align 8\n  %16 = getelementptr inbounds i32, ptr %15, i64 2\n  %17 = load i32, ptr %16, align 4\n  %18 = call i32 @X86_VEX_P(i32 noundef %17) #2\n  br label %19\n"
    },
    {
        "unoptimized": "%26 = load i32, ptr %2, align 4\n  ret i32 %26\n}",
        "optimized": "%storemerge = phi i32 [ %18, %12 ], [ %11, %5 ]\n  ret i32 %storemerge\n}"
    }
]