[
    {
        "unoptimized": "%2 = alloca i32, align 4\n  %3 = alloca i32, align 4\n  store i32 %0, ptr %3, align 4\n  %4 = load i32, ptr %3, align 4\n  %5 = load i32, ptr @INAT_PFX_MASK, align 4\n  %6 = and i32 %4, %5\n  %7 = load i32, ptr @INAT_LSTPFX_MAX, align 4\n  %8 = icmp sgt i32 %6, %7\n  br i1 %8, label %9, label %10\n",
        "optimized": "%2 = alloca i32, align 4\n  store i32 %0, ptr %2, align 4\n  %3 = load i32, ptr @INAT_PFX_MASK, align 4\n  %4 = and i32 %3, %0\n  %5 = load i32, ptr @INAT_LSTPFX_MAX, align 4\n  %6 = icmp sgt i32 %4, %5\n  br i1 %6, label %7, label %8\n"
    },
    {
        "unoptimized": "store i32 0, ptr %2, align 4\n  br label %14\n",
        "optimized": "br label %12\n"
    },
    {
        "unoptimized": "%11 = load i32, ptr %3, align 4\n  %12 = load i32, ptr @INAT_PFX_MASK, align 4\n  %13 = and i32 %11, %12\n  store i32 %13, ptr %2, align 4\n  br label %14\n",
        "optimized": "%9 = load i32, ptr %2, align 4\n  %10 = load i32, ptr @INAT_PFX_MASK, align 4\n  %11 = and i32 %9, %10\n  br label %12\n"
    },
    {
        "unoptimized": "%15 = load i32, ptr %2, align 4\n  ret i32 %15\n}",
        "optimized": "%storemerge = phi i32 [ %11, %8 ], [ 0, %7 ]\n  ret i32 %storemerge\n}"
    }
]