[
    {
        "unoptimized": "%3 = alloca ptr, align 8\n  %4 = alloca i32, align 4\n  %5 = alloca ptr, align 8\n  store ptr %0, ptr %3, align 8\n  store i32 %1, ptr %4, align 4\n  %6 = load i64, ptr @sclp_early_sccb, align 8\n  %7 = inttoptr i64 %6 to ptr\n  store ptr %7, ptr %5, align 8\n  %8 = load i32, ptr %4, align 4\n  %9 = zext i32 %8 to i64\n  %10 = add i64 16, %9\n  %11 = load i32, ptr @EARLY_SCCB_SIZE, align 4\n  %12 = sext i32 %11 to i64\n  %13 = icmp uge i64 %10, %12\n  br i1 %13, label %14, label %19\n",
        "optimized": "%3 = alloca ptr, align 8\n  %4 = alloca i32, align 4\n  %5 = alloca ptr, align 8\n  store ptr %0, ptr %3, align 8\n  store i32 %1, ptr %4, align 4\n  %6 = load i64, ptr @sclp_early_sccb, align 8\n  %7 = inttoptr i64 %6 to ptr\n  store ptr %7, ptr %5, align 8\n  %8 = zext i32 %1 to i64\n  %9 = add nuw nsw i64 %8, 16\n  %10 = load i32, ptr @EARLY_SCCB_SIZE, align 4\n  %11 = sext i32 %10 to i64\n  %.not = icmp ult i64 %9, %11\n  br i1 %.not, label %15, label %12\n"
    },
    {
        "unoptimized": "%15 = load i32, ptr @EARLY_SCCB_SIZE, align 4\n  %16 = sext i32 %15 to i64\n  %17 = sub i64 %16, 16\n  %18 = trunc i64 %17 to i32\n  store i32 %18, ptr %4, align 4\n  br label %19\n",
        "optimized": "%13 = load i32, ptr @EARLY_SCCB_SIZE, align 4\n  %14 = add i32 %13, -16\n  store i32 %14, ptr %4, align 4\n  br label %15\n"
    },
    {
        "unoptimized": "%20 = load ptr, ptr %5, align 8\n  %21 = call i32 @memset(ptr noundef %20, i32 noundef 0, i32 noundef 16)\n  %22 = load ptr, ptr %5, align 8\n  %23 = getelementptr inbounds %struct.vt220_sccb, ptr %22, i32 0, i32 0\n  %24 = getelementptr inbounds %struct.TYPE_6__, ptr %23, i32 0, i32 1\n  %25 = load ptr, ptr %3, align 8\n  %26 = load i32, ptr %4, align 4\n  %27 = call i32 @memcpy(ptr noundef %24, ptr noundef %25, i32 noundef %26)\n  %28 = load i32, ptr %4, align 4\n  %29 = zext i32 %28 to i64\n  %30 = add i64 16, %29\n  %31 = trunc i64 %30 to i32\n  %32 = load ptr, ptr %5, align 8\n  %33 = getelementptr inbounds %struct.vt220_sccb, ptr %32, i32 0, i32 1\n  %34 = getelementptr inbounds %struct.TYPE_4__, ptr %33, i32 0, i32 0\n  store i32 %31, ptr %34, align 4\n  %35 = load i32, ptr %4, align 4\n  %36 = zext i32 %35 to i64\n  %37 = add i64 12, %36\n  %38 = trunc i64 %37 to i32\n  %39 = load ptr, ptr %5, align 8\n  %40 = getelementptr inbounds %struct.vt220_sccb, ptr %39, i32 0, i32 0\n  %41 = getelementptr inbounds %struct.TYPE_6__, ptr %40, i32 0, i32 0\n  %42 = getelementptr inbounds %struct.TYPE_5__, ptr %41, i32 0, i32 0\n  store i32 %38, ptr %42, align 4\n  %43 = load i32, ptr @EVTYP_VT220MSG, align 4\n  %44 = load ptr, ptr %5, align 8\n  %45 = getelementptr inbounds %struct.vt220_sccb, ptr %44, i32 0, i32 0\n  %46 = getelementptr inbounds %struct.TYPE_6__, ptr %45, i32 0, i32 0\n  %47 = getelementptr inbounds %struct.TYPE_5__, ptr %46, i32 0, i32 1\n  store i32 %43, ptr %47, align 4\n  %48 = load i32, ptr @SCLP_CMDW_WRITE_EVENT_DATA, align 4\n  %49 = load ptr, ptr %5, align 8\n  %50 = call i32 @sclp_early_cmd(i32 noundef %48, ptr noundef %49)\n  ret void\n}",
        "optimized": "%16 = load ptr, ptr %5, align 8\n  %17 = call i32 @memset(ptr noundef %16, i32 noundef 0, i32 noundef 16) #2\n  %18 = getelementptr inbounds %struct.TYPE_6__, ptr %16, i64 0, i32 1\n  %19 = load ptr, ptr %3, align 8\n  %20 = load i32, ptr %4, align 4\n  %21 = call i32 @memcpy(ptr noundef nonnull %18, ptr noundef %19, i32 noundef %20) #2\n  %22 = add i32 %20, 16\n  %23 = load ptr, ptr %5, align 8\n  %24 = getelementptr inbounds %struct.vt220_sccb, ptr %23, i64 0, i32 1\n  store i32 %22, ptr %24, align 4\n  %25 = add i32 %20, 12\n  store i32 %25, ptr %23, align 4\n  %26 = load i32, ptr @EVTYP_VT220MSG, align 4\n  %27 = getelementptr inbounds %struct.TYPE_5__, ptr %23, i64 0, i32 1\n  store i32 %26, ptr %27, align 4\n  %28 = load i32, ptr @SCLP_CMDW_WRITE_EVENT_DATA, align 4\n  %29 = load ptr, ptr %5, align 8\n  %30 = call i32 @sclp_early_cmd(i32 noundef %28, ptr noundef %29) #2\n  ret void\n}"
    }
]