[
    {
        "unoptimized": "%3 = alloca i64, align 8\n  %4 = alloca ptr, align 8\n  %5 = alloca ptr, align 8\n  %6 = alloca ptr, align 8\n  store ptr %0, ptr %4, align 8\n  store ptr %1, ptr %5, align 8\n  %7 = load ptr, ptr %4, align 8\n  %8 = getelementptr inbounds %struct.TYPE_3__, ptr %7, i32 0, i32 0\n  %9 = load i32, ptr %8, align 4\n  %10 = icmp eq i32 %9, 0\n  br i1 %10, label %11, label %12\n",
        "optimized": "%3 = alloca ptr, align 8\n  %4 = alloca ptr, align 8\n  store ptr %0, ptr %3, align 8\n  store ptr %1, ptr %4, align 8\n  %5 = load i32, ptr %0, align 4\n  %6 = icmp eq i32 %5, 0\n  br i1 %6, label %7, label %8\n"
    },
    {
        "unoptimized": "store i64 0, ptr %3, align 8\n  br label %28\n",
        "optimized": "br label %17\n"
    },
    {
        "unoptimized": "%13 = load ptr, ptr %5, align 8\n  store ptr %13, ptr %6, align 8\n  %14 = load ptr, ptr %6, align 8\n  store i64 0, ptr %14, align 8\n  %15 = load ptr, ptr %6, align 8\n  %16 = load ptr, ptr %4, align 8\n  %17 = getelementptr inbounds %struct.TYPE_3__, ptr %16, i32 0, i32 0\n  %18 = load i32, ptr %17, align 4\n  %19 = call ptr @h2o_hpack_encode_int(ptr noundef %15, i32 noundef %18, i32 noundef 6)\n  store ptr %19, ptr %6, align 8\n  %20 = load ptr, ptr %4, align 8\n  %21 = getelementptr inbounds %struct.TYPE_3__, ptr %20, i32 0, i32 0\n  store i32 0, ptr %21, align 4\n  %22 = load ptr, ptr %6, align 8\n  %23 = load ptr, ptr %5, align 8\n  %24 = ptrtoint ptr %22 to i64\n  %25 = ptrtoint ptr %23 to i64\n  %26 = sub i64 %24, %25\n  %27 = sdiv exact i64 %26, 8\n  store i64 %27, ptr %3, align 8\n  br label %28\n",
        "optimized": "%9 = load ptr, ptr %4, align 8\n  store i64 0, ptr %9, align 8\n  %10 = load ptr, ptr %3, align 8\n  %11 = load i32, ptr %10, align 4\n  %12 = call ptr @h2o_hpack_encode_int(ptr noundef nonnull %9, i32 noundef %11, i32 noundef 6) #2\n  store i32 0, ptr %10, align 4\n  %13 = ptrtoint ptr %12 to i64\n  %14 = ptrtoint ptr %9 to i64\n  %15 = sub i64 %13, %14\n  %16 = ashr exact i64 %15, 3\n  br label %17\n"
    },
    {
        "unoptimized": "%29 = load i64, ptr %3, align 8\n  ret i64 %29\n}",
        "optimized": "%storemerge = phi i64 [ %16, %8 ], [ 0, %7 ]\n  ret i64 %storemerge\n}"
    }
]