[
    {
        "unoptimized": "%2 = alloca ptr, align 8\n  %3 = alloca i64, align 8\n  store ptr %0, ptr %2, align 8\n  store i64 0, ptr %3, align 8\n  br label %4\n",
        "optimized": "%2 = alloca ptr, align 8\n  %3 = alloca i64, align 8\n  store ptr %0, ptr %2, align 8\n  br label %4\n"
    },
    {
        "unoptimized": "%5 = load i64, ptr %3, align 8\n  %6 = load i32, ptr @IDA_BITMAP_BITS, align 4\n  %7 = mul nsw i32 %6, 2\n  %8 = sext i32 %7 to i64\n  %9 = icmp ult i64 %5, %8\n  br i1 %9, label %10, label %56\n",
        "optimized": "%storemerge = phi i64 [ 0, %1 ], [ %45, %41 ]\n  store i64 %storemerge, ptr %3, align 8\n  %5 = load i32, ptr @IDA_BITMAP_BITS, align 4\n  %6 = shl nsw i32 %5, 1\n  %7 = sext i32 %6 to i64\n  %8 = icmp ult i64 %storemerge, %7\n  br i1 %8, label %9, label %46\n"
    },
    {
        "unoptimized": "%11 = load ptr, ptr %2, align 8\n  %12 = load ptr, ptr %2, align 8\n  %13 = load i64, ptr %3, align 8\n  %14 = add i64 %13, 1\n  %15 = load i32, ptr @GFP_KERNEL, align 4\n  %16 = call i64 @ida_alloc_min(ptr noundef %12, i64 noundef %14, i32 noundef %15)\n  %17 = load i64, ptr %3, align 8\n  %18 = add i64 %17, 1\n  %19 = icmp ne i64 %16, %18\n  %20 = zext i1 %19 to i32\n  %21 = call i32 @IDA_BUG_ON(ptr noundef %11, i32 noundef %20)\n  %22 = load ptr, ptr %2, align 8\n  %23 = load ptr, ptr %2, align 8\n  %24 = load i64, ptr %3, align 8\n  %25 = load i64, ptr @BITS_PER_LONG, align 8\n  %26 = add i64 %24, %25\n  %27 = load i32, ptr @GFP_KERNEL, align 4\n  %28 = call i64 @ida_alloc_min(ptr noundef %23, i64 noundef %26, i32 noundef %27)\n  %29 = load i64, ptr %3, align 8\n  %30 = load i64, ptr @BITS_PER_LONG, align 8\n  %31 = add i64 %29, %30\n  %32 = icmp ne i64 %28, %31\n  %33 = zext i1 %32 to i32\n  %34 = call i32 @IDA_BUG_ON(ptr noundef %22, i32 noundef %33)\n  %35 = load ptr, ptr %2, align 8\n  %36 = load i64, ptr %3, align 8\n  %37 = add i64 %36, 1\n  %38 = call i32 @ida_free(ptr noundef %35, i64 noundef %37)\n  %39 = load ptr, ptr %2, align 8\n  %40 = load i64, ptr %3, align 8\n  %41 = load i64, ptr @BITS_PER_LONG, align 8\n  %42 = add i64 %40, %41\n  %43 = call i32 @ida_free(ptr noundef %39, i64 noundef %42)\n  %44 = load ptr, ptr %2, align 8\n  %45 = load ptr, ptr %2, align 8\n  %46 = call i32 @ida_is_empty(ptr noundef %45)\n  %47 = icmp ne i32 %46, 0\n  %48 = xor i1 %47, true\n  %49 = zext i1 %48 to i32\n  %50 = call i32 @IDA_BUG_ON(ptr noundef %44, i32 noundef %49)\n  br label %51\n",
        "optimized": "%10 = load ptr, ptr %2, align 8\n  %11 = load i64, ptr %3, align 8\n  %12 = add i64 %11, 1\n  %13 = load i32, ptr @GFP_KERNEL, align 4\n  %14 = call i64 @ida_alloc_min(ptr noundef %10, i64 noundef %12, i32 noundef %13) #2\n  %15 = add i64 %11, 1\n  %16 = icmp ne i64 %14, %15\n  %17 = zext i1 %16 to i32\n  %18 = call i32 @IDA_BUG_ON(ptr noundef %10, i32 noundef %17) #2\n  %19 = load ptr, ptr %2, align 8\n  %20 = load i64, ptr %3, align 8\n  %21 = load i64, ptr @BITS_PER_LONG, align 8\n  %22 = add i64 %20, %21\n  %23 = load i32, ptr @GFP_KERNEL, align 4\n  %24 = call i64 @ida_alloc_min(ptr noundef %19, i64 noundef %22, i32 noundef %23) #2\n  %25 = load i64, ptr @BITS_PER_LONG, align 8\n  %26 = add i64 %20, %25\n  %27 = icmp ne i64 %24, %26\n  %28 = zext i1 %27 to i32\n  %29 = call i32 @IDA_BUG_ON(ptr noundef %19, i32 noundef %28) #2\n  %30 = load ptr, ptr %2, align 8\n  %31 = load i64, ptr %3, align 8\n  %32 = add i64 %31, 1\n  %33 = call i32 @ida_free(ptr noundef %30, i64 noundef %32) #2\n  %34 = load i64, ptr @BITS_PER_LONG, align 8\n  %35 = add i64 %31, %34\n  %36 = call i32 @ida_free(ptr noundef %30, i64 noundef %35) #2\n  %37 = load ptr, ptr %2, align 8\n  %38 = call i32 @ida_is_empty(ptr noundef %37) #2\n  %.not8 = icmp eq i32 %38, 0\n  %39 = zext i1 %.not8 to i32\n  %40 = call i32 @IDA_BUG_ON(ptr noundef %37, i32 noundef %39) #2\n  br label %41\n"
    },
    {
        "unoptimized": "%52 = load i32, ptr @IDA_BITMAP_BITS, align 4\n  %53 = sext i32 %52 to i64\n  %54 = load i64, ptr %3, align 8\n  %55 = add i64 %54, %53\n  store i64 %55, ptr %3, align 8\n  br label %4, !llvm.loop !6\n",
        "optimized": "%42 = load i32, ptr @IDA_BITMAP_BITS, align 4\n  %43 = sext i32 %42 to i64\n  %44 = load i64, ptr %3, align 8\n  %45 = add i64 %44, %43\n  br label %4, !llvm.loop !6\n"
    },
    {
        "unoptimized": "store i64 0, ptr %3, align 8\n  br label %57\n",
        "optimized": "br label %47\n"
    },
    {
        "unoptimized": "%58 = load i64, ptr %3, align 8\n  %59 = load i32, ptr @IDA_BITMAP_BITS, align 4\n  %60 = mul nsw i32 %59, 2\n  %61 = sext i32 %60 to i64\n  %62 = icmp ult i64 %58, %61\n  br i1 %62, label %63, label %75\n",
        "optimized": "%storemerge1 = phi i64 [ 0, %46 ], [ %62, %60 ]\n  store i64 %storemerge1, ptr %3, align 8\n  %48 = load i32, ptr @IDA_BITMAP_BITS, align 4\n  %49 = shl nsw i32 %48, 1\n  %50 = sext i32 %49 to i64\n  %51 = icmp ult i64 %storemerge1, %50\n  br i1 %51, label %52, label %63\n"
    },
    {
        "unoptimized": "%64 = load ptr, ptr %2, align 8\n  %65 = load ptr, ptr %2, align 8\n  %66 = load i32, ptr @GFP_KERNEL, align 4\n  %67 = call i64 @ida_alloc(ptr noundef %65, i32 noundef %66)\n  %68 = load i64, ptr %3, align 8\n  %69 = icmp ne i64 %67, %68\n  %70 = zext i1 %69 to i32\n  %71 = call i32 @IDA_BUG_ON(ptr noundef %64, i32 noundef %70)\n  br label %72\n",
        "optimized": "%53 = load ptr, ptr %2, align 8\n  %54 = load i32, ptr @GFP_KERNEL, align 4\n  %55 = call i64 @ida_alloc(ptr noundef %53, i32 noundef %54) #2\n  %56 = load i64, ptr %3, align 8\n  %57 = icmp ne i64 %55, %56\n  %58 = zext i1 %57 to i32\n  %59 = call i32 @IDA_BUG_ON(ptr noundef %53, i32 noundef %58) #2\n  br label %60\n"
    },
    {
        "unoptimized": "%73 = load i64, ptr %3, align 8\n  %74 = add i64 %73, 1\n  store i64 %74, ptr %3, align 8\n  br label %57, !llvm.loop !8\n",
        "optimized": "%61 = load i64, ptr %3, align 8\n  %62 = add i64 %61, 1\n  br label %47, !llvm.loop !8\n"
    },
    {
        "unoptimized": "%76 = load i32, ptr @IDA_BITMAP_BITS, align 4\n  %77 = mul nsw i32 %76, 2\n  %78 = sext i32 %77 to i64\n  store i64 %78, ptr %3, align 8\n  br label %79\n",
        "optimized": "%64 = load i32, ptr @IDA_BITMAP_BITS, align 4\n  %65 = shl nsw i32 %64, 1\n  %66 = sext i32 %65 to i64\n  br label %67\n"
    },
    {
        "unoptimized": "%80 = load i64, ptr %3, align 8\n  %81 = icmp ugt i64 %80, 0\n  br i1 %81, label %82, label %90\n",
        "optimized": "%storemerge2 = phi i64 [ %66, %63 ], [ %75, %73 ]\n  store i64 %storemerge2, ptr %3, align 8\n  %.not = icmp eq i64 %storemerge2, 0\n  br i1 %.not, label %76, label %68\n"
    },
    {
        "unoptimized": "%83 = load ptr, ptr %2, align 8\n  %84 = load i64, ptr %3, align 8\n  %85 = sub i64 %84, 1\n  %86 = call i32 @ida_free(ptr noundef %83, i64 noundef %85)\n  br label %87\n",
        "optimized": "%69 = load ptr, ptr %2, align 8\n  %70 = load i64, ptr %3, align 8\n  %71 = add i64 %70, -1\n  %72 = call i32 @ida_free(ptr noundef %69, i64 noundef %71) #2\n  br label %73\n"
    },
    {
        "unoptimized": "%88 = load i64, ptr %3, align 8\n  %89 = add i64 %88, -1\n  store i64 %89, ptr %3, align 8\n  br label %79, !llvm.loop !9\n",
        "optimized": "%74 = load i64, ptr %3, align 8\n  %75 = add i64 %74, -1\n  br label %67, !llvm.loop !9\n"
    },
    {
        "unoptimized": "%91 = load ptr, ptr %2, align 8\n  %92 = load ptr, ptr %2, align 8\n  %93 = call i32 @ida_is_empty(ptr noundef %92)\n  %94 = icmp ne i32 %93, 0\n  %95 = xor i1 %94, true\n  %96 = zext i1 %95 to i32\n  %97 = call i32 @IDA_BUG_ON(ptr noundef %91, i32 noundef %96)\n  store i64 0, ptr %3, align 8\n  br label %98\n",
        "optimized": "%77 = load ptr, ptr %2, align 8\n  %78 = call i32 @ida_is_empty(ptr noundef %77) #2\n  %.not3 = icmp eq i32 %78, 0\n  %79 = zext i1 %.not3 to i32\n  %80 = call i32 @IDA_BUG_ON(ptr noundef %77, i32 noundef %79) #2\n  br label %81\n"
    },
    {
        "unoptimized": "%99 = load i64, ptr %3, align 8\n  %100 = load i32, ptr @IDA_BITMAP_BITS, align 4\n  %101 = sext i32 %100 to i64\n  %102 = load i64, ptr @BITS_PER_LONG, align 8\n  %103 = add i64 %101, %102\n  %104 = sub i64 %103, 4\n  %105 = icmp ult i64 %99, %104\n  br i1 %105, label %106, label %118\n",
        "optimized": "%storemerge4 = phi i64 [ 0, %76 ], [ %98, %96 ]\n  store i64 %storemerge4, ptr %3, align 8\n  %82 = load i32, ptr @IDA_BITMAP_BITS, align 4\n  %83 = sext i32 %82 to i64\n  %84 = load i64, ptr @BITS_PER_LONG, align 8\n  %85 = add i64 %84, %83\n  %86 = add i64 %85, -4\n  %87 = icmp ult i64 %storemerge4, %86\n  br i1 %87, label %88, label %99\n"
    },
    {
        "unoptimized": "%107 = load ptr, ptr %2, align 8\n  %108 = load ptr, ptr %2, align 8\n  %109 = load i32, ptr @GFP_KERNEL, align 4\n  %110 = call i64 @ida_alloc(ptr noundef %108, i32 noundef %109)\n  %111 = load i64, ptr %3, align 8\n  %112 = icmp ne i64 %110, %111\n  %113 = zext i1 %112 to i32\n  %114 = call i32 @IDA_BUG_ON(ptr noundef %107, i32 noundef %113)\n  br label %115\n",
        "optimized": "%89 = load ptr, ptr %2, align 8\n  %90 = load i32, ptr @GFP_KERNEL, align 4\n  %91 = call i64 @ida_alloc(ptr noundef %89, i32 noundef %90) #2\n  %92 = load i64, ptr %3, align 8\n  %93 = icmp ne i64 %91, %92\n  %94 = zext i1 %93 to i32\n  %95 = call i32 @IDA_BUG_ON(ptr noundef %89, i32 noundef %94) #2\n  br label %96\n"
    },
    {
        "unoptimized": "%116 = load i64, ptr %3, align 8\n  %117 = add i64 %116, 1\n  store i64 %117, ptr %3, align 8\n  br label %98, !llvm.loop !10\n",
        "optimized": "%97 = load i64, ptr %3, align 8\n  %98 = add i64 %97, 1\n  br label %81, !llvm.loop !10\n"
    },
    {
        "unoptimized": "%119 = load i32, ptr @IDA_BITMAP_BITS, align 4\n  %120 = sext i32 %119 to i64\n  %121 = load i64, ptr @BITS_PER_LONG, align 8\n  %122 = add i64 %120, %121\n  %123 = sub i64 %122, 4\n  store i64 %123, ptr %3, align 8\n  br label %124\n",
        "optimized": "%100 = load i32, ptr @IDA_BITMAP_BITS, align 4\n  %101 = sext i32 %100 to i64\n  %102 = load i64, ptr @BITS_PER_LONG, align 8\n  %103 = add i64 %102, %101\n  %104 = add i64 %103, -4\n  br label %105\n"
    },
    {
        "unoptimized": "%125 = load i64, ptr %3, align 8\n  %126 = icmp ugt i64 %125, 0\n  br i1 %126, label %127, label %135\n",
        "optimized": "%storemerge5 = phi i64 [ %104, %99 ], [ %113, %111 ]\n  store i64 %storemerge5, ptr %3, align 8\n  %.not6 = icmp eq i64 %storemerge5, 0\n  br i1 %.not6, label %114, label %106\n"
    },
    {
        "unoptimized": "%128 = load ptr, ptr %2, align 8\n  %129 = load i64, ptr %3, align 8\n  %130 = sub i64 %129, 1\n  %131 = call i32 @ida_free(ptr noundef %128, i64 noundef %130)\n  br label %132\n",
        "optimized": "%107 = load ptr, ptr %2, align 8\n  %108 = load i64, ptr %3, align 8\n  %109 = add i64 %108, -1\n  %110 = call i32 @ida_free(ptr noundef %107, i64 noundef %109) #2\n  br label %111\n"
    },
    {
        "unoptimized": "%133 = load i64, ptr %3, align 8\n  %134 = add i64 %133, -1\n  store i64 %134, ptr %3, align 8\n  br label %124, !llvm.loop !11\n",
        "optimized": "%112 = load i64, ptr %3, align 8\n  %113 = add i64 %112, -1\n  br label %105, !llvm.loop !11\n"
    },
    {
        "unoptimized": "%136 = load ptr, ptr %2, align 8\n  %137 = load ptr, ptr %2, align 8\n  %138 = call i32 @ida_is_empty(ptr noundef %137)\n  %139 = icmp ne i32 %138, 0\n  %140 = xor i1 %139, true\n  %141 = zext i1 %140 to i32\n  %142 = call i32 @IDA_BUG_ON(ptr noundef %136, i32 noundef %141)\n  ret void\n}",
        "optimized": "%115 = load ptr, ptr %2, align 8\n  %116 = call i32 @ida_is_empty(ptr noundef %115) #2\n  %.not7 = icmp eq i32 %116, 0\n  %117 = zext i1 %.not7 to i32\n  %118 = call i32 @IDA_BUG_ON(ptr noundef %115, i32 noundef %117) #2\n  ret void\n}"
    }
]