[
    {
        "unoptimized": "%3 = alloca i32, align 4\n  %4 = alloca ptr, align 8\n  %5 = alloca ptr, align 8\n  %6 = alloca ptr, align 8\n  %7 = alloca ptr, align 8\n  store ptr %0, ptr %4, align 8\n  store ptr %1, ptr %5, align 8\n  %8 = load ptr, ptr %4, align 8\n  %9 = load ptr, ptr %8, align 8\n  store ptr %9, ptr %6, align 8\n  %10 = load ptr, ptr %5, align 8\n  %11 = load ptr, ptr %10, align 8\n  store ptr %11, ptr %7, align 8\n  %12 = load ptr, ptr %6, align 8\n  %13 = getelementptr inbounds %struct.st_session_ticket_t, ptr %12, i32 0, i32 0\n  %14 = load i64, ptr %13, align 8\n  %15 = load ptr, ptr %7, align 8\n  %16 = getelementptr inbounds %struct.st_session_ticket_t, ptr %15, i32 0, i32 0\n  %17 = load i64, ptr %16, align 8\n  %18 = icmp ne i64 %14, %17\n  br i1 %18, label %19, label %29\n",
        "optimized": "%3 = alloca ptr, align 8\n  %4 = alloca ptr, align 8\n  %5 = load ptr, ptr %0, align 8\n  store ptr %5, ptr %3, align 8\n  %6 = load ptr, ptr %1, align 8\n  store ptr %6, ptr %4, align 8\n  %7 = load i64, ptr %5, align 8\n  %8 = load i64, ptr %6, align 8\n  %.not = icmp eq i64 %7, %8\n  br i1 %.not, label %16, label %9\n"
    },
    {
        "unoptimized": "%20 = load ptr, ptr %6, align 8\n  %21 = getelementptr inbounds %struct.st_session_ticket_t, ptr %20, i32 0, i32 0\n  %22 = load i64, ptr %21, align 8\n  %23 = load ptr, ptr %7, align 8\n  %24 = getelementptr inbounds %struct.st_session_ticket_t, ptr %23, i32 0, i32 0\n  %25 = load i64, ptr %24, align 8\n  %26 = icmp sgt i64 %22, %25\n  %27 = zext i1 %26 to i64\n  %28 = select i1 %26, i32 -1, i32 1\n  store i32 %28, ptr %3, align 4\n  br label %37\n",
        "optimized": "%10 = load ptr, ptr %3, align 8\n  %11 = load i64, ptr %10, align 8\n  %12 = load ptr, ptr %4, align 8\n  %13 = load i64, ptr %12, align 8\n  %14 = icmp sgt i64 %11, %13\n  %15 = select i1 %14, i32 -1, i32 1\n  br label %24\n"
    },
    {
        "unoptimized": "%30 = load ptr, ptr %6, align 8\n  %31 = getelementptr inbounds %struct.st_session_ticket_t, ptr %30, i32 0, i32 1\n  %32 = load i32, ptr %31, align 8\n  %33 = load ptr, ptr %7, align 8\n  %34 = getelementptr inbounds %struct.st_session_ticket_t, ptr %33, i32 0, i32 1\n  %35 = load i32, ptr %34, align 8\n  %36 = call i32 @memcmp(i32 noundef %32, i32 noundef %35, i32 noundef 4)\n  store i32 %36, ptr %3, align 4\n  br label %37\n",
        "optimized": "%17 = load ptr, ptr %3, align 8\n  %18 = getelementptr inbounds %struct.st_session_ticket_t, ptr %17, i64 0, i32 1\n  %19 = load i32, ptr %18, align 8\n  %20 = load ptr, ptr %4, align 8\n  %21 = getelementptr inbounds %struct.st_session_ticket_t, ptr %20, i64 0, i32 1\n  %22 = load i32, ptr %21, align 8\n  %23 = call i32 @memcmp(i32 noundef %19, i32 noundef %22, i32 noundef 4) #2\n  br label %24\n"
    },
    {
        "unoptimized": "%38 = load i32, ptr %3, align 4\n  ret i32 %38\n}",
        "optimized": "%storemerge = phi i32 [ %23, %16 ], [ %15, %9 ]\n  ret i32 %storemerge\n}"
    }
]