[
    {
        "unoptimized": "%4 = alloca i32, align 4\n  %5 = alloca i32, align 4\n  %6 = alloca i32, align 4\n  %7 = alloca i32, align 4\n  %8 = alloca ptr, align 8\n  %9 = alloca i32, align 4\n  store i32 %0, ptr %5, align 4\n  store i32 %1, ptr %6, align 4\n  store i32 %2, ptr %7, align 4\n  %10 = load i32, ptr %7, align 4\n  %11 = call i32 @inat_group_id(i32 noundef %10)\n  store i32 %11, ptr %9, align 4\n  %12 = load ptr, ptr @inat_group_tables, align 8\n  %13 = load i32, ptr %9, align 4\n  %14 = sext i32 %13 to i64\n  %15 = getelementptr inbounds ptr, ptr %12, i64 %14\n  %16 = load ptr, ptr %15, align 8\n  %17 = getelementptr inbounds ptr, ptr %16, i64 0\n  %18 = load ptr, ptr %17, align 8\n  store ptr %18, ptr %8, align 8\n  %19 = load ptr, ptr %8, align 8\n  %20 = icmp ne ptr %19, null\n  br i1 %20, label %24, label %21\n",
        "optimized": "%4 = alloca i32, align 4\n  %5 = alloca i32, align 4\n  %6 = alloca i32, align 4\n  %7 = alloca i32, align 4\n  %8 = alloca ptr, align 8\n  %9 = alloca i32, align 4\n  store i32 %0, ptr %5, align 4\n  store i32 %1, ptr %6, align 4\n  store i32 %2, ptr %7, align 4\n  %10 = call i32 @inat_group_id(i32 noundef %2) #2\n  store i32 %10, ptr %9, align 4\n  %11 = load ptr, ptr @inat_group_tables, align 8\n  %12 = sext i32 %10 to i64\n  %13 = getelementptr inbounds ptr, ptr %11, i64 %12\n  %14 = load ptr, ptr %13, align 8\n  %15 = load ptr, ptr %14, align 8\n  store ptr %15, ptr %8, align 8\n  %.not = icmp eq ptr %15, null\n  br i1 %.not, label %16, label %19\n"
    },
    {
        "unoptimized": "%22 = load i32, ptr %7, align 4\n  %23 = call i32 @inat_group_common_attribute(i32 noundef %22)\n  store i32 %23, ptr %4, align 4\n  br label %60\n",
        "optimized": "%17 = load i32, ptr %7, align 4\n  %18 = call i32 @inat_group_common_attribute(i32 noundef %17) #2\n  store i32 %18, ptr %4, align 4\n  br label %51\n"
    },
    {
        "unoptimized": "%25 = load ptr, ptr %8, align 8\n  %26 = load i32, ptr %5, align 4\n  %27 = call i64 @X86_MODRM_REG(i32 noundef %26)\n  %28 = getelementptr inbounds i32, ptr %25, i64 %27\n  %29 = load i32, ptr %28, align 4\n  %30 = call i64 @inat_has_variant(i32 noundef %29)\n  %31 = icmp ne i64 %30, 0\n  br i1 %31, label %32, label %51\n",
        "optimized": "%20 = load ptr, ptr %8, align 8\n  %21 = load i32, ptr %5, align 4\n  %22 = call i64 @X86_MODRM_REG(i32 noundef %21) #2\n  %23 = getelementptr inbounds i32, ptr %20, i64 %22\n  %24 = load i32, ptr %23, align 4\n  %25 = call i64 @inat_has_variant(i32 noundef %24) #2\n  %.not1 = icmp eq i64 %25, 0\n  br i1 %.not1, label %42, label %26\n"
    },
    {
        "unoptimized": "%33 = load i32, ptr %6, align 4\n  %34 = icmp ne i32 %33, 0\n  br i1 %34, label %35, label %51\n",
        "optimized": "%27 = load i32, ptr %6, align 4\n  %.not2 = icmp eq i32 %27, 0\n  br i1 %.not2, label %42, label %28\n"
    },
    {
        "unoptimized": "%36 = load ptr, ptr @inat_group_tables, align 8\n  %37 = load i32, ptr %9, align 4\n  %38 = sext i32 %37 to i64\n  %39 = getelementptr inbounds ptr, ptr %36, i64 %38\n  %40 = load ptr, ptr %39, align 8\n  %41 = load i32, ptr %6, align 4\n  %42 = sext i32 %41 to i64\n  %43 = getelementptr inbounds ptr, ptr %40, i64 %42\n  %44 = load ptr, ptr %43, align 8\n  store ptr %44, ptr %8, align 8\n  %45 = load ptr, ptr %8, align 8\n  %46 = icmp ne ptr %45, null\n  br i1 %46, label %50, label %47\n",
        "optimized": "%29 = load ptr, ptr @inat_group_tables, align 8\n  %30 = load i32, ptr %9, align 4\n  %31 = sext i32 %30 to i64\n  %32 = getelementptr inbounds ptr, ptr %29, i64 %31\n  %33 = load ptr, ptr %32, align 8\n  %34 = load i32, ptr %6, align 4\n  %35 = sext i32 %34 to i64\n  %36 = getelementptr inbounds ptr, ptr %33, i64 %35\n  %37 = load ptr, ptr %36, align 8\n  store ptr %37, ptr %8, align 8\n  %.not3 = icmp eq ptr %37, null\n  br i1 %.not3, label %38, label %41\n"
    },
    {
        "unoptimized": "%48 = load i32, ptr %7, align 4\n  %49 = call i32 @inat_group_common_attribute(i32 noundef %48)\n  store i32 %49, ptr %4, align 4\n  br label %60\n",
        "optimized": "%39 = load i32, ptr %7, align 4\n  %40 = call i32 @inat_group_common_attribute(i32 noundef %39) #2\n  store i32 %40, ptr %4, align 4\n  br label %51\n"
    },
    {
        "unoptimized": "br label %51\n",
        "optimized": "br label %42\n"
    },
    {
        "unoptimized": "%52 = load ptr, ptr %8, align 8\n  %53 = load i32, ptr %5, align 4\n  %54 = call i64 @X86_MODRM_REG(i32 noundef %53)\n  %55 = getelementptr inbounds i32, ptr %52, i64 %54\n  %56 = load i32, ptr %55, align 4\n  %57 = load i32, ptr %7, align 4\n  %58 = call i32 @inat_group_common_attribute(i32 noundef %57)\n  %59 = or i32 %56, %58\n  store i32 %59, ptr %4, align 4\n  br label %60\n",
        "optimized": "%43 = load ptr, ptr %8, align 8\n  %44 = load i32, ptr %5, align 4\n  %45 = call i64 @X86_MODRM_REG(i32 noundef %44) #2\n  %46 = getelementptr inbounds i32, ptr %43, i64 %45\n  %47 = load i32, ptr %46, align 4\n  %48 = load i32, ptr %7, align 4\n  %49 = call i32 @inat_group_common_attribute(i32 noundef %48) #2\n  %50 = or i32 %47, %49\n  store i32 %50, ptr %4, align 4\n  br label %51\n"
    },
    {
        "unoptimized": "%61 = load i32, ptr %4, align 4\n  ret i32 %61\n}",
        "optimized": "%52 = load i32, ptr %4, align 4\n  ret i32 %52\n}"
    }
]