[
    {
        "unoptimized": "%3 = alloca i32, align 4\n  %4 = alloca ptr, align 8\n  %5 = alloca i64, align 8\n  %6 = alloca i32, align 4\n  store ptr %0, ptr %4, align 8\n  store i64 %1, ptr %5, align 8\n  store i32 0, ptr %6, align 4\n  br label %7\n",
        "optimized": "%3 = alloca ptr, align 8\n  %4 = alloca i64, align 8\n  %5 = alloca i32, align 4\n  store ptr %0, ptr %3, align 8\n  store i64 %1, ptr %4, align 8\n  store i32 0, ptr %5, align 4\n  br label %6\n"
    },
    {
        "unoptimized": "%8 = load i64, ptr %5, align 8\n  %9 = icmp ne i64 %8, 0\n  br i1 %9, label %10, label %34\n",
        "optimized": "%7 = load i64, ptr %4, align 8\n  %.not = icmp eq i64 %7, 0\n  br i1 %.not, label %30, label %8\n"
    },
    {
        "unoptimized": "%11 = load ptr, ptr %4, align 8\n  %12 = load i8, ptr %11, align 1\n  %13 = sext i8 %12 to i32\n  %14 = icmp sle i32 48, %13\n  br i1 %14, label %15, label %20\n",
        "optimized": "%9 = load ptr, ptr %3, align 8\n  %10 = load i8, ptr %9, align 1\n  %11 = icmp sgt i8 %10, 47\n  br i1 %11, label %12, label %16\n"
    },
    {
        "unoptimized": "%16 = load ptr, ptr %4, align 8\n  %17 = load i8, ptr %16, align 1\n  %18 = sext i8 %17 to i32\n  %19 = icmp sle i32 %18, 57\n  br i1 %19, label %21, label %20\n",
        "optimized": "%13 = load ptr, ptr %3, align 8\n  %14 = load i8, ptr %13, align 1\n  %15 = icmp slt i8 %14, 58\n  br i1 %15, label %17, label %16\n"
    },
    {
        "unoptimized": "store i32 -1, ptr %3, align 4\n  br label %36\n",
        "optimized": "br label %32\n"
    },
    {
        "unoptimized": "%22 = load i32, ptr %6, align 4\n  %23 = mul nsw i32 %22, 10\n  %24 = load ptr, ptr %4, align 8\n  %25 = load i8, ptr %24, align 1\n  %26 = sext i8 %25 to i32\n  %27 = add nsw i32 %23, %26\n  %28 = sub nsw i32 %27, 48\n  store i32 %28, ptr %6, align 4\n  br label %29\n",
        "optimized": "%18 = load i32, ptr %5, align 4\n  %19 = mul nsw i32 %18, 10\n  %20 = load ptr, ptr %3, align 8\n  %21 = load i8, ptr %20, align 1\n  %22 = sext i8 %21 to i32\n  %23 = add nsw i32 %19, %22\n  %24 = add nsw i32 %23, -48\n  store i32 %24, ptr %5, align 4\n  br label %25\n"
    },
    {
        "unoptimized": "%30 = load ptr, ptr %4, align 8\n  %31 = getelementptr inbounds i8, ptr %30, i32 1\n  store ptr %31, ptr %4, align 8\n  %32 = load i64, ptr %5, align 8\n  %33 = add i64 %32, -1\n  store i64 %33, ptr %5, align 8\n  br label %7, !llvm.loop !6\n",
        "optimized": "%26 = load ptr, ptr %3, align 8\n  %27 = getelementptr inbounds i8, ptr %26, i64 1\n  store ptr %27, ptr %3, align 8\n  %28 = load i64, ptr %4, align 8\n  %29 = add i64 %28, -1\n  store i64 %29, ptr %4, align 8\n  br label %6, !llvm.loop !6\n"
    },
    {
        "unoptimized": "%35 = load i32, ptr %6, align 4\n  store i32 %35, ptr %3, align 4\n  br label %36\n",
        "optimized": "%31 = load i32, ptr %5, align 4\n  br label %32\n"
    },
    {
        "unoptimized": "%37 = load i32, ptr %3, align 4\n  ret i32 %37\n}",
        "optimized": "%storemerge = phi i32 [ %31, %30 ], [ -1, %16 ]\n  ret i32 %storemerge\n}"
    }
]