[
    {
        "unoptimized": "%3 = alloca i32, align 4\n  %4 = alloca ptr, align 8\n  %5 = alloca ptr, align 8\n  store ptr %0, ptr %4, align 8\n  store ptr %1, ptr %5, align 8\n  %6 = load ptr, ptr %4, align 8\n  %7 = call i32 @h2o_socket_is_writing(ptr noundef %6)\n  %8 = icmp ne i32 %7, 0\n  %9 = xor i1 %8, true\n  %10 = zext i1 %9 to i32\n  %11 = call i32 @assert(i32 noundef %10)\n  %12 = load ptr, ptr %4, align 8\n  %13 = load ptr, ptr %5, align 8\n  %14 = call i32 @do_export(ptr noundef %12, ptr noundef %13)\n  %15 = icmp eq i32 %14, -1\n  br i1 %15, label %16, label %17\n",
        "optimized": "%3 = alloca ptr, align 8\n  %4 = alloca ptr, align 8\n  store ptr %0, ptr %3, align 8\n  store ptr %1, ptr %4, align 8\n  %5 = call i32 @h2o_socket_is_writing(ptr noundef %0) #2\n  %.not = icmp eq i32 %5, 0\n  %6 = zext i1 %.not to i32\n  %7 = call i32 @assert(i32 noundef %6) #2\n  %8 = call i32 @do_export(ptr noundef %0, ptr noundef %1) #2\n  %9 = icmp eq i32 %8, -1\n  br i1 %9, label %10, label %11\n"
    },
    {
        "unoptimized": "store i32 -1, ptr %3, align 4\n  br label %47\n",
        "optimized": "br label %31\n"
    },
    {
        "unoptimized": "%18 = load ptr, ptr %4, align 8\n  %19 = getelementptr inbounds %struct.TYPE_13__, ptr %18, i32 0, i32 1\n  %20 = load ptr, ptr %19, align 8\n  %21 = load ptr, ptr %5, align 8\n  %22 = getelementptr inbounds %struct.TYPE_14__, ptr %21, i32 0, i32 1\n  store ptr %20, ptr %22, align 8\n  %23 = icmp ne ptr %20, null\n  br i1 %23, label %24, label %33\n",
        "optimized": "%12 = load ptr, ptr %3, align 8\n  %13 = getelementptr inbounds %struct.TYPE_13__, ptr %12, i64 0, i32 1\n  %14 = load ptr, ptr %13, align 8\n  %15 = load ptr, ptr %4, align 8\n  %16 = getelementptr inbounds %struct.TYPE_14__, ptr %15, i64 0, i32 1\n  store ptr %14, ptr %16, align 8\n  %.not1 = icmp eq ptr %14, null\n  br i1 %.not1, label %24, label %17\n"
    },
    {
        "unoptimized": "%25 = load ptr, ptr %4, align 8\n  %26 = getelementptr inbounds %struct.TYPE_13__, ptr %25, i32 0, i32 1\n  store ptr null, ptr %26, align 8\n  %27 = load ptr, ptr %5, align 8\n  %28 = getelementptr inbounds %struct.TYPE_14__, ptr %27, i32 0, i32 1\n  %29 = load ptr, ptr %28, align 8\n  %30 = getelementptr inbounds %struct.TYPE_12__, ptr %29, i32 0, i32 0\n  %31 = getelementptr inbounds %struct.TYPE_11__, ptr %30, i32 0, i32 0\n  %32 = call i32 @h2o_buffer_set_prototype(ptr noundef %31, ptr noundef @h2o_socket_export.nonpooling_prototype)\n  br label %33\n",
        "optimized": "%18 = load ptr, ptr %3, align 8\n  %19 = getelementptr inbounds %struct.TYPE_13__, ptr %18, i64 0, i32 1\n  store ptr null, ptr %19, align 8\n  %20 = load ptr, ptr %4, align 8\n  %21 = getelementptr inbounds %struct.TYPE_14__, ptr %20, i64 0, i32 1\n  %22 = load ptr, ptr %21, align 8\n  %23 = call i32 @h2o_buffer_set_prototype(ptr noundef %22, ptr noundef nonnull @h2o_socket_export.nonpooling_prototype) #2\n  br label %24\n"
    },
    {
        "unoptimized": "%34 = load ptr, ptr %4, align 8\n  %35 = getelementptr inbounds %struct.TYPE_13__, ptr %34, i32 0, i32 0\n  %36 = load i32, ptr %35, align 8\n  %37 = load ptr, ptr %5, align 8\n  %38 = getelementptr inbounds %struct.TYPE_14__, ptr %37, i32 0, i32 0\n  store i32 %36, ptr %38, align 8\n  %39 = load ptr, ptr %5, align 8\n  %40 = getelementptr inbounds %struct.TYPE_14__, ptr %39, i32 0, i32 0\n  %41 = call i32 @h2o_buffer_set_prototype(ptr noundef %40, ptr noundef @h2o_socket_export.nonpooling_prototype)\n  %42 = load ptr, ptr %4, align 8\n  %43 = getelementptr inbounds %struct.TYPE_13__, ptr %42, i32 0, i32 0\n  %44 = call i32 @h2o_buffer_init(ptr noundef %43, ptr noundef @h2o_socket_buffer_prototype)\n  %45 = load ptr, ptr %4, align 8\n  %46 = call i32 @h2o_socket_close(ptr noundef %45)\n  store i32 0, ptr %3, align 4\n  br label %47\n",
        "optimized": "%25 = load ptr, ptr %3, align 8\n  %26 = load i32, ptr %25, align 8\n  %27 = load ptr, ptr %4, align 8\n  store i32 %26, ptr %27, align 8\n  %28 = call i32 @h2o_buffer_set_prototype(ptr noundef nonnull %27, ptr noundef nonnull @h2o_socket_export.nonpooling_prototype) #2\n  %29 = call i32 @h2o_buffer_init(ptr noundef nonnull %25, ptr noundef nonnull @h2o_socket_buffer_prototype) #2\n  %30 = call i32 @h2o_socket_close(ptr noundef nonnull %25) #2\n  br label %31\n"
    },
    {
        "unoptimized": "%48 = load i32, ptr %3, align 4\n  ret i32 %48\n}",
        "optimized": "%storemerge = phi i32 [ 0, %24 ], [ -1, %10 ]\n  ret i32 %storemerge\n}"
    }
]