[
    {
        "unoptimized": "%2 = alloca ptr, align 8\n  %3 = alloca i64, align 8\n  store ptr %0, ptr %2, align 8\n  store i64 0, ptr %3, align 8\n  br label %4\n",
        "optimized": "%2 = alloca ptr, align 8\n  %3 = alloca i64, align 8\n  store ptr %0, ptr %2, align 8\n  store i64 0, ptr %3, align 8\n  br label %4\n"
    },
    {
        "unoptimized": "%5 = load ptr, ptr %2, align 8\n  %6 = getelementptr inbounds %struct.xa_state, ptr %5, i32 0, i32 0\n  %7 = load i32, ptr %6, align 4\n  %8 = call i64 @xa_track_free(i32 noundef %7)\n  %9 = icmp ne i64 %8, 0\n  br i1 %9, label %10, label %18\n",
        "optimized": "%5 = load ptr, ptr %2, align 8\n  %6 = load i32, ptr %5, align 4\n  %7 = call i64 @xa_track_free(i32 noundef %6) #2\n  %.not = icmp eq i64 %7, 0\n  br i1 %.not, label %16, label %8\n"
    },
    {
        "unoptimized": "%11 = load i64, ptr %3, align 8\n  %12 = load i64, ptr @XA_FREE_MARK, align 8\n  %13 = icmp eq i64 %11, %12\n  br i1 %13, label %14, label %18\n",
        "optimized": "%9 = load i64, ptr %3, align 8\n  %10 = load i64, ptr @XA_FREE_MARK, align 8\n  %11 = icmp eq i64 %9, %10\n  br i1 %11, label %12, label %16\n"
    },
    {
        "unoptimized": "%15 = load ptr, ptr %2, align 8\n  %16 = load i64, ptr %3, align 8\n  %17 = call i32 @xas_set_mark(ptr noundef %15, i64 noundef %16)\n  br label %22\n",
        "optimized": "%13 = load ptr, ptr %2, align 8\n  %14 = load i64, ptr %3, align 8\n  %15 = call i32 @xas_set_mark(ptr noundef %13, i64 noundef %14) #2\n  br label %20\n"
    },
    {
        "unoptimized": "%19 = load ptr, ptr %2, align 8\n  %20 = load i64, ptr %3, align 8\n  %21 = call i32 @xas_clear_mark(ptr noundef %19, i64 noundef %20)\n  br label %22\n",
        "optimized": "%17 = load ptr, ptr %2, align 8\n  %18 = load i64, ptr %3, align 8\n  %19 = call i32 @xas_clear_mark(ptr noundef %17, i64 noundef %18) #2\n  br label %20\n"
    },
    {
        "unoptimized": "%23 = load i64, ptr %3, align 8\n  %24 = load i64, ptr @XA_MARK_MAX, align 8\n  %25 = icmp eq i64 %23, %24\n  br i1 %25, label %26, label %27\n",
        "optimized": "%21 = load i64, ptr %3, align 8\n  %22 = load i64, ptr @XA_MARK_MAX, align 8\n  %23 = icmp eq i64 %21, %22\n  br i1 %23, label %24, label %25\n"
    },
    {
        "unoptimized": "br label %30\n",
        "optimized": "br label %28\n"
    },
    {
        "unoptimized": "%28 = load i64, ptr %3, align 8\n  %29 = call i32 @mark_inc(i64 noundef %28)\n  br label %4\n",
        "optimized": "%26 = load i64, ptr %3, align 8\n  %27 = call i32 @mark_inc(i64 noundef %26) #2\n  br label %4\n"
    },
    {
        "unoptimized": "ret void\n}",
        "optimized": "ret void\n}"
    }
]