[
    {
        "unoptimized": "%3 = alloca ptr, align 8\n  %4 = alloca ptr, align 8\n  %5 = alloca ptr, align 8\n  %6 = alloca i32, align 4\n  store ptr %0, ptr %3, align 8\n  store ptr %1, ptr %4, align 8\n  store i32 0, ptr %6, align 4\n  br label %7\n",
        "optimized": "%3 = alloca ptr, align 8\n  %4 = alloca ptr, align 8\n  %5 = alloca ptr, align 8\n  %6 = alloca i32, align 4\n  store ptr %0, ptr %3, align 8\n  store ptr %1, ptr %4, align 8\n  br label %7\n"
    },
    {
        "unoptimized": "%8 = load i32, ptr %6, align 4\n  %9 = load i32, ptr @MAX_LOCKDEP_SUBCLASSES, align 4\n  %10 = icmp slt i32 %8, %9\n  br i1 %10, label %11, label %25\n",
        "optimized": "%storemerge = phi i32 [ 0, %2 ], [ %21, %19 ]\n  store i32 %storemerge, ptr %6, align 4\n  %8 = load i32, ptr @MAX_LOCKDEP_SUBCLASSES, align 4\n  %9 = icmp slt i32 %storemerge, %8\n  br i1 %9, label %10, label %22\n"
    },
    {
        "unoptimized": "%12 = load ptr, ptr %4, align 8\n  %13 = load i32, ptr %6, align 4\n  %14 = call ptr @look_up_lock_class(ptr noundef %12, i32 noundef %13)\n  store ptr %14, ptr %5, align 8\n  %15 = load ptr, ptr %5, align 8\n  %16 = icmp ne ptr %15, null\n  br i1 %16, label %17, label %21\n",
        "optimized": "%11 = load ptr, ptr %4, align 8\n  %12 = load i32, ptr %6, align 4\n  %13 = call ptr @look_up_lock_class(ptr noundef %11, i32 noundef %12) #2\n  store ptr %13, ptr %5, align 8\n  %.not1 = icmp eq ptr %13, null\n  br i1 %.not1, label %18, label %14\n"
    },
    {
        "unoptimized": "%18 = load ptr, ptr %3, align 8\n  %19 = load ptr, ptr %5, align 8\n  %20 = call i32 @zap_class(ptr noundef %18, ptr noundef %19)\n  br label %21\n",
        "optimized": "%15 = load ptr, ptr %3, align 8\n  %16 = load ptr, ptr %5, align 8\n  %17 = call i32 @zap_class(ptr noundef %15, ptr noundef %16) #2\n  br label %18\n"
    },
    {
        "unoptimized": "br label %22\n",
        "optimized": "br label %19\n"
    },
    {
        "unoptimized": "%23 = load i32, ptr %6, align 4\n  %24 = add nsw i32 %23, 1\n  store i32 %24, ptr %6, align 4\n  br label %7, !llvm.loop !6\n",
        "optimized": "%20 = load i32, ptr %6, align 4\n  %21 = add nsw i32 %20, 1\n  br label %7, !llvm.loop !6\n"
    },
    {
        "unoptimized": "%26 = load ptr, ptr %4, align 8\n  %27 = call i32 @lock_class_cache_is_registered(ptr noundef %26)\n  %28 = call i64 @WARN_ON_ONCE(i32 noundef %27)\n  %29 = icmp ne i64 %28, 0\n  br i1 %29, label %30, label %32\n",
        "optimized": "%23 = load ptr, ptr %4, align 8\n  %24 = call i32 @lock_class_cache_is_registered(ptr noundef %23) #2\n  %25 = call i64 @WARN_ON_ONCE(i32 noundef %24) #2\n  %.not = icmp eq i64 %25, 0\n  br i1 %.not, label %28, label %26\n"
    },
    {
        "unoptimized": "%31 = call i32 (...) @debug_locks_off()\n  br label %32\n",
        "optimized": "%27 = call i32 (...) @debug_locks_off() #2\n  br label %28\n"
    },
    {
        "unoptimized": "ret void\n}",
        "optimized": "ret void\n}"
    }
]