[
    {
        "unoptimized": "%3 = alloca i32, align 4\n  %4 = alloca ptr, align 8\n  %5 = alloca ptr, align 8\n  %6 = alloca ptr, align 8\n  store ptr %0, ptr %4, align 8\n  store ptr %1, ptr %5, align 8\n  %7 = load ptr, ptr %4, align 8\n  %8 = getelementptr inbounds %struct.held_lock, ptr %7, i32 0, i32 3\n  %9 = load ptr, ptr %8, align 8\n  %10 = load ptr, ptr %5, align 8\n  %11 = icmp eq ptr %9, %10\n  br i1 %11, label %12, label %13\n",
        "optimized": "%3 = alloca i32, align 4\n  %4 = alloca ptr, align 8\n  %5 = alloca ptr, align 8\n  %6 = alloca ptr, align 8\n  store ptr %0, ptr %4, align 8\n  store ptr %1, ptr %5, align 8\n  %7 = getelementptr inbounds %struct.held_lock, ptr %0, i64 0, i32 3\n  %8 = load ptr, ptr %7, align 8\n  %9 = icmp eq ptr %8, %1\n  br i1 %9, label %10, label %11\n"
    },
    {
        "unoptimized": "store i32 1, ptr %3, align 4\n  br label %58\n",
        "optimized": "store i32 1, ptr %3, align 4\n  br label %46\n"
    },
    {
        "unoptimized": "%14 = load ptr, ptr %4, align 8\n  %15 = getelementptr inbounds %struct.held_lock, ptr %14, i32 0, i32 2\n  %16 = load i64, ptr %15, align 8\n  %17 = icmp ne i64 %16, 0\n  br i1 %17, label %18, label %57\n",
        "optimized": "%12 = load ptr, ptr %4, align 8\n  %13 = getelementptr inbounds %struct.held_lock, ptr %12, i64 0, i32 2\n  %14 = load i64, ptr %13, align 8\n  %.not = icmp eq i64 %14, 0\n  br i1 %.not, label %45, label %15\n"
    },
    {
        "unoptimized": "%19 = load ptr, ptr %5, align 8\n  %20 = getelementptr inbounds %struct.lockdep_map, ptr %19, i32 0, i32 0\n  %21 = load ptr, ptr %20, align 8\n  %22 = getelementptr inbounds ptr, ptr %21, i64 0\n  %23 = load ptr, ptr %22, align 8\n  store ptr %23, ptr %6, align 8\n  %24 = load ptr, ptr %6, align 8\n  %25 = icmp ne ptr %24, null\n  br i1 %25, label %29, label %26\n",
        "optimized": "%16 = load ptr, ptr %5, align 8\n  %17 = load ptr, ptr %16, align 8\n  %18 = load ptr, ptr %17, align 8\n  store ptr %18, ptr %6, align 8\n  %.not1 = icmp eq ptr %18, null\n  br i1 %.not1, label %19, label %22\n"
    },
    {
        "unoptimized": "%27 = load ptr, ptr %5, align 8\n  %28 = call ptr @look_up_lock_class(ptr noundef %27, i32 noundef 0)\n  store ptr %28, ptr %6, align 8\n  br label %29\n",
        "optimized": "%20 = load ptr, ptr %5, align 8\n  %21 = call ptr @look_up_lock_class(ptr noundef %20, i32 noundef 0) #2\n  store ptr %21, ptr %6, align 8\n  br label %22\n"
    },
    {
        "unoptimized": "%30 = load ptr, ptr %6, align 8\n  %31 = icmp ne ptr %30, null\n  br i1 %31, label %33, label %32\n",
        "optimized": "%23 = load ptr, ptr %6, align 8\n  %.not2 = icmp eq ptr %23, null\n  br i1 %.not2, label %24, label %25\n"
    },
    {
        "unoptimized": "store i32 0, ptr %3, align 4\n  br label %58\n",
        "optimized": "store i32 0, ptr %3, align 4\n  br label %46\n"
    },
    {
        "unoptimized": "%34 = load ptr, ptr %4, align 8\n  %35 = getelementptr inbounds %struct.held_lock, ptr %34, i32 0, i32 1\n  %36 = load i32, ptr %35, align 4\n  %37 = icmp ne i32 %36, 0\n  %38 = xor i1 %37, true\n  %39 = zext i1 %38 to i32\n  %40 = call i64 @DEBUG_LOCKS_WARN_ON(i32 noundef %39)\n  %41 = icmp ne i64 %40, 0\n  br i1 %41, label %42, label %43\n",
        "optimized": "%26 = load ptr, ptr %4, align 8\n  %27 = getelementptr inbounds %struct.held_lock, ptr %26, i64 0, i32 1\n  %28 = load i32, ptr %27, align 4\n  %.not3 = icmp eq i32 %28, 0\n  %29 = zext i1 %.not3 to i32\n  %30 = call i64 @DEBUG_LOCKS_WARN_ON(i32 noundef %29) #2\n  %.not4 = icmp eq i64 %30, 0\n  br i1 %.not4, label %32, label %31\n"
    },
    {
        "unoptimized": "store i32 0, ptr %3, align 4\n  br label %58\n",
        "optimized": "store i32 0, ptr %3, align 4\n  br label %46\n"
    },
    {
        "unoptimized": "%44 = load ptr, ptr %4, align 8\n  %45 = getelementptr inbounds %struct.held_lock, ptr %44, i32 0, i32 0\n  %46 = load i32, ptr %45, align 8\n  %47 = sext i32 %46 to i64\n  %48 = load ptr, ptr %6, align 8\n  %49 = load ptr, ptr @lock_classes, align 8\n  %50 = ptrtoint ptr %48 to i64\n  %51 = ptrtoint ptr %49 to i64\n  %52 = sub i64 %50, %51\n  %53 = sdiv exact i64 %52, 4\n  %54 = icmp eq i64 %47, %53\n  br i1 %54, label %55, label %56\n",
        "optimized": "%33 = load ptr, ptr %4, align 8\n  %34 = load i32, ptr %33, align 8\n  %35 = sext i32 %34 to i64\n  %36 = load ptr, ptr %6, align 8\n  %37 = load ptr, ptr @lock_classes, align 8\n  %38 = ptrtoint ptr %36 to i64\n  %39 = ptrtoint ptr %37 to i64\n  %40 = sub i64 %38, %39\n  %41 = ashr exact i64 %40, 2\n  %42 = icmp eq i64 %41, %35\n  br i1 %42, label %43, label %44\n"
    },
    {
        "unoptimized": "store i32 1, ptr %3, align 4\n  br label %58\n",
        "optimized": "store i32 1, ptr %3, align 4\n  br label %46\n"
    },
    {
        "unoptimized": "br label %57\n",
        "optimized": "br label %45\n"
    },
    {
        "unoptimized": "store i32 0, ptr %3, align 4\n  br label %58\n",
        "optimized": "store i32 0, ptr %3, align 4\n  br label %46\n"
    },
    {
        "unoptimized": "%59 = load i32, ptr %3, align 4\n  ret i32 %59\n}",
        "optimized": "%47 = load i32, ptr %3, align 4\n  ret i32 %47\n}"
    }
]