[
    {
        "unoptimized": "%3 = alloca ptr, align 8\n  %4 = alloca i64, align 8\n  store ptr %0, ptr %3, align 8\n  store i64 %1, ptr %4, align 8\n  %5 = load ptr, ptr %3, align 8\n  %6 = getelementptr inbounds %struct.st_h2o_qpack_flatten_context_t, ptr %5, i32 0, i32 3\n  %7 = load i32, ptr %6, align 8\n  %8 = load ptr, ptr %3, align 8\n  %9 = getelementptr inbounds %struct.st_h2o_qpack_flatten_context_t, ptr %8, i32 0, i32 2\n  %10 = load ptr, ptr %9, align 8\n  %11 = load ptr, ptr %3, align 8\n  %12 = getelementptr inbounds %struct.st_h2o_qpack_flatten_context_t, ptr %11, i32 0, i32 2\n  %13 = load ptr, ptr %12, align 8\n  %14 = getelementptr inbounds %struct.TYPE_3__, ptr %13, i32 0, i32 0\n  %15 = load i64, ptr %14, align 8\n  %16 = load i64, ptr @H2O_HPACK_ENCODE_INT_MAX_LENGTH, align 8\n  %17 = add i64 %15, %16\n  %18 = call i32 @h2o_vector_reserve(i32 noundef %7, ptr noundef %10, i64 noundef %17)\n  %19 = load i64, ptr %4, align 8\n  %20 = load ptr, ptr %3, align 8\n  %21 = getelementptr inbounds %struct.st_h2o_qpack_flatten_context_t, ptr %20, i32 0, i32 0\n  %22 = load i64, ptr %21, align 8\n  %23 = icmp sgt i64 %19, %22\n  br i1 %23, label %24, label %28\n",
        "optimized": "%3 = alloca ptr, align 8\n  %4 = alloca i64, align 8\n  store ptr %0, ptr %3, align 8\n  store i64 %1, ptr %4, align 8\n  %5 = getelementptr inbounds %struct.st_h2o_qpack_flatten_context_t, ptr %0, i64 0, i32 3\n  %6 = load i32, ptr %5, align 8\n  %7 = getelementptr inbounds %struct.st_h2o_qpack_flatten_context_t, ptr %0, i64 0, i32 2\n  %8 = load ptr, ptr %7, align 8\n  %9 = load i64, ptr %8, align 8\n  %10 = load i64, ptr @H2O_HPACK_ENCODE_INT_MAX_LENGTH, align 8\n  %11 = add i64 %9, %10\n  %12 = call i32 @h2o_vector_reserve(i32 noundef %6, ptr noundef nonnull %8, i64 noundef %11) #2\n  %13 = load i64, ptr %4, align 8\n  %14 = load ptr, ptr %3, align 8\n  %15 = load i64, ptr %14, align 8\n  %16 = icmp sgt i64 %13, %15\n  br i1 %16, label %17, label %20\n"
    },
    {
        "unoptimized": "%25 = load i64, ptr %4, align 8\n  %26 = load ptr, ptr %3, align 8\n  %27 = getelementptr inbounds %struct.st_h2o_qpack_flatten_context_t, ptr %26, i32 0, i32 0\n  store i64 %25, ptr %27, align 8\n  br label %28\n",
        "optimized": "%18 = load i64, ptr %4, align 8\n  %19 = load ptr, ptr %3, align 8\n  store i64 %18, ptr %19, align 8\n  br label %20\n"
    },
    {
        "unoptimized": "%29 = load i64, ptr %4, align 8\n  %30 = load ptr, ptr %3, align 8\n  %31 = getelementptr inbounds %struct.st_h2o_qpack_flatten_context_t, ptr %30, i32 0, i32 1\n  %32 = load i64, ptr %31, align 8\n  %33 = icmp sle i64 %29, %32\n  br i1 %33, label %34, label %55\n",
        "optimized": "%21 = load i64, ptr %4, align 8\n  %22 = load ptr, ptr %3, align 8\n  %23 = getelementptr inbounds %struct.st_h2o_qpack_flatten_context_t, ptr %22, i64 0, i32 1\n  %24 = load i64, ptr %23, align 8\n  %.not = icmp sgt i64 %21, %24\n  br i1 %.not, label %41, label %25\n"
    },
    {
        "unoptimized": "%35 = load ptr, ptr %3, align 8\n  %36 = getelementptr inbounds %struct.st_h2o_qpack_flatten_context_t, ptr %35, i32 0, i32 2\n  %37 = load ptr, ptr %36, align 8\n  %38 = getelementptr inbounds %struct.TYPE_3__, ptr %37, i32 0, i32 1\n  %39 = load ptr, ptr %38, align 8\n  %40 = load ptr, ptr %3, align 8\n  %41 = getelementptr inbounds %struct.st_h2o_qpack_flatten_context_t, ptr %40, i32 0, i32 2\n  %42 = load ptr, ptr %41, align 8\n  %43 = getelementptr inbounds %struct.TYPE_3__, ptr %42, i32 0, i32 0\n  %44 = load i64, ptr %43, align 8\n  %45 = getelementptr inbounds i32, ptr %39, i64 %44\n  store i32 128, ptr %45, align 4\n  %46 = load ptr, ptr %3, align 8\n  %47 = getelementptr inbounds %struct.st_h2o_qpack_flatten_context_t, ptr %46, i32 0, i32 2\n  %48 = load ptr, ptr %47, align 8\n  %49 = load ptr, ptr %3, align 8\n  %50 = getelementptr inbounds %struct.st_h2o_qpack_flatten_context_t, ptr %49, i32 0, i32 1\n  %51 = load i64, ptr %50, align 8\n  %52 = load i64, ptr %4, align 8\n  %53 = sub nsw i64 %51, %52\n  %54 = call i32 @flatten_int(ptr noundef %48, i64 noundef %53, i32 noundef 6)\n  br label %77\n",
        "optimized": "%26 = load ptr, ptr %3, align 8\n  %27 = getelementptr inbounds %struct.st_h2o_qpack_flatten_context_t, ptr %26, i64 0, i32 2\n  %28 = load ptr, ptr %27, align 8\n  %29 = getelementptr inbounds %struct.TYPE_3__, ptr %28, i64 0, i32 1\n  %30 = load ptr, ptr %29, align 8\n  %31 = load i64, ptr %28, align 8\n  %32 = getelementptr inbounds i32, ptr %30, i64 %31\n  store i32 128, ptr %32, align 4\n  %33 = load ptr, ptr %3, align 8\n  %34 = getelementptr inbounds %struct.st_h2o_qpack_flatten_context_t, ptr %33, i64 0, i32 2\n  %35 = load ptr, ptr %34, align 8\n  %36 = getelementptr inbounds %struct.st_h2o_qpack_flatten_context_t, ptr %33, i64 0, i32 1\n  %37 = load i64, ptr %36, align 8\n  %38 = load i64, ptr %4, align 8\n  %39 = sub nsw i64 %37, %38\n  %40 = call i32 @flatten_int(ptr noundef %35, i64 noundef %39, i32 noundef 6) #2\n  br label %58\n"
    },
    {
        "unoptimized": "%56 = load ptr, ptr %3, align 8\n  %57 = getelementptr inbounds %struct.st_h2o_qpack_flatten_context_t, ptr %56, i32 0, i32 2\n  %58 = load ptr, ptr %57, align 8\n  %59 = getelementptr inbounds %struct.TYPE_3__, ptr %58, i32 0, i32 1\n  %60 = load ptr, ptr %59, align 8\n  %61 = load ptr, ptr %3, align 8\n  %62 = getelementptr inbounds %struct.st_h2o_qpack_flatten_context_t, ptr %61, i32 0, i32 2\n  %63 = load ptr, ptr %62, align 8\n  %64 = getelementptr inbounds %struct.TYPE_3__, ptr %63, i32 0, i32 0\n  %65 = load i64, ptr %64, align 8\n  %66 = getelementptr inbounds i32, ptr %60, i64 %65\n  store i32 16, ptr %66, align 4\n  %67 = load ptr, ptr %3, align 8\n  %68 = getelementptr inbounds %struct.st_h2o_qpack_flatten_context_t, ptr %67, i32 0, i32 2\n  %69 = load ptr, ptr %68, align 8\n  %70 = load i64, ptr %4, align 8\n  %71 = load ptr, ptr %3, align 8\n  %72 = getelementptr inbounds %struct.st_h2o_qpack_flatten_context_t, ptr %71, i32 0, i32 1\n  %73 = load i64, ptr %72, align 8\n  %74 = sub nsw i64 %70, %73\n  %75 = sub nsw i64 %74, 1\n  %76 = call i32 @flatten_int(ptr noundef %69, i64 noundef %75, i32 noundef 4)\n  br label %77\n",
        "optimized": "%42 = load ptr, ptr %3, align 8\n  %43 = getelementptr inbounds %struct.st_h2o_qpack_flatten_context_t, ptr %42, i64 0, i32 2\n  %44 = load ptr, ptr %43, align 8\n  %45 = getelementptr inbounds %struct.TYPE_3__, ptr %44, i64 0, i32 1\n  %46 = load ptr, ptr %45, align 8\n  %47 = load i64, ptr %44, align 8\n  %48 = getelementptr inbounds i32, ptr %46, i64 %47\n  store i32 16, ptr %48, align 4\n  %49 = load ptr, ptr %3, align 8\n  %50 = getelementptr inbounds %struct.st_h2o_qpack_flatten_context_t, ptr %49, i64 0, i32 2\n  %51 = load ptr, ptr %50, align 8\n  %52 = load i64, ptr %4, align 8\n  %53 = getelementptr inbounds %struct.st_h2o_qpack_flatten_context_t, ptr %49, i64 0, i32 1\n  %54 = load i64, ptr %53, align 8\n  %55 = xor i64 %54, -1\n  %56 = add i64 %52, %55\n  %57 = call i32 @flatten_int(ptr noundef %51, i64 noundef %56, i32 noundef 4) #2\n  br label %58\n"
    },
    {
        "unoptimized": "ret void\n}",
        "optimized": "ret void\n}"
    }
]