[
    {
        "unoptimized": "%2 = alloca ptr, align 8\n  store ptr %0, ptr %2, align 8\n  %3 = load ptr, ptr %2, align 8\n  %4 = getelementptr inbounds %struct.TYPE_3__, ptr %3, i32 0, i32 0\n  %5 = load i64, ptr %4, align 8\n  %6 = icmp eq i64 %5, 0\n  br i1 %6, label %7, label %12\n",
        "optimized": "%2 = alloca ptr, align 8\n  store ptr %0, ptr %2, align 8\n  %3 = load i64, ptr %0, align 8\n  %4 = icmp eq i64 %3, 0\n  br i1 %4, label %5, label %11\n"
    },
    {
        "unoptimized": "%8 = load ptr, ptr %2, align 8\n  %9 = getelementptr inbounds %struct.TYPE_3__, ptr %8, i32 0, i32 1\n  %10 = call i64 @h2o_linklist_is_empty(ptr noundef %9)\n  %11 = icmp ne i64 %10, 0\n  br label %12\n",
        "optimized": "%6 = load ptr, ptr %2, align 8\n  %7 = getelementptr inbounds %struct.TYPE_3__, ptr %6, i64 0, i32 1\n  %8 = call i64 @h2o_linklist_is_empty(ptr noundef nonnull %7) #2\n  %9 = icmp ne i64 %8, 0\n  %10 = zext i1 %9 to i32\n  br label %11\n"
    },
    {
        "unoptimized": "%13 = phi i1 [ false, %1 ], [ %11, %7 ]\n  %14 = zext i1 %13 to i32\n  ret i32 %14\n}",
        "optimized": "%12 = phi i32 [ 0, %1 ], [ %10, %5 ]\n  ret i32 %12\n}"
    }
]