[
    {
        "unoptimized": "%4 = alloca ptr, align 8\n  %5 = alloca i32, align 4\n  %6 = alloca i64, align 8\n  %7 = alloca ptr, align 8\n  store ptr %0, ptr %4, align 8\n  store i32 %1, ptr %5, align 4\n  store i64 %2, ptr %6, align 8\n  %8 = load ptr, ptr %4, align 8\n  %9 = load i64, ptr %6, align 8\n  %10 = getelementptr inbounds i8, ptr %8, i64 %9\n  store ptr %10, ptr %7, align 8\n  br label %11\n",
        "optimized": "%4 = alloca ptr, align 8\n  %5 = alloca i32, align 4\n  %6 = alloca i64, align 8\n  %7 = alloca ptr, align 8\n  store ptr %0, ptr %4, align 8\n  store i32 %1, ptr %5, align 4\n  store i64 %2, ptr %6, align 8\n  %8 = getelementptr inbounds i8, ptr %0, i64 %2\n  store ptr %8, ptr %7, align 8\n  br label %9\n"
    },
    {
        "unoptimized": "%12 = load i32, ptr %5, align 4\n  %13 = srem i32 %12, 10\n  %14 = add nsw i32 48, %13\n  %15 = trunc i32 %14 to i8\n  %16 = load ptr, ptr %7, align 8\n  %17 = getelementptr inbounds i8, ptr %16, i32 -1\n  store ptr %17, ptr %7, align 8\n  store i8 %15, ptr %17, align 1\n  %18 = load i32, ptr %5, align 4\n  %19 = sdiv i32 %18, 10\n  store i32 %19, ptr %5, align 4\n  br label %20\n",
        "optimized": "%10 = load i32, ptr %5, align 4\n  %11 = srem i32 %10, 10\n  %12 = trunc i32 %11 to i8\n  %13 = add nsw i8 %12, 48\n  %14 = load ptr, ptr %7, align 8\n  %15 = getelementptr inbounds i8, ptr %14, i64 -1\n  store ptr %15, ptr %7, align 8\n  store i8 %13, ptr %15, align 1\n  %16 = load i32, ptr %5, align 4\n  %17 = sdiv i32 %16, 10\n  store i32 %17, ptr %5, align 4\n  br label %18\n"
    },
    {
        "unoptimized": "%21 = load ptr, ptr %7, align 8\n  %22 = load ptr, ptr %4, align 8\n  %23 = icmp ne ptr %21, %22\n  br i1 %23, label %11, label %24, !llvm.loop !6\n",
        "optimized": "%19 = load ptr, ptr %7, align 8\n  %20 = load ptr, ptr %4, align 8\n  %.not = icmp eq ptr %19, %20\n  br i1 %.not, label %21, label %9, !llvm.loop !6\n"
    },
    {
        "unoptimized": "%25 = load ptr, ptr %4, align 8\n  %26 = load i64, ptr %6, align 8\n  %27 = getelementptr inbounds i8, ptr %25, i64 %26\n  ret ptr %27\n}",
        "optimized": "%22 = load ptr, ptr %4, align 8\n  %23 = load i64, ptr %6, align 8\n  %24 = getelementptr inbounds i8, ptr %22, i64 %23\n  ret ptr %24\n}"
    }
]