[
    {
        "unoptimized": "%4 = alloca %struct.TYPE_26__, align 4\n  %5 = alloca %struct.TYPE_26__, align 4\n  %6 = alloca ptr, align 8\n  %7 = alloca ptr, align 8\n  %8 = alloca ptr, align 8\n  %9 = alloca %struct.TYPE_26__, align 4\n  %10 = alloca %struct.TYPE_26__, align 4\n  %11 = getelementptr inbounds %struct.TYPE_26__, ptr %4, i32 0, i32 0\n  store i32 %1, ptr %11, align 4\n  %12 = getelementptr inbounds %struct.TYPE_26__, ptr %5, i32 0, i32 0\n  store i32 %2, ptr %12, align 4\n  store ptr %0, ptr %6, align 8\n  %13 = load ptr, ptr %6, align 8\n  %14 = getelementptr inbounds %struct.TYPE_24__, ptr %13, i32 0, i32 0\n  %15 = load ptr, ptr %14, align 8\n  store ptr %15, ptr %7, align 8\n  %16 = load ptr, ptr %7, align 8\n  %17 = getelementptr inbounds %struct.st_h2o_redis_resumption_accept_data_t, ptr %16, i32 0, i32 0\n  %18 = getelementptr inbounds %struct.TYPE_20__, ptr %17, i32 0, i32 0\n  %19 = load ptr, ptr %18, align 8\n  %20 = getelementptr inbounds %struct.TYPE_23__, ptr %19, i32 0, i32 0\n  %21 = load i32, ptr %20, align 4\n  %22 = call ptr @get_redis_client(i32 noundef %21)\n  store ptr %22, ptr %8, align 8\n  %23 = load ptr, ptr %8, align 8\n  %24 = getelementptr inbounds %struct.TYPE_25__, ptr %23, i32 0, i32 0\n  %25 = load i64, ptr %24, align 8\n  %26 = load i64, ptr @H2O_REDIS_CONNECTION_STATE_CLOSED, align 8\n  %27 = icmp eq i64 %25, %26\n  br i1 %27, label %28, label %33\n",
        "optimized": "%4 = alloca %struct.TYPE_26__, align 4\n  %5 = alloca %struct.TYPE_26__, align 4\n  %6 = alloca ptr, align 8\n  %7 = alloca %struct.TYPE_26__, align 4\n  %8 = alloca %struct.TYPE_26__, align 4\n  store i32 %1, ptr %4, align 4\n  store i32 %2, ptr %5, align 4\n  %9 = load ptr, ptr %0, align 8\n  %10 = load ptr, ptr %9, align 8\n  %11 = load i32, ptr %10, align 4\n  %12 = call ptr @get_redis_client(i32 noundef %11) #2\n  store ptr %12, ptr %6, align 8\n  %13 = load i64, ptr %12, align 8\n  %14 = load i64, ptr @H2O_REDIS_CONNECTION_STATE_CLOSED, align 8\n  %15 = icmp eq i64 %13, %14\n  br i1 %15, label %16, label %21\n"
    },
    {
        "unoptimized": "%29 = load ptr, ptr %8, align 8\n  %30 = load i32, ptr getelementptr inbounds (%struct.TYPE_19__, ptr @async_resumption_context, i32 0, i32 1, i32 2), align 4\n  %31 = load i32, ptr getelementptr inbounds (%struct.TYPE_19__, ptr @async_resumption_context, i32 0, i32 1, i32 1), align 4\n  %32 = call i32 @h2o_redis_connect(ptr noundef %29, i32 noundef %30, i32 noundef %31)\n  br label %33\n",
        "optimized": "%17 = load ptr, ptr %6, align 8\n  %18 = load i32, ptr getelementptr inbounds (%struct.TYPE_19__, ptr @async_resumption_context, i64 0, i32 1, i32 2), align 4\n  %19 = load i32, ptr getelementptr inbounds (%struct.TYPE_19__, ptr @async_resumption_context, i64 0, i32 1, i32 1), align 4\n  %20 = call i32 @h2o_redis_connect(ptr noundef %17, i32 noundef %18, i32 noundef %19) #2\n  br label %21\n"
    },
    {
        "unoptimized": "%34 = load i32, ptr getelementptr inbounds (%struct.TYPE_19__, ptr @async_resumption_context, i32 0, i32 1), align 4\n  %35 = getelementptr inbounds %struct.TYPE_26__, ptr %4, i32 0, i32 0\n  %36 = load i32, ptr %35, align 4\n  %37 = call i32 @build_redis_key(i32 %36, i32 noundef %34)\n  %38 = getelementptr inbounds %struct.TYPE_26__, ptr %9, i32 0, i32 0\n  store i32 %37, ptr %38, align 4\n  %39 = getelementptr inbounds %struct.TYPE_26__, ptr %5, i32 0, i32 0\n  %40 = load i32, ptr %39, align 4\n  %41 = call i32 @build_redis_value(i32 %40)\n  %42 = getelementptr inbounds %struct.TYPE_26__, ptr %10, i32 0, i32 0\n  store i32 %41, ptr %42, align 4\n  %43 = load ptr, ptr %8, align 8\n  %44 = getelementptr inbounds %struct.TYPE_26__, ptr %9, i32 0, i32 0\n  %45 = load i32, ptr %44, align 4\n  %46 = load i32, ptr @async_resumption_context, align 4\n  %47 = mul nsw i32 %46, 10\n  %48 = getelementptr inbounds %struct.TYPE_26__, ptr %10, i32 0, i32 0\n  %49 = load i32, ptr %48, align 4\n  %50 = call i32 @h2o_redis_command(ptr noundef %43, ptr noundef null, ptr noundef null, ptr noundef @.str, i32 noundef %45, i32 noundef %47, i32 noundef %49)\n  %51 = getelementptr inbounds %struct.TYPE_26__, ptr %9, i32 0, i32 0\n  %52 = load i32, ptr %51, align 4\n  %53 = call i32 @free(i32 noundef %52)\n  %54 = getelementptr inbounds %struct.TYPE_26__, ptr %10, i32 0, i32 0\n  %55 = load i32, ptr %54, align 4\n  %56 = call i32 @free(i32 noundef %55)\n  ret void\n}",
        "optimized": "%22 = load i32, ptr getelementptr inbounds (%struct.TYPE_19__, ptr @async_resumption_context, i64 0, i32 1), align 4\n  %23 = load i32, ptr %4, align 4\n  %24 = call i32 @build_redis_key(i32 %23, i32 noundef %22) #2\n  store i32 %24, ptr %7, align 4\n  %25 = load i32, ptr %5, align 4\n  %26 = call i32 @build_redis_value(i32 %25) #2\n  store i32 %26, ptr %8, align 4\n  %27 = load ptr, ptr %6, align 8\n  %28 = load i32, ptr @async_resumption_context, align 4\n  %29 = mul nsw i32 %28, 10\n  %30 = call i32 @h2o_redis_command(ptr noundef %27, ptr noundef null, ptr noundef null, ptr noundef nonnull @.str, i32 noundef %24, i32 noundef %29, i32 noundef %26) #2\n  %31 = load i32, ptr %7, align 4\n  %32 = call i32 @free(i32 noundef %31) #2\n  %33 = load i32, ptr %8, align 4\n  %34 = call i32 @free(i32 noundef %33) #2\n  ret void\n}"
    }
]