[
    {
        "unoptimized": "%3 = alloca ptr, align 8\n  %4 = alloca i32, align 4\n  %5 = alloca %struct.tm, align 4\n  %6 = alloca i32, align 4\n  %7 = alloca i32, align 4\n  %8 = alloca i32, align 4\n  store ptr %0, ptr %3, align 8\n  store i32 %1, ptr %4, align 4\n  %9 = call i32 @localtime_r(ptr noundef %4, ptr noundef %5)\n  %10 = load i32, ptr %4, align 4\n  %11 = call i32 @calc_gmt_offset(i32 noundef %10, ptr noundef %5)\n  store i32 %11, ptr %6, align 4\n  %12 = load i32, ptr %6, align 4\n  %13 = icmp sge i32 %12, 0\n  br i1 %13, label %14, label %15\n",
        "optimized": "%3 = alloca ptr, align 8\n  %4 = alloca i32, align 4\n  %5 = alloca %struct.tm, align 4\n  %6 = alloca i32, align 4\n  %7 = alloca i32, align 4\n  store ptr %0, ptr %3, align 8\n  store i32 %1, ptr %4, align 4\n  %8 = call i32 @localtime_r(ptr noundef nonnull %4, ptr noundef nonnull %5) #2\n  %9 = load i32, ptr %4, align 4\n  %10 = call i32 @calc_gmt_offset(i32 noundef %9, ptr noundef nonnull %5) #2\n  store i32 %10, ptr %6, align 4\n  %11 = icmp sgt i32 %10, -1\n  br i1 %11, label %12, label %13\n"
    },
    {
        "unoptimized": "store i32 43, ptr %7, align 4\n  br label %18\n",
        "optimized": "br label %16\n"
    },
    {
        "unoptimized": "%16 = load i32, ptr %6, align 4\n  %17 = sub nsw i32 0, %16\n  store i32 %17, ptr %6, align 4\n  store i32 45, ptr %7, align 4\n  br label %18\n",
        "optimized": "%14 = load i32, ptr %6, align 4\n  %15 = sub nsw i32 0, %14\n  store i32 %15, ptr %6, align 4\n  br label %16\n"
    },
    {
        "unoptimized": "%19 = load ptr, ptr %3, align 8\n  %20 = getelementptr inbounds %struct.tm, ptr %5, i32 0, i32 0\n  %21 = load i32, ptr %20, align 4\n  %22 = getelementptr inbounds %struct.tm, ptr %5, i32 0, i32 1\n  %23 = load i32, ptr %22, align 4\n  %24 = mul nsw i32 %23, 4\n  %25 = sext i32 %24 to i64\n  %26 = getelementptr inbounds i8, ptr @.str.1, i64 %25\n  %27 = getelementptr inbounds %struct.tm, ptr %5, i32 0, i32 2\n  %28 = load i32, ptr %27, align 4\n  %29 = add nsw i32 %28, 1900\n  %30 = getelementptr inbounds %struct.tm, ptr %5, i32 0, i32 3\n  %31 = load i32, ptr %30, align 4\n  %32 = getelementptr inbounds %struct.tm, ptr %5, i32 0, i32 4\n  %33 = load i32, ptr %32, align 4\n  %34 = getelementptr inbounds %struct.tm, ptr %5, i32 0, i32 5\n  %35 = load i32, ptr %34, align 4\n  %36 = load i32, ptr %7, align 4\n  %37 = load i32, ptr %6, align 4\n  %38 = sdiv i32 %37, 60\n  %39 = load i32, ptr %6, align 4\n  %40 = srem i32 %39, 60\n  %41 = call i32 @sprintf(ptr noundef %19, ptr noundef @.str, i32 noundef %21, ptr noundef %26, i32 noundef %29, i32 noundef %31, i32 noundef %33, i32 noundef %35, i32 noundef %36, i32 noundef %38, i32 noundef %40)\n  store i32 %41, ptr %8, align 4\n  %42 = load i32, ptr %8, align 4\n  %43 = load i32, ptr @H2O_TIMESTR_LOG_LEN, align 4\n  %44 = icmp eq i32 %42, %43\n  %45 = zext i1 %44 to i32\n  %46 = call i32 @assert(i32 noundef %45)\n  ret void\n}",
        "optimized": "%storemerge = phi i32 [ 45, %13 ], [ 43, %12 ]\n  store i32 %storemerge, ptr %7, align 4\n  %17 = load ptr, ptr %3, align 8\n  %18 = load i32, ptr %5, align 4\n  %19 = getelementptr inbounds %struct.tm, ptr %5, i64 0, i32 1\n  %20 = load i32, ptr %19, align 4\n  %21 = shl nsw i32 %20, 2\n  %22 = sext i32 %21 to i64\n  %23 = getelementptr inbounds i8, ptr @.str.1, i64 %22\n  %24 = getelementptr inbounds %struct.tm, ptr %5, i64 0, i32 2\n  %25 = load i32, ptr %24, align 4\n  %26 = add nsw i32 %25, 1900\n  %27 = getelementptr inbounds %struct.tm, ptr %5, i64 0, i32 3\n  %28 = load i32, ptr %27, align 4\n  %29 = getelementptr inbounds %struct.tm, ptr %5, i64 0, i32 4\n  %30 = load i32, ptr %29, align 4\n  %31 = getelementptr inbounds %struct.tm, ptr %5, i64 0, i32 5\n  %32 = load i32, ptr %31, align 4\n  %33 = load i32, ptr %7, align 4\n  %34 = load i32, ptr %6, align 4\n  %35 = sdiv i32 %34, 60\n  %36 = srem i32 %34, 60\n  %37 = call i32 @sprintf(ptr noundef %17, ptr noundef nonnull @.str, i32 noundef %18, ptr noundef nonnull %23, i32 noundef %26, i32 noundef %28, i32 noundef %30, i32 noundef %32, i32 noundef %33, i32 noundef %35, i32 noundef %36) #2\n  %38 = load i32, ptr @H2O_TIMESTR_LOG_LEN, align 4\n  %39 = icmp eq i32 %37, %38\n  %40 = zext i1 %39 to i32\n  %41 = call i32 @assert(i32 noundef %40) #2\n  ret void\n}"
    }
]