[
    {
        "unoptimized": "%5 = alloca i32, align 4\n  %6 = alloca ptr, align 8\n  %7 = alloca ptr, align 8\n  %8 = alloca i64, align 8\n  %9 = alloca i32, align 4\n  %10 = alloca ptr, align 8\n  %11 = alloca ptr, align 8\n  %12 = alloca i32, align 4\n  store ptr %0, ptr %6, align 8\n  store ptr %1, ptr %7, align 8\n  store i64 %2, ptr %8, align 8\n  store i32 %3, ptr %9, align 4\n  %13 = load ptr, ptr %7, align 8\n  %14 = call ptr @opendir(ptr noundef %13)\n  store ptr %14, ptr %10, align 8\n  %15 = icmp eq ptr %14, null\n  br i1 %15, label %16, label %17\n",
        "optimized": "%5 = alloca i32, align 4\n  %6 = alloca ptr, align 8\n  %7 = alloca i32, align 4\n  %8 = alloca ptr, align 8\n  %9 = alloca ptr, align 8\n  %10 = alloca i32, align 4\n  store ptr %0, ptr %6, align 8\n  store i32 %3, ptr %7, align 4\n  %11 = call ptr @opendir(ptr noundef %1) #2\n  store ptr %11, ptr %8, align 8\n  %12 = icmp eq ptr %11, null\n  br i1 %12, label %13, label %14\n"
    },
    {
        "unoptimized": "store i32 -1, ptr %5, align 4\n  br label %69\n",
        "optimized": "store i32 -1, ptr %5, align 4\n  br label %51\n"
    },
    {
        "unoptimized": "%18 = load ptr, ptr %6, align 8\n  %19 = getelementptr inbounds %struct.TYPE_14__, ptr %18, i32 0, i32 1\n  %20 = load ptr, ptr %6, align 8\n  %21 = getelementptr inbounds %struct.TYPE_14__, ptr %20, i32 0, i32 2\n  %22 = load i32, ptr %21, align 4\n  %23 = load ptr, ptr %10, align 8\n  %24 = call ptr @build_dir_listing_html(ptr noundef %19, i32 noundef %22, ptr noundef %23)\n  store ptr %24, ptr %11, align 8\n  %25 = load ptr, ptr %10, align 8\n  %26 = call i32 @closedir(ptr noundef %25)\n  %27 = load ptr, ptr %11, align 8\n  %28 = icmp eq ptr %27, null\n  br i1 %28, label %29, label %32\n",
        "optimized": "%15 = load ptr, ptr %6, align 8\n  %16 = getelementptr inbounds %struct.TYPE_14__, ptr %15, i64 0, i32 1\n  %17 = getelementptr inbounds %struct.TYPE_14__, ptr %15, i64 0, i32 2\n  %18 = load i32, ptr %17, align 4\n  %19 = load ptr, ptr %8, align 8\n  %20 = call ptr @build_dir_listing_html(ptr noundef nonnull %16, i32 noundef %18, ptr noundef %19) #2\n  store ptr %20, ptr %9, align 8\n  %21 = call i32 @closedir(ptr noundef %19) #2\n  %22 = icmp eq ptr %20, null\n  br i1 %22, label %23, label %26\n"
    },
    {
        "unoptimized": "%30 = load ptr, ptr %6, align 8\n  %31 = call i32 @h2o_send_error_503(ptr noundef %30, ptr noundef @.str, ptr noundef @.str.1, i32 noundef 0)\n  store i32 0, ptr %5, align 4\n  br label %69\n",
        "optimized": "%24 = load ptr, ptr %6, align 8\n  %25 = call i32 @h2o_send_error_503(ptr noundef %24, ptr noundef nonnull @.str, ptr noundef nonnull @.str.1, i32 noundef 0) #2\n  store i32 0, ptr %5, align 4\n  br label %51\n"
    },
    {
        "unoptimized": "%33 = load ptr, ptr %11, align 8\n  %34 = getelementptr inbounds %struct.TYPE_16__, ptr %33, i32 0, i32 1\n  %35 = load i32, ptr %34, align 4\n  %36 = load ptr, ptr %11, align 8\n  %37 = getelementptr inbounds %struct.TYPE_16__, ptr %36, i32 0, i32 0\n  %38 = load i32, ptr %37, align 4\n  %39 = call i32 @h2o_iovec_init(i32 noundef %35, i32 noundef %38)\n  store i32 %39, ptr %12, align 4\n  %40 = load ptr, ptr %11, align 8\n  %41 = load ptr, ptr %6, align 8\n  %42 = getelementptr inbounds %struct.TYPE_14__, ptr %41, i32 0, i32 1\n  %43 = call i32 @h2o_buffer_link_to_pool(ptr noundef %40, ptr noundef %42)\n  %44 = load ptr, ptr %6, align 8\n  %45 = getelementptr inbounds %struct.TYPE_14__, ptr %44, i32 0, i32 0\n  %46 = getelementptr inbounds %struct.TYPE_13__, ptr %45, i32 0, i32 0\n  store i32 200, ptr %46, align 8\n  %47 = load ptr, ptr %6, align 8\n  %48 = getelementptr inbounds %struct.TYPE_14__, ptr %47, i32 0, i32 0\n  %49 = getelementptr inbounds %struct.TYPE_13__, ptr %48, i32 0, i32 1\n  store ptr @.str.2, ptr %49, align 8\n  %50 = load ptr, ptr %6, align 8\n  %51 = getelementptr inbounds %struct.TYPE_14__, ptr %50, i32 0, i32 1\n  %52 = load ptr, ptr %6, align 8\n  %53 = getelementptr inbounds %struct.TYPE_14__, ptr %52, i32 0, i32 0\n  %54 = getelementptr inbounds %struct.TYPE_13__, ptr %53, i32 0, i32 2\n  %55 = load i32, ptr @H2O_TOKEN_CONTENT_TYPE, align 4\n  %56 = call i32 @H2O_STRLIT(ptr noundef @.str.3)\n  %57 = call i32 @h2o_add_header(ptr noundef %51, ptr noundef %54, i32 noundef %55, ptr noundef null, i32 noundef %56)\n  %58 = load i32, ptr %9, align 4\n  %59 = icmp ne i32 %58, 0\n  br i1 %59, label %63, label %60\n",
        "optimized": "%27 = load ptr, ptr %9, align 8\n  %28 = getelementptr inbounds %struct.TYPE_16__, ptr %27, i64 0, i32 1\n  %29 = load i32, ptr %28, align 4\n  %30 = load i32, ptr %27, align 4\n  %31 = call i32 @h2o_iovec_init(i32 noundef %29, i32 noundef %30) #2\n  store i32 %31, ptr %10, align 4\n  %32 = load ptr, ptr %6, align 8\n  %33 = getelementptr inbounds %struct.TYPE_14__, ptr %32, i64 0, i32 1\n  %34 = call i32 @h2o_buffer_link_to_pool(ptr noundef nonnull %27, ptr noundef nonnull %33) #2\n  store i32 200, ptr %32, align 8\n  %35 = getelementptr inbounds %struct.TYPE_13__, ptr %32, i64 0, i32 1\n  store ptr @.str.2, ptr %35, align 8\n  %36 = getelementptr inbounds %struct.TYPE_14__, ptr %32, i64 0, i32 1\n  %37 = load ptr, ptr %6, align 8\n  %38 = getelementptr inbounds %struct.TYPE_13__, ptr %37, i64 0, i32 2\n  %39 = load i32, ptr @H2O_TOKEN_CONTENT_TYPE, align 4\n  %40 = call i32 @H2O_STRLIT(ptr noundef nonnull @.str.3) #2\n  %41 = call i32 @h2o_add_header(ptr noundef nonnull %36, ptr noundef nonnull %38, i32 noundef %39, ptr noundef null, i32 noundef %40) #2\n  %42 = load i32, ptr %7, align 4\n  %.not = icmp eq i32 %42, 0\n  br i1 %.not, label %43, label %46\n"
    },
    {
        "unoptimized": "%61 = load ptr, ptr %6, align 8\n  %62 = call i32 @h2o_send_inline(ptr noundef %61, ptr noundef null, i32 noundef 0)\n  store i32 0, ptr %5, align 4\n  br label %69\n",
        "optimized": "%44 = load ptr, ptr %6, align 8\n  %45 = call i32 @h2o_send_inline(ptr noundef %44, ptr noundef null, i32 noundef 0) #2\n  store i32 0, ptr %5, align 4\n  br label %51\n"
    },
    {
        "unoptimized": "%64 = load ptr, ptr %6, align 8\n  %65 = call i32 @h2o_start_response(ptr noundef %64, ptr noundef @send_dir_listing.generator)\n  %66 = load ptr, ptr %6, align 8\n  %67 = load i32, ptr @H2O_SEND_STATE_FINAL, align 4\n  %68 = call i32 @h2o_send(ptr noundef %66, ptr noundef %12, i32 noundef 1, i32 noundef %67)\n  store i32 0, ptr %5, align 4\n  br label %69\n",
        "optimized": "%47 = load ptr, ptr %6, align 8\n  %48 = call i32 @h2o_start_response(ptr noundef %47, ptr noundef nonnull @send_dir_listing.generator) #2\n  %49 = load i32, ptr @H2O_SEND_STATE_FINAL, align 4\n  %50 = call i32 @h2o_send(ptr noundef %47, ptr noundef nonnull %10, i32 noundef 1, i32 noundef %49) #2\n  store i32 0, ptr %5, align 4\n  br label %51\n"
    },
    {
        "unoptimized": "%70 = load i32, ptr %5, align 4\n  ret i32 %70\n}",
        "optimized": "%52 = load i32, ptr %5, align 4\n  ret i32 %52\n}"
    }
]