[
    {
        "unoptimized": "%2 = alloca ptr, align 8\n  %3 = alloca [1 x %struct.TYPE_11__], align 8\n  %4 = alloca i64, align 8\n  %5 = alloca i32, align 4\n  %6 = alloca %struct.TYPE_11__, align 8\n  store ptr %0, ptr %2, align 8\n  %7 = getelementptr inbounds [1 x %struct.TYPE_11__], ptr %3, i64 0, i64 0\n  %8 = load ptr, ptr %2, align 8\n  %9 = getelementptr inbounds %struct.st_fcgi_generator_t, ptr %8, i32 0, i32 2\n  %10 = getelementptr inbounds %struct.TYPE_10__, ptr %9, i32 0, i32 1\n  %11 = load ptr, ptr %2, align 8\n  %12 = getelementptr inbounds %struct.st_fcgi_generator_t, ptr %11, i32 0, i32 2\n  %13 = getelementptr inbounds %struct.TYPE_10__, ptr %12, i32 0, i32 0\n  %14 = load ptr, ptr %2, align 8\n  %15 = getelementptr inbounds %struct.st_fcgi_generator_t, ptr %14, i32 0, i32 1\n  %16 = load ptr, ptr %15, align 8\n  %17 = getelementptr inbounds %struct.TYPE_12__, ptr %16, i32 0, i32 0\n  %18 = load i32, ptr %17, align 4\n  %19 = call i64 @h2o_doublebuffer_prepare(ptr noundef %10, ptr noundef %13, i32 noundef %18)\n  %20 = getelementptr inbounds %struct.TYPE_11__, ptr %6, i32 0, i32 0\n  store i64 %19, ptr %20, align 8\n  call void @llvm.memcpy.p0.p0.i64(ptr align 8 %7, ptr align 8 %6, i64 8, i1 false)\n  %21 = getelementptr inbounds [1 x %struct.TYPE_11__], ptr %3, i64 0, i64 0\n  %22 = getelementptr inbounds %struct.TYPE_11__, ptr %21, i32 0, i32 0\n  %23 = load i64, ptr %22, align 8\n  %24 = icmp ne i64 %23, 0\n  %25 = zext i1 %24 to i64\n  %26 = select i1 %24, i32 1, i32 0\n  %27 = sext i32 %26 to i64\n  store i64 %27, ptr %4, align 8\n  %28 = load ptr, ptr %2, align 8\n  %29 = getelementptr inbounds %struct.st_fcgi_generator_t, ptr %28, i32 0, i32 3\n  %30 = load ptr, ptr %29, align 8\n  %31 = icmp eq ptr %30, null\n  br i1 %31, label %32, label %68\n",
        "optimized": "%2 = alloca ptr, align 8\n  %3 = alloca [1 x %struct.TYPE_11__], align 8\n  %4 = alloca i64, align 8\n  store ptr %0, ptr %2, align 8\n  %5 = getelementptr inbounds %struct.st_fcgi_generator_t, ptr %0, i64 0, i32 2, i32 1\n  %6 = getelementptr inbounds %struct.st_fcgi_generator_t, ptr %0, i64 0, i32 2\n  %7 = getelementptr inbounds %struct.st_fcgi_generator_t, ptr %0, i64 0, i32 1\n  %8 = load ptr, ptr %7, align 8\n  %9 = load i32, ptr %8, align 4\n  %10 = call i64 @h2o_doublebuffer_prepare(ptr noundef nonnull %5, ptr noundef nonnull %6, i32 noundef %9) #3\n  store i64 %10, ptr %3, align 8\n  %.not = icmp ne i64 %10, 0\n  %11 = zext i1 %.not to i64\n  store i64 %11, ptr %4, align 8\n  %12 = load ptr, ptr %2, align 8\n  %13 = getelementptr inbounds %struct.st_fcgi_generator_t, ptr %12, i64 0, i32 3\n  %14 = load ptr, ptr %13, align 8\n  %15 = icmp eq ptr %14, null\n  br i1 %15, label %16, label %41\n"
    },
    {
        "unoptimized": "%33 = getelementptr inbounds [1 x %struct.TYPE_11__], ptr %3, i64 0, i64 0\n  %34 = getelementptr inbounds %struct.TYPE_11__, ptr %33, i32 0, i32 0\n  %35 = load i64, ptr %34, align 8\n  %36 = load ptr, ptr %2, align 8\n  %37 = getelementptr inbounds %struct.st_fcgi_generator_t, ptr %36, i32 0, i32 2\n  %38 = getelementptr inbounds %struct.TYPE_10__, ptr %37, i32 0, i32 1\n  %39 = getelementptr inbounds %struct.TYPE_13__, ptr %38, i32 0, i32 0\n  %40 = load ptr, ptr %39, align 8\n  %41 = getelementptr inbounds %struct.TYPE_9__, ptr %40, i32 0, i32 0\n  %42 = load i64, ptr %41, align 8\n  %43 = icmp eq i64 %35, %42\n  br i1 %43, label %44, label %68\n",
        "optimized": "%17 = load i64, ptr %3, align 8\n  %18 = load ptr, ptr %2, align 8\n  %19 = getelementptr inbounds %struct.st_fcgi_generator_t, ptr %18, i64 0, i32 2, i32 1\n  %20 = load ptr, ptr %19, align 8\n  %21 = load i64, ptr %20, align 8\n  %22 = icmp eq i64 %17, %21\n  br i1 %22, label %23, label %41\n"
    },
    {
        "unoptimized": "%45 = load ptr, ptr %2, align 8\n  %46 = getelementptr inbounds %struct.st_fcgi_generator_t, ptr %45, i32 0, i32 2\n  %47 = getelementptr inbounds %struct.TYPE_10__, ptr %46, i32 0, i32 0\n  %48 = load ptr, ptr %47, align 8\n  %49 = getelementptr inbounds %struct.TYPE_14__, ptr %48, i32 0, i32 0\n  %50 = load i64, ptr %49, align 8\n  %51 = icmp eq i64 %50, 0\n  br i1 %51, label %52, label %68\n",
        "optimized": "%24 = load ptr, ptr %2, align 8\n  %25 = getelementptr inbounds %struct.st_fcgi_generator_t, ptr %24, i64 0, i32 2\n  %26 = load ptr, ptr %25, align 8\n  %27 = load i64, ptr %26, align 8\n  %28 = icmp eq i64 %27, 0\n  br i1 %28, label %29, label %41\n"
    },
    {
        "unoptimized": "%53 = load ptr, ptr %2, align 8\n  %54 = getelementptr inbounds %struct.st_fcgi_generator_t, ptr %53, i32 0, i32 0\n  %55 = load i64, ptr %54, align 8\n  %56 = icmp eq i64 %55, 0\n  br i1 %56, label %63, label %57\n",
        "optimized": "%30 = load ptr, ptr %2, align 8\n  %31 = load i64, ptr %30, align 8\n  %32 = icmp eq i64 %31, 0\n  br i1 %32, label %38, label %33\n"
    },
    {
        "unoptimized": "%58 = load ptr, ptr %2, align 8\n  %59 = getelementptr inbounds %struct.st_fcgi_generator_t, ptr %58, i32 0, i32 0\n  %60 = load i64, ptr %59, align 8\n  %61 = load i64, ptr @SIZE_MAX, align 8\n  %62 = icmp eq i64 %60, %61\n  br i1 %62, label %63, label %65\n",
        "optimized": "%34 = load ptr, ptr %2, align 8\n  %35 = load i64, ptr %34, align 8\n  %36 = load i64, ptr @SIZE_MAX, align 8\n  %37 = icmp eq i64 %35, %36\n  br i1 %37, label %38, label %39\n"
    },
    {
        "unoptimized": "%64 = load i32, ptr @H2O_SEND_STATE_FINAL, align 4\n  store i32 %64, ptr %5, align 4\n  br label %67\n",
        "optimized": "br label %40\n"
    },
    {
        "unoptimized": "%66 = load i32, ptr @H2O_SEND_STATE_ERROR, align 4\n  store i32 %66, ptr %5, align 4\n  br label %67\n",
        "optimized": "br label %40\n"
    },
    {
        "unoptimized": "br label %74\n",
        "optimized": "%storemerge.in = phi ptr [ @H2O_SEND_STATE_ERROR, %39 ], [ @H2O_SEND_STATE_FINAL, %38 ]\n  br label %46\n"
    },
    {
        "unoptimized": "%69 = load i64, ptr %4, align 8\n  %70 = icmp eq i64 %69, 0\n  br i1 %70, label %71, label %72\n",
        "optimized": "%42 = load i64, ptr %4, align 8\n  %43 = icmp eq i64 %42, 0\n  br i1 %43, label %44, label %45\n"
    },
    {
        "unoptimized": "br label %82\n",
        "optimized": "br label %52\n"
    },
    {
        "unoptimized": "%73 = load i32, ptr @H2O_SEND_STATE_IN_PROGRESS, align 4\n  store i32 %73, ptr %5, align 4\n  br label %74\n",
        "optimized": "br label %46\n"
    },
    {
        "unoptimized": "%75 = load ptr, ptr %2, align 8\n  %76 = getelementptr inbounds %struct.st_fcgi_generator_t, ptr %75, i32 0, i32 1\n  %77 = load ptr, ptr %76, align 8\n  %78 = getelementptr inbounds [1 x %struct.TYPE_11__], ptr %3, i64 0, i64 0\n  %79 = load i64, ptr %4, align 8\n  %80 = load i32, ptr %5, align 4\n  %81 = call i32 @h2o_send(ptr noundef %77, ptr noundef %78, i64 noundef %79, i32 noundef %80)\n  br label %82\n",
        "optimized": "%storemerge1.in = phi ptr [ %storemerge.in, %40 ], [ @H2O_SEND_STATE_IN_PROGRESS, %45 ]\n  %storemerge1 = load i32, ptr %storemerge1.in, align 4\n  %47 = load ptr, ptr %2, align 8\n  %48 = getelementptr inbounds %struct.st_fcgi_generator_t, ptr %47, i64 0, i32 1\n  %49 = load ptr, ptr %48, align 8\n  %50 = load i64, ptr %4, align 8\n  %51 = call i32 @h2o_send(ptr noundef %49, ptr noundef nonnull %3, i64 noundef %50, i32 noundef %storemerge1) #3\n  br label %52\n"
    },
    {
        "unoptimized": "ret void\n}",
        "optimized": "ret void\n}"
    }
]