[
    {
        "unoptimized": "%6 = alloca i32, align 4\n  %7 = alloca ptr, align 8\n  %8 = alloca i32, align 4\n  %9 = alloca i32, align 4\n  %10 = alloca i32, align 4\n  %11 = alloca ptr, align 8\n  %12 = alloca i64, align 8\n  %13 = alloca ptr, align 8\n  %14 = alloca i32, align 4\n  store ptr %0, ptr %7, align 8\n  store i32 %1, ptr %8, align 4\n  store i32 %2, ptr %9, align 4\n  store i32 %3, ptr %10, align 4\n  store ptr %4, ptr %11, align 8\n  %15 = load i32, ptr %8, align 4\n  %16 = load i32, ptr %10, align 4\n  %17 = call ptr @kmalloc_array(i32 noundef %15, i32 noundef 8, i32 noundef %16)\n  store ptr %17, ptr %13, align 8\n  %18 = load ptr, ptr %13, align 8\n  %19 = icmp ne ptr %18, null\n  br i1 %19, label %21, label %20\n",
        "optimized": "%6 = alloca ptr, align 8\n  %7 = alloca i32, align 4\n  %8 = alloca i32, align 4\n  %9 = alloca i32, align 4\n  %10 = alloca ptr, align 8\n  %11 = alloca i64, align 8\n  %12 = alloca ptr, align 8\n  %13 = alloca i32, align 4\n  store ptr %0, ptr %6, align 8\n  store i32 %1, ptr %7, align 4\n  store i32 %2, ptr %8, align 4\n  store i32 %3, ptr %9, align 4\n  store ptr %4, ptr %10, align 8\n  %14 = call ptr @kmalloc_array(i32 noundef %1, i32 noundef 8, i32 noundef %3) #2\n  store ptr %14, ptr %12, align 8\n  %.not = icmp eq ptr %14, null\n  br i1 %.not, label %15, label %16\n"
    },
    {
        "unoptimized": "br label %135\n",
        "optimized": "br label %119\n"
    },
    {
        "unoptimized": "store i32 0, ptr %14, align 4\n  br label %22\n",
        "optimized": "br label %17\n"
    },
    {
        "unoptimized": "%23 = load i32, ptr %14, align 4\n  %24 = load i32, ptr %8, align 4\n  %25 = icmp ult i32 %23, %24\n  br i1 %25, label %26, label %45\n",
        "optimized": "%storemerge1 = phi i32 [ 0, %16 ], [ %35, %33 ]\n  store i32 %storemerge1, ptr %13, align 4\n  %18 = load i32, ptr %7, align 4\n  %19 = icmp ult i32 %storemerge1, %18\n  br i1 %19, label %20, label %36\n"
    },
    {
        "unoptimized": "%27 = load i32, ptr %9, align 4\n  %28 = load i32, ptr %10, align 4\n  %29 = call ptr @__ptr_ring_init_queue_alloc(i32 noundef %27, i32 noundef %28)\n  %30 = load ptr, ptr %13, align 8\n  %31 = load i32, ptr %14, align 4\n  %32 = sext i32 %31 to i64\n  %33 = getelementptr inbounds ptr, ptr %30, i64 %32\n  store ptr %29, ptr %33, align 8\n  %34 = load ptr, ptr %13, align 8\n  %35 = load i32, ptr %14, align 4\n  %36 = sext i32 %35 to i64\n  %37 = getelementptr inbounds ptr, ptr %34, i64 %36\n  %38 = load ptr, ptr %37, align 8\n  %39 = icmp ne ptr %38, null\n  br i1 %39, label %41, label %40\n",
        "optimized": "%21 = load i32, ptr %8, align 4\n  %22 = load i32, ptr %9, align 4\n  %23 = call ptr @__ptr_ring_init_queue_alloc(i32 noundef %21, i32 noundef %22) #2\n  %24 = load ptr, ptr %12, align 8\n  %25 = load i32, ptr %13, align 4\n  %26 = sext i32 %25 to i64\n  %27 = getelementptr inbounds ptr, ptr %24, i64 %26\n  store ptr %23, ptr %27, align 8\n  %28 = sext i32 %25 to i64\n  %29 = getelementptr inbounds ptr, ptr %24, i64 %28\n  %30 = load ptr, ptr %29, align 8\n  %.not4 = icmp eq ptr %30, null\n  br i1 %.not4, label %31, label %32\n"
    },
    {
        "unoptimized": "br label %120\n",
        "optimized": "br label %104\n"
    },
    {
        "unoptimized": "br label %42\n",
        "optimized": "br label %33\n"
    },
    {
        "unoptimized": "%43 = load i32, ptr %14, align 4\n  %44 = add nsw i32 %43, 1\n  store i32 %44, ptr %14, align 4\n  br label %22, !llvm.loop !6\n",
        "optimized": "%34 = load i32, ptr %13, align 4\n  %35 = add nsw i32 %34, 1\n  br label %17, !llvm.loop !6\n"
    },
    {
        "unoptimized": "store i32 0, ptr %14, align 4\n  br label %46\n",
        "optimized": "br label %37\n"
    },
    {
        "unoptimized": "%47 = load i32, ptr %14, align 4\n  %48 = load i32, ptr %8, align 4\n  %49 = icmp ult i32 %47, %48\n  br i1 %49, label %50, label %102\n",
        "optimized": "%storemerge2 = phi i32 [ 0, %36 ], [ %86, %84 ]\n  store i32 %storemerge2, ptr %13, align 4\n  %38 = load i32, ptr %7, align 4\n  %39 = icmp ult i32 %storemerge2, %38\n  br i1 %39, label %40, label %87\n"
    },
    {
        "unoptimized": "%51 = load ptr, ptr %7, align 8\n  %52 = load i32, ptr %14, align 4\n  %53 = sext i32 %52 to i64\n  %54 = getelementptr inbounds ptr, ptr %51, i64 %53\n  %55 = load ptr, ptr %54, align 8\n  %56 = getelementptr inbounds %struct.ptr_ring, ptr %55, i32 0, i32 0\n  %57 = load i64, ptr %12, align 8\n  %58 = call i32 @spin_lock_irqsave(ptr noundef %56, i64 noundef %57)\n  %59 = load ptr, ptr %7, align 8\n  %60 = load i32, ptr %14, align 4\n  %61 = sext i32 %60 to i64\n  %62 = getelementptr inbounds ptr, ptr %59, i64 %61\n  %63 = load ptr, ptr %62, align 8\n  %64 = getelementptr inbounds %struct.ptr_ring, ptr %63, i32 0, i32 1\n  %65 = call i32 @spin_lock(ptr noundef %64)\n  %66 = load ptr, ptr %7, align 8\n  %67 = load i32, ptr %14, align 4\n  %68 = sext i32 %67 to i64\n  %69 = getelementptr inbounds ptr, ptr %66, i64 %68\n  %70 = load ptr, ptr %69, align 8\n  %71 = load ptr, ptr %13, align 8\n  %72 = load i32, ptr %14, align 4\n  %73 = sext i32 %72 to i64\n  %74 = getelementptr inbounds ptr, ptr %71, i64 %73\n  %75 = load ptr, ptr %74, align 8\n  %76 = load i32, ptr %9, align 4\n  %77 = load i32, ptr %10, align 4\n  %78 = load ptr, ptr %11, align 8\n  %79 = call ptr @__ptr_ring_swap_queue(ptr noundef %70, ptr noundef %75, i32 noundef %76, i32 noundef %77, ptr noundef %78)\n  %80 = load ptr, ptr %13, align 8\n  %81 = load i32, ptr %14, align 4\n  %82 = sext i32 %81 to i64\n  %83 = getelementptr inbounds ptr, ptr %80, i64 %82\n  store ptr %79, ptr %83, align 8\n  %84 = load ptr, ptr %7, align 8\n  %85 = load i32, ptr %14, align 4\n  %86 = sext i32 %85 to i64\n  %87 = getelementptr inbounds ptr, ptr %84, i64 %86\n  %88 = load ptr, ptr %87, align 8\n  %89 = getelementptr inbounds %struct.ptr_ring, ptr %88, i32 0, i32 1\n  %90 = call i32 @spin_unlock(ptr noundef %89)\n  %91 = load ptr, ptr %7, align 8\n  %92 = load i32, ptr %14, align 4\n  %93 = sext i32 %92 to i64\n  %94 = getelementptr inbounds ptr, ptr %91, i64 %93\n  %95 = load ptr, ptr %94, align 8\n  %96 = getelementptr inbounds %struct.ptr_ring, ptr %95, i32 0, i32 0\n  %97 = load i64, ptr %12, align 8\n  %98 = call i32 @spin_unlock_irqrestore(ptr noundef %96, i64 noundef %97)\n  br label %99\n",
        "optimized": "%41 = load ptr, ptr %6, align 8\n  %42 = load i32, ptr %13, align 4\n  %43 = sext i32 %42 to i64\n  %44 = getelementptr inbounds ptr, ptr %41, i64 %43\n  %45 = load ptr, ptr %44, align 8\n  %46 = load i64, ptr %11, align 8\n  %47 = call i32 @spin_lock_irqsave(ptr noundef %45, i64 noundef %46) #2\n  %48 = load ptr, ptr %6, align 8\n  %49 = load i32, ptr %13, align 4\n  %50 = sext i32 %49 to i64\n  %51 = getelementptr inbounds ptr, ptr %48, i64 %50\n  %52 = load ptr, ptr %51, align 8\n  %53 = getelementptr inbounds %struct.ptr_ring, ptr %52, i64 0, i32 1\n  %54 = call i32 @spin_lock(ptr noundef nonnull %53) #2\n  %55 = load ptr, ptr %6, align 8\n  %56 = load i32, ptr %13, align 4\n  %57 = sext i32 %56 to i64\n  %58 = getelementptr inbounds ptr, ptr %55, i64 %57\n  %59 = load ptr, ptr %58, align 8\n  %60 = load ptr, ptr %12, align 8\n  %61 = sext i32 %56 to i64\n  %62 = getelementptr inbounds ptr, ptr %60, i64 %61\n  %63 = load ptr, ptr %62, align 8\n  %64 = load i32, ptr %8, align 4\n  %65 = load i32, ptr %9, align 4\n  %66 = load ptr, ptr %10, align 8\n  %67 = call ptr @__ptr_ring_swap_queue(ptr noundef %59, ptr noundef %63, i32 noundef %64, i32 noundef %65, ptr noundef %66) #2\n  %68 = load ptr, ptr %12, align 8\n  %69 = load i32, ptr %13, align 4\n  %70 = sext i32 %69 to i64\n  %71 = getelementptr inbounds ptr, ptr %68, i64 %70\n  store ptr %67, ptr %71, align 8\n  %72 = load ptr, ptr %6, align 8\n  %73 = sext i32 %69 to i64\n  %74 = getelementptr inbounds ptr, ptr %72, i64 %73\n  %75 = load ptr, ptr %74, align 8\n  %76 = getelementptr inbounds %struct.ptr_ring, ptr %75, i64 0, i32 1\n  %77 = call i32 @spin_unlock(ptr noundef nonnull %76) #2\n  %78 = load i32, ptr %13, align 4\n  %79 = sext i32 %78 to i64\n  %80 = getelementptr inbounds ptr, ptr %72, i64 %79\n  %81 = load ptr, ptr %80, align 8\n  %82 = load i64, ptr %11, align 8\n  %83 = call i32 @spin_unlock_irqrestore(ptr noundef %81, i64 noundef %82) #2\n  br label %84\n"
    },
    {
        "unoptimized": "%100 = load i32, ptr %14, align 4\n  %101 = add nsw i32 %100, 1\n  store i32 %101, ptr %14, align 4\n  br label %46, !llvm.loop !8\n",
        "optimized": "%85 = load i32, ptr %13, align 4\n  %86 = add nsw i32 %85, 1\n  br label %37, !llvm.loop !8\n"
    },
    {
        "unoptimized": "store i32 0, ptr %14, align 4\n  br label %103\n",
        "optimized": "br label %88\n"
    },
    {
        "unoptimized": "%104 = load i32, ptr %14, align 4\n  %105 = load i32, ptr %8, align 4\n  %106 = icmp ult i32 %104, %105\n  br i1 %106, label %107, label %117\n",
        "optimized": "%storemerge3 = phi i32 [ 0, %87 ], [ %100, %98 ]\n  store i32 %storemerge3, ptr %13, align 4\n  %89 = load i32, ptr %7, align 4\n  %90 = icmp ult i32 %storemerge3, %89\n  br i1 %90, label %91, label %101\n"
    },
    {
        "unoptimized": "%108 = load ptr, ptr %13, align 8\n  %109 = load i32, ptr %14, align 4\n  %110 = sext i32 %109 to i64\n  %111 = getelementptr inbounds ptr, ptr %108, i64 %110\n  %112 = load ptr, ptr %111, align 8\n  %113 = call i32 @kvfree(ptr noundef %112)\n  br label %114\n",
        "optimized": "%92 = load ptr, ptr %12, align 8\n  %93 = load i32, ptr %13, align 4\n  %94 = sext i32 %93 to i64\n  %95 = getelementptr inbounds ptr, ptr %92, i64 %94\n  %96 = load ptr, ptr %95, align 8\n  %97 = call i32 @kvfree(ptr noundef %96) #2\n  br label %98\n"
    },
    {
        "unoptimized": "%115 = load i32, ptr %14, align 4\n  %116 = add nsw i32 %115, 1\n  store i32 %116, ptr %14, align 4\n  br label %103, !llvm.loop !9\n",
        "optimized": "%99 = load i32, ptr %13, align 4\n  %100 = add nsw i32 %99, 1\n  br label %88, !llvm.loop !9\n"
    },
    {
        "unoptimized": "%118 = load ptr, ptr %13, align 8\n  %119 = call i32 @kfree(ptr noundef %118)\n  store i32 0, ptr %6, align 4\n  br label %138\n",
        "optimized": "%102 = load ptr, ptr %12, align 8\n  %103 = call i32 @kfree(ptr noundef %102) #2\n  br label %122\n"
    },
    {
        "unoptimized": "br label %121\n",
        "optimized": "br label %105\n"
    },
    {
        "unoptimized": "%122 = load i32, ptr %14, align 4\n  %123 = add nsw i32 %122, -1\n  store i32 %123, ptr %14, align 4\n  %124 = icmp sge i32 %123, 0\n  br i1 %124, label %125, label %132\n",
        "optimized": "%106 = load i32, ptr %13, align 4\n  %107 = add nsw i32 %106, -1\n  store i32 %107, ptr %13, align 4\n  %108 = icmp sgt i32 %106, 0\n  br i1 %108, label %109, label %116\n"
    },
    {
        "unoptimized": "%126 = load ptr, ptr %13, align 8\n  %127 = load i32, ptr %14, align 4\n  %128 = sext i32 %127 to i64\n  %129 = getelementptr inbounds ptr, ptr %126, i64 %128\n  %130 = load ptr, ptr %129, align 8\n  %131 = call i32 @kvfree(ptr noundef %130)\n  br label %121, !llvm.loop !10\n",
        "optimized": "%110 = load ptr, ptr %12, align 8\n  %111 = load i32, ptr %13, align 4\n  %112 = sext i32 %111 to i64\n  %113 = getelementptr inbounds ptr, ptr %110, i64 %112\n  %114 = load ptr, ptr %113, align 8\n  %115 = call i32 @kvfree(ptr noundef %114) #2\n  br label %105, !llvm.loop !10\n"
    },
    {
        "unoptimized": "%133 = load ptr, ptr %13, align 8\n  %134 = call i32 @kfree(ptr noundef %133)\n  br label %135\n",
        "optimized": "%117 = load ptr, ptr %12, align 8\n  %118 = call i32 @kfree(ptr noundef %117) #2\n  br label %119\n"
    },
    {
        "unoptimized": "%136 = load i32, ptr @ENOMEM, align 4\n  %137 = sub nsw i32 0, %136\n  store i32 %137, ptr %6, align 4\n  br label %138\n",
        "optimized": "%120 = load i32, ptr @ENOMEM, align 4\n  %121 = sub nsw i32 0, %120\n  br label %122\n"
    },
    {
        "unoptimized": "%139 = load i32, ptr %6, align 4\n  ret i32 %139\n}",
        "optimized": "%storemerge = phi i32 [ %121, %119 ], [ 0, %101 ]\n  ret i32 %storemerge\n}"
    }
]