[
    {
        "unoptimized": "%3 = alloca ptr, align 8\n  %4 = alloca ptr, align 8\n  %5 = alloca ptr, align 8\n  store ptr %0, ptr %3, align 8\n  store ptr %1, ptr %4, align 8\n  %6 = load ptr, ptr %3, align 8\n  %7 = getelementptr inbounds %struct.TYPE_6__, ptr %6, i32 0, i32 1\n  %8 = load ptr, ptr %7, align 8\n  %9 = icmp ne ptr %8, null\n  br i1 %9, label %10, label %15\n",
        "optimized": "%3 = alloca ptr, align 8\n  %4 = alloca ptr, align 8\n  store ptr %0, ptr %3, align 8\n  store ptr %1, ptr %4, align 8\n  %5 = getelementptr inbounds %struct.TYPE_6__, ptr %0, i64 0, i32 1\n  %6 = load ptr, ptr %5, align 8\n  %.not = icmp eq ptr %6, null\n  br i1 %.not, label %12, label %7\n"
    },
    {
        "unoptimized": "%11 = load ptr, ptr %3, align 8\n  %12 = getelementptr inbounds %struct.TYPE_6__, ptr %11, i32 0, i32 1\n  %13 = load ptr, ptr %12, align 8\n  %14 = call i32 @clear_output_buffer(ptr noundef %13)\n  br label %15\n",
        "optimized": "%8 = load ptr, ptr %3, align 8\n  %9 = getelementptr inbounds %struct.TYPE_6__, ptr %8, i64 0, i32 1\n  %10 = load ptr, ptr %9, align 8\n  %11 = call i32 @clear_output_buffer(ptr noundef %10) #2\n  br label %12\n"
    },
    {
        "unoptimized": "%16 = load ptr, ptr %3, align 8\n  %17 = getelementptr inbounds %struct.TYPE_6__, ptr %16, i32 0, i32 0\n  %18 = getelementptr inbounds %struct.TYPE_5__, ptr %17, i32 0, i32 0\n  %19 = load ptr, ptr %18, align 8\n  store ptr %19, ptr %5, align 8\n  %20 = load ptr, ptr %3, align 8\n  %21 = getelementptr inbounds %struct.TYPE_6__, ptr %20, i32 0, i32 0\n  %22 = getelementptr inbounds %struct.TYPE_5__, ptr %21, i32 0, i32 0\n  store ptr null, ptr %22, align 8\n  %23 = load ptr, ptr %5, align 8\n  %24 = load ptr, ptr %3, align 8\n  %25 = load ptr, ptr %4, align 8\n  %26 = call i32 %23(ptr noundef %24, ptr noundef %25)\n  ret void\n}",
        "optimized": "%13 = load ptr, ptr %3, align 8\n  %14 = load ptr, ptr %13, align 8\n  store ptr null, ptr %13, align 8\n  %15 = load ptr, ptr %4, align 8\n  %16 = call i32 %14(ptr noundef nonnull %13, ptr noundef %15) #2\n  ret void\n}"
    }
]