[
    {
        "unoptimized": "%4 = alloca ptr, align 8\n  %5 = alloca ptr, align 8\n  %6 = alloca ptr, align 8\n  %7 = alloca ptr, align 8\n  %8 = alloca %struct.TYPE_10__, align 8\n  %9 = alloca %struct.TYPE_10__, align 8\n  %10 = alloca %struct.TYPE_10__, align 8\n  store ptr %0, ptr %4, align 8\n  store ptr %1, ptr %5, align 8\n  store ptr %2, ptr %6, align 8\n  %11 = load ptr, ptr %5, align 8\n  store ptr %11, ptr %7, align 8\n  %12 = load ptr, ptr %7, align 8\n  %13 = getelementptr inbounds %struct.st_h2o_redis_resumption_accept_data_t, ptr %12, i32 0, i32 1\n  store ptr null, ptr %13, align 8\n  %14 = load ptr, ptr %4, align 8\n  %15 = icmp ne ptr %14, null\n  br i1 %15, label %16, label %31\n",
        "optimized": "%4 = alloca ptr, align 8\n  %5 = alloca ptr, align 8\n  %6 = alloca %struct.TYPE_10__, align 8\n  store ptr %0, ptr %4, align 8\n  store ptr %1, ptr %5, align 8\n  %7 = getelementptr inbounds %struct.st_h2o_redis_resumption_accept_data_t, ptr %1, i64 0, i32 1\n  store ptr null, ptr %7, align 8\n  %.not = icmp eq ptr %0, null\n  br i1 %.not, label %20, label %8\n"
    },
    {
        "unoptimized": "%17 = load ptr, ptr %4, align 8\n  %18 = getelementptr inbounds %struct.TYPE_9__, ptr %17, i32 0, i32 0\n  %19 = load i64, ptr %18, align 8\n  %20 = load i64, ptr @REDIS_REPLY_STRING, align 8\n  %21 = icmp eq i64 %19, %20\n  br i1 %21, label %22, label %31\n",
        "optimized": "%9 = load ptr, ptr %4, align 8\n  %10 = load i64, ptr %9, align 8\n  %11 = load i64, ptr @REDIS_REPLY_STRING, align 8\n  %12 = icmp eq i64 %10, %11\n  br i1 %12, label %13, label %20\n"
    },
    {
        "unoptimized": "%23 = load ptr, ptr %4, align 8\n  %24 = getelementptr inbounds %struct.TYPE_9__, ptr %23, i32 0, i32 2\n  %25 = load i32, ptr %24, align 4\n  %26 = load ptr, ptr %4, align 8\n  %27 = getelementptr inbounds %struct.TYPE_9__, ptr %26, i32 0, i32 1\n  %28 = load i32, ptr %27, align 8\n  %29 = call ptr @h2o_decode_base64url(ptr noundef null, i32 noundef %25, i32 noundef %28)\n  %30 = getelementptr inbounds %struct.TYPE_10__, ptr %9, i32 0, i32 0\n  store ptr %29, ptr %30, align 8\n  call void @llvm.memcpy.p0.p0.i64(ptr align 8 %8, ptr align 8 %9, i64 8, i1 false)\n  br label %34\n",
        "optimized": "%14 = load ptr, ptr %4, align 8\n  %15 = getelementptr inbounds %struct.TYPE_9__, ptr %14, i64 0, i32 2\n  %16 = load i32, ptr %15, align 4\n  %17 = getelementptr inbounds %struct.TYPE_9__, ptr %14, i64 0, i32 1\n  %18 = load i32, ptr %17, align 8\n  %19 = call ptr @h2o_decode_base64url(ptr noundef null, i32 noundef %16, i32 noundef %18) #3\n  br label %22\n"
    },
    {
        "unoptimized": "%32 = call ptr @h2o_iovec_init(ptr noundef null, i32 noundef 0)\n  %33 = getelementptr inbounds %struct.TYPE_10__, ptr %10, i32 0, i32 0\n  store ptr %32, ptr %33, align 8\n  call void @llvm.memcpy.p0.p0.i64(ptr align 8 %8, ptr align 8 %10, i64 8, i1 false)\n  br label %34\n",
        "optimized": "%21 = call ptr @h2o_iovec_init(ptr noundef null, i32 noundef 0) #3\n  br label %22\n"
    },
    {
        "unoptimized": "%35 = load ptr, ptr %7, align 8\n  %36 = getelementptr inbounds %struct.st_h2o_redis_resumption_accept_data_t, ptr %35, i32 0, i32 0\n  %37 = getelementptr inbounds %struct.TYPE_8__, ptr %36, i32 0, i32 0\n  %38 = load i32, ptr %37, align 8\n  %39 = getelementptr inbounds %struct.TYPE_10__, ptr %8, i32 0, i32 0\n  %40 = load ptr, ptr %39, align 8\n  %41 = call i32 @h2o_socket_ssl_resume_server_handshake(i32 noundef %38, ptr %40)\n  %42 = getelementptr inbounds %struct.TYPE_10__, ptr %8, i32 0, i32 0\n  %43 = load ptr, ptr %42, align 8\n  %44 = icmp ne ptr %43, null\n  br i1 %44, label %45, label %49\n",
        "optimized": "%storemerge.in = phi ptr [ %19, %13 ], [ %21, %20 ]\n  %storemerge = ptrtoint ptr %storemerge.in to i64\n  store i64 %storemerge, ptr %6, align 8\n  %23 = load ptr, ptr %5, align 8\n  %24 = load i32, ptr %23, align 8\n  %25 = call i32 @h2o_socket_ssl_resume_server_handshake(i32 noundef %24, ptr %storemerge.in) #3\n  %.not1 = icmp eq ptr %storemerge.in, null\n  br i1 %.not1, label %29, label %26\n"
    },
    {
        "unoptimized": "%46 = getelementptr inbounds %struct.TYPE_10__, ptr %8, i32 0, i32 0\n  %47 = load ptr, ptr %46, align 8\n  %48 = call i32 @free(ptr noundef %47)\n  br label %49\n",
        "optimized": "%27 = load ptr, ptr %6, align 8\n  %28 = call i32 @free(ptr noundef %27) #3\n  br label %29\n"
    },
    {
        "unoptimized": "ret void\n}",
        "optimized": "ret void\n}"
    }
]