[
    {
        "unoptimized": "%6 = alloca i32, align 4\n  %7 = alloca ptr, align 8\n  %8 = alloca ptr, align 8\n  %9 = alloca ptr, align 8\n  %10 = alloca ptr, align 8\n  %11 = alloca i32, align 4\n  store ptr %0, ptr %7, align 8\n  store ptr %1, ptr %8, align 8\n  store ptr %2, ptr %9, align 8\n  store ptr %3, ptr %10, align 8\n  store i32 %4, ptr %11, align 4\n  %12 = load ptr, ptr %7, align 8\n  %13 = call i32 @LZ4_resetStream(ptr noundef %12)\n  %14 = load i32, ptr %11, align 4\n  %15 = load ptr, ptr %10, align 8\n  %16 = load i32, ptr %15, align 4\n  %17 = call i32 @LZ4_compressBound(i32 noundef %16)\n  %18 = icmp sge i32 %14, %17\n  br i1 %18, label %19, label %27\n",
        "optimized": "%6 = alloca i32, align 4\n  %7 = alloca ptr, align 8\n  %8 = alloca ptr, align 8\n  %9 = alloca ptr, align 8\n  %10 = alloca ptr, align 8\n  %11 = alloca i32, align 4\n  store ptr %0, ptr %7, align 8\n  store ptr %1, ptr %8, align 8\n  store ptr %2, ptr %9, align 8\n  store ptr %3, ptr %10, align 8\n  store i32 %4, ptr %11, align 4\n  %12 = call i32 @LZ4_resetStream(ptr noundef %0) #2\n  %13 = load i32, ptr %3, align 4\n  %14 = call i32 @LZ4_compressBound(i32 noundef %13) #2\n  %.not = icmp sgt i32 %14, %4\n  br i1 %.not, label %23, label %15\n"
    },
    {
        "unoptimized": "%20 = load ptr, ptr %7, align 8\n  %21 = load ptr, ptr %8, align 8\n  %22 = load ptr, ptr %9, align 8\n  %23 = load ptr, ptr %10, align 8\n  %24 = load i32, ptr %23, align 4\n  %25 = load i32, ptr %11, align 4\n  %26 = call i32 @LZ4_compress_fast_extState(ptr noundef %20, ptr noundef %21, ptr noundef %22, i32 noundef %24, i32 noundef %25, i32 noundef 1)\n  store i32 %26, ptr %6, align 4\n  br label %50\n",
        "optimized": "%16 = load ptr, ptr %7, align 8\n  %17 = load ptr, ptr %8, align 8\n  %18 = load ptr, ptr %9, align 8\n  %19 = load ptr, ptr %10, align 8\n  %20 = load i32, ptr %19, align 4\n  %21 = load i32, ptr %11, align 4\n  %22 = call i32 @LZ4_compress_fast_extState(ptr noundef %16, ptr noundef %17, ptr noundef %18, i32 noundef %20, i32 noundef %21, i32 noundef 1) #2\n  store i32 %22, ptr %6, align 4\n  br label %44\n"
    },
    {
        "unoptimized": "%28 = load ptr, ptr %10, align 8\n  %29 = load i32, ptr %28, align 4\n  %30 = load i32, ptr @LZ4_64Klimit, align 4\n  %31 = icmp slt i32 %29, %30\n  br i1 %31, label %32, label %41\n",
        "optimized": "%24 = load ptr, ptr %10, align 8\n  %25 = load i32, ptr %24, align 4\n  %26 = load i32, ptr @LZ4_64Klimit, align 4\n  %27 = icmp slt i32 %25, %26\n  br i1 %27, label %28, label %36\n"
    },
    {
        "unoptimized": "%33 = load ptr, ptr %7, align 8\n  %34 = getelementptr inbounds %struct.TYPE_5__, ptr %33, i32 0, i32 0\n  %35 = load ptr, ptr %8, align 8\n  %36 = load ptr, ptr %9, align 8\n  %37 = load ptr, ptr %10, align 8\n  %38 = load i32, ptr %11, align 4\n  %39 = load i32, ptr @byut16, align 4\n  %40 = call i32 @LZ4_compress_destSize_generic(ptr noundef %34, ptr noundef %35, ptr noundef %36, ptr noundef %37, i32 noundef %38, i32 noundef %39)\n  store i32 %40, ptr %6, align 4\n  br label %50\n",
        "optimized": "%29 = load ptr, ptr %7, align 8\n  %30 = load ptr, ptr %8, align 8\n  %31 = load ptr, ptr %9, align 8\n  %32 = load ptr, ptr %10, align 8\n  %33 = load i32, ptr %11, align 4\n  %34 = load i32, ptr @byut16, align 4\n  %35 = call i32 @LZ4_compress_destSize_generic(ptr noundef %29, ptr noundef %30, ptr noundef %31, ptr noundef %32, i32 noundef %33, i32 noundef %34) #2\n  store i32 %35, ptr %6, align 4\n  br label %44\n"
    },
    {
        "unoptimized": "%42 = load ptr, ptr %7, align 8\n  %43 = getelementptr inbounds %struct.TYPE_5__, ptr %42, i32 0, i32 0\n  %44 = load ptr, ptr %8, align 8\n  %45 = load ptr, ptr %9, align 8\n  %46 = load ptr, ptr %10, align 8\n  %47 = load i32, ptr %11, align 4\n  %48 = load i32, ptr @byut32, align 4\n  %49 = call i32 @LZ4_compress_destSize_generic(ptr noundef %43, ptr noundef %44, ptr noundef %45, ptr noundef %46, i32 noundef %47, i32 noundef %48)\n  store i32 %49, ptr %6, align 4\n  br label %50\n",
        "optimized": "%37 = load ptr, ptr %7, align 8\n  %38 = load ptr, ptr %8, align 8\n  %39 = load ptr, ptr %9, align 8\n  %40 = load ptr, ptr %10, align 8\n  %41 = load i32, ptr %11, align 4\n  %42 = load i32, ptr @byut32, align 4\n  %43 = call i32 @LZ4_compress_destSize_generic(ptr noundef %37, ptr noundef %38, ptr noundef %39, ptr noundef %40, i32 noundef %41, i32 noundef %42) #2\n  store i32 %43, ptr %6, align 4\n  br label %44\n"
    },
    {
        "unoptimized": "%51 = load i32, ptr %6, align 4\n  ret i32 %51\n}",
        "optimized": "%45 = load i32, ptr %6, align 4\n  ret i32 %45\n}"
    }
]