[
    {
        "unoptimized": "%2 = alloca ptr, align 8\n  %3 = alloca ptr, align 8\n  %4 = alloca i32, align 4\n  store ptr %0, ptr %2, align 8\n  %5 = load ptr, ptr %2, align 8\n  store ptr %5, ptr %3, align 8\n  store i32 -2128831035, ptr %4, align 4\n  br label %6\n",
        "optimized": "%2 = alloca ptr, align 8\n  %3 = alloca i32, align 4\n  store ptr %0, ptr %2, align 8\n  br label %4\n"
    },
    {
        "unoptimized": "%7 = load ptr, ptr %3, align 8\n  %8 = load i8, ptr %7, align 1\n  %9 = icmp ne i8 %8, 0\n  br i1 %9, label %10, label %19\n",
        "optimized": "%storemerge = phi i32 [ -2128831035, %1 ], [ %14, %7 ]\n  store i32 %storemerge, ptr %3, align 4\n  %5 = load ptr, ptr %2, align 8\n  %6 = load i8, ptr %5, align 1\n  %.not = icmp eq i8 %6, 0\n  br i1 %.not, label %15, label %7\n"
    },
    {
        "unoptimized": "%11 = load i32, ptr %4, align 4\n  %12 = mul nsw i32 %11, 16777619\n  store i32 %12, ptr %4, align 4\n  %13 = load ptr, ptr %3, align 8\n  %14 = getelementptr inbounds i8, ptr %13, i32 1\n  store ptr %14, ptr %3, align 8\n  %15 = load i8, ptr %13, align 1\n  %16 = zext i8 %15 to i32\n  %17 = load i32, ptr %4, align 4\n  %18 = xor i32 %17, %16\n  store i32 %18, ptr %4, align 4\n  br label %6, !llvm.loop !6\n",
        "optimized": "%8 = load i32, ptr %3, align 4\n  %9 = mul nsw i32 %8, 16777619\n  store i32 %9, ptr %3, align 4\n  %10 = load ptr, ptr %2, align 8\n  %11 = getelementptr inbounds i8, ptr %10, i64 1\n  store ptr %11, ptr %2, align 8\n  %12 = load i8, ptr %10, align 1\n  %13 = zext i8 %12 to i32\n  %14 = xor i32 %9, %13\n  br label %4, !llvm.loop !6\n"
    },
    {
        "unoptimized": "%20 = load i32, ptr %4, align 4\n  ret i32 %20\n}",
        "optimized": "%16 = load i32, ptr %3, align 4\n  ret i32 %16\n}"
    }
]