[
    {
        "unoptimized": "%4 = alloca ptr, align 8\n  %5 = alloca ptr, align 8\n  %6 = alloca ptr, align 8\n  %7 = alloca ptr, align 8\n  store ptr %0, ptr %4, align 8\n  store ptr %1, ptr %5, align 8\n  store ptr %2, ptr %6, align 8\n  %8 = load ptr, ptr %4, align 8\n  %9 = load ptr, ptr %5, align 8\n  %10 = load ptr, ptr %5, align 8\n  %11 = call i32 @strlen(ptr noundef %10)\n  %12 = call i32 @h2o_iovec_init(ptr noundef %9, i32 noundef %11)\n  %13 = call ptr @h2o_mimemap_get_type_by_mimetype(ptr noundef %8, i32 noundef %12, i32 noundef 1)\n  store ptr %13, ptr %7, align 8\n  %14 = icmp ne ptr %13, null\n  br i1 %14, label %15, label %28\n",
        "optimized": "%4 = alloca ptr, align 8\n  %5 = alloca ptr, align 8\n  %6 = alloca ptr, align 8\n  %7 = alloca ptr, align 8\n  store ptr %0, ptr %4, align 8\n  store ptr %1, ptr %5, align 8\n  store ptr %2, ptr %6, align 8\n  %8 = call i32 @strlen(ptr noundef %1) #2\n  %9 = call i32 @h2o_iovec_init(ptr noundef %1, i32 noundef %8) #2\n  %10 = call ptr @h2o_mimemap_get_type_by_mimetype(ptr noundef %0, i32 noundef %9, i32 noundef 1) #2\n  store ptr %10, ptr %7, align 8\n  %.not = icmp eq ptr %10, null\n  br i1 %.not, label %22, label %11\n"
    },
    {
        "unoptimized": "%16 = load ptr, ptr %6, align 8\n  %17 = icmp eq ptr %16, null\n  br i1 %17, label %25, label %18\n",
        "optimized": "%12 = load ptr, ptr %6, align 8\n  %13 = icmp eq ptr %12, null\n  br i1 %13, label %19, label %14\n"
    },
    {
        "unoptimized": "%19 = load ptr, ptr %7, align 8\n  %20 = getelementptr inbounds %struct.TYPE_9__, ptr %19, i32 0, i32 0\n  %21 = getelementptr inbounds %struct.TYPE_8__, ptr %20, i32 0, i32 0\n  %22 = load ptr, ptr %6, align 8\n  %23 = call i64 @memcmp(ptr noundef %21, ptr noundef %22, i32 noundef 4)\n  %24 = icmp eq i64 %23, 0\n  br i1 %24, label %25, label %28\n",
        "optimized": "%15 = load ptr, ptr %7, align 8\n  %16 = load ptr, ptr %6, align 8\n  %17 = call i64 @memcmp(ptr noundef %15, ptr noundef %16, i32 noundef 4) #2\n  %18 = icmp eq i64 %17, 0\n  br i1 %18, label %19, label %22\n"
    },
    {
        "unoptimized": "%26 = load ptr, ptr %7, align 8\n  %27 = call i32 @h2o_mem_addref_shared(ptr noundef %26)\n  br label %32\n",
        "optimized": "%20 = load ptr, ptr %7, align 8\n  %21 = call i32 @h2o_mem_addref_shared(ptr noundef %20) #2\n  br label %26\n"
    },
    {
        "unoptimized": "%29 = load ptr, ptr %5, align 8\n  %30 = load ptr, ptr %6, align 8\n  %31 = call ptr @create_extension_type(ptr noundef %29, ptr noundef %30)\n  store ptr %31, ptr %7, align 8\n  br label %32\n",
        "optimized": "%23 = load ptr, ptr %5, align 8\n  %24 = load ptr, ptr %6, align 8\n  %25 = call ptr @create_extension_type(ptr noundef %23, ptr noundef %24) #2\n  store ptr %25, ptr %7, align 8\n  br label %26\n"
    },
    {
        "unoptimized": "%33 = load ptr, ptr %4, align 8\n  %34 = load ptr, ptr %7, align 8\n  %35 = call i32 @set_default_type(ptr noundef %33, ptr noundef %34)\n  %36 = load ptr, ptr %7, align 8\n  %37 = call i32 @h2o_mem_release_shared(ptr noundef %36)\n  ret void\n}",
        "optimized": "%27 = load ptr, ptr %4, align 8\n  %28 = load ptr, ptr %7, align 8\n  %29 = call i32 @set_default_type(ptr noundef %27, ptr noundef %28) #2\n  %30 = call i32 @h2o_mem_release_shared(ptr noundef %28) #2\n  ret void\n}"
    }
]