[
    {
        "unoptimized": "%2 = alloca ptr, align 8\n  %3 = alloca ptr, align 8\n  %4 = alloca i32, align 4\n  store ptr %0, ptr %3, align 8\n  %5 = load ptr, ptr %3, align 8\n  %6 = getelementptr inbounds %struct.held_lock, ptr %5, i32 0, i32 0\n  %7 = load i32, ptr %6, align 4\n  store i32 %7, ptr %4, align 4\n  %8 = call i32 (...) @barrier()\n  %9 = load i32, ptr %4, align 4\n  %10 = load i32, ptr @lock_classes_in_use, align 4\n  %11 = call i32 @test_bit(i32 noundef %9, i32 noundef %10)\n  %12 = icmp ne i32 %11, 0\n  br i1 %12, label %15, label %13\n",
        "optimized": "%2 = alloca i32, align 4\n  %3 = load i32, ptr %0, align 4\n  store i32 %3, ptr %2, align 4\n  %4 = call i32 (...) @barrier() #2\n  %5 = load i32, ptr @lock_classes_in_use, align 4\n  %6 = call i32 @test_bit(i32 noundef %3, i32 noundef %5) #2\n  %.not = icmp eq i32 %6, 0\n  br i1 %.not, label %7, label %9\n"
    },
    {
        "unoptimized": "%14 = call i32 @DEBUG_LOCKS_WARN_ON(i32 noundef 1)\n  store ptr null, ptr %2, align 8\n  br label %20\n",
        "optimized": "%8 = call i32 @DEBUG_LOCKS_WARN_ON(i32 noundef 1) #2\n  br label %14\n"
    },
    {
        "unoptimized": "%16 = load ptr, ptr @lock_classes, align 8\n  %17 = load i32, ptr %4, align 4\n  %18 = zext i32 %17 to i64\n  %19 = getelementptr inbounds %struct.lock_class, ptr %16, i64 %18\n  store ptr %19, ptr %2, align 8\n  br label %20\n",
        "optimized": "%10 = load ptr, ptr @lock_classes, align 8\n  %11 = load i32, ptr %2, align 4\n  %12 = zext i32 %11 to i64\n  %13 = getelementptr inbounds %struct.lock_class, ptr %10, i64 %12\n  br label %14\n"
    },
    {
        "unoptimized": "%21 = load ptr, ptr %2, align 8\n  ret ptr %21\n}",
        "optimized": "%storemerge = phi ptr [ null, %7 ], [ %13, %9 ]\n  ret ptr %storemerge\n}"
    }
]