[
    {
        "unoptimized": "%2 = alloca i32, align 4\n  store i32 %0, ptr %2, align 4\n  %3 = load i32, ptr %2, align 4\n  %4 = icmp sle i32 48, %3\n  br i1 %4, label %5, label %8\n",
        "optimized": "%2 = alloca i32, align 4\n  store i32 %0, ptr %2, align 4\n  %3 = icmp sgt i32 %0, 47\n  br i1 %3, label %4, label %8\n"
    },
    {
        "unoptimized": "%6 = load i32, ptr %2, align 4\n  %7 = icmp sle i32 %6, 57\n  br label %8\n",
        "optimized": "%5 = load i32, ptr %2, align 4\n  %6 = icmp slt i32 %5, 58\n  %7 = zext i1 %6 to i32\n  br label %8\n"
    },
    {
        "unoptimized": "%9 = phi i1 [ false, %1 ], [ %7, %5 ]\n  %10 = zext i1 %9 to i32\n  ret i32 %10\n}",
        "optimized": "%9 = phi i32 [ 0, %1 ], [ %7, %4 ]\n  ret i32 %9\n}"
    }
]