[
    {
        "unoptimized": "%7 = alloca i64, align 8\n  %8 = alloca ptr, align 8\n  %9 = alloca i64, align 8\n  %10 = alloca ptr, align 8\n  %11 = alloca i32, align 4\n  %12 = alloca i32, align 4\n  %13 = alloca i64, align 8\n  %14 = alloca i64, align 8\n  %15 = alloca i64, align 8\n  %16 = alloca i64, align 8\n  store ptr %0, ptr %8, align 8\n  store i64 %1, ptr %9, align 8\n  store ptr %2, ptr %10, align 8\n  store i32 %3, ptr %11, align 4\n  store i32 %4, ptr %12, align 4\n  store i64 %5, ptr %13, align 8\n  %17 = load ptr, ptr %10, align 8\n  %18 = getelementptr inbounds %struct.elf_phdr, ptr %17, i32 0, i32 0\n  %19 = load i64, ptr %18, align 8\n  %20 = load ptr, ptr %10, align 8\n  %21 = getelementptr inbounds %struct.elf_phdr, ptr %20, i32 0, i32 2\n  %22 = load i32, ptr %21, align 8\n  %23 = call i64 @ELF_PAGEOFFSET(i32 noundef %22)\n  %24 = add i64 %19, %23\n  store i64 %24, ptr %15, align 8\n  %25 = load ptr, ptr %10, align 8\n  %26 = getelementptr inbounds %struct.elf_phdr, ptr %25, i32 0, i32 1\n  %27 = load i64, ptr %26, align 8\n  %28 = load ptr, ptr %10, align 8\n  %29 = getelementptr inbounds %struct.elf_phdr, ptr %28, i32 0, i32 2\n  %30 = load i32, ptr %29, align 8\n  %31 = call i64 @ELF_PAGEOFFSET(i32 noundef %30)\n  %32 = sub i64 %27, %31\n  store i64 %32, ptr %16, align 8\n  %33 = load i64, ptr %9, align 8\n  %34 = call i64 @ELF_PAGESTART(i64 noundef %33)\n  store i64 %34, ptr %9, align 8\n  %35 = load i64, ptr %15, align 8\n  %36 = call i64 @ELF_PAGEALIGN(i64 noundef %35)\n  store i64 %36, ptr %15, align 8\n  %37 = load i64, ptr %15, align 8\n  %38 = icmp ne i64 %37, 0\n  br i1 %38, label %41, label %39\n",
        "optimized": "%7 = alloca ptr, align 8\n  %8 = alloca i64, align 8\n  %9 = alloca ptr, align 8\n  %10 = alloca i32, align 4\n  %11 = alloca i32, align 4\n  %12 = alloca i64, align 8\n  %13 = alloca i64, align 8\n  %14 = alloca i64, align 8\n  %15 = alloca i64, align 8\n  store ptr %0, ptr %7, align 8\n  store i64 %1, ptr %8, align 8\n  store ptr %2, ptr %9, align 8\n  store i32 %3, ptr %10, align 4\n  store i32 %4, ptr %11, align 4\n  store i64 %5, ptr %12, align 8\n  %16 = load i64, ptr %2, align 8\n  %17 = getelementptr inbounds %struct.elf_phdr, ptr %2, i64 0, i32 2\n  %18 = load i32, ptr %17, align 8\n  %19 = call i64 @ELF_PAGEOFFSET(i32 noundef %18) #2\n  %20 = add i64 %16, %19\n  store i64 %20, ptr %14, align 8\n  %21 = load ptr, ptr %9, align 8\n  %22 = getelementptr inbounds %struct.elf_phdr, ptr %21, i64 0, i32 1\n  %23 = load i64, ptr %22, align 8\n  %24 = getelementptr inbounds %struct.elf_phdr, ptr %21, i64 0, i32 2\n  %25 = load i32, ptr %24, align 8\n  %26 = call i64 @ELF_PAGEOFFSET(i32 noundef %25) #2\n  %27 = sub i64 %23, %26\n  store i64 %27, ptr %15, align 8\n  %28 = load i64, ptr %8, align 8\n  %29 = call i64 @ELF_PAGESTART(i64 noundef %28) #2\n  store i64 %29, ptr %8, align 8\n  %30 = load i64, ptr %14, align 8\n  %31 = call i64 @ELF_PAGEALIGN(i64 noundef %30) #2\n  store i64 %31, ptr %14, align 8\n  %.not = icmp eq i64 %31, 0\n  br i1 %.not, label %32, label %34\n"
    },
    {
        "unoptimized": "%40 = load i64, ptr %9, align 8\n  store i64 %40, ptr %7, align 8\n  br label %89\n",
        "optimized": "%33 = load i64, ptr %8, align 8\n  br label %72\n"
    },
    {
        "unoptimized": "%42 = load ptr, ptr @current, align 8\n  %43 = getelementptr inbounds %struct.TYPE_4__, ptr %42, i32 0, i32 0\n  %44 = load ptr, ptr %43, align 8\n  %45 = getelementptr inbounds %struct.TYPE_3__, ptr %44, i32 0, i32 0\n  %46 = call i32 @down_write(ptr noundef %45)\n  %47 = load i64, ptr %13, align 8\n  %48 = icmp ne i64 %47, 0\n  br i1 %48, label %49, label %74\n",
        "optimized": "%35 = load ptr, ptr @current, align 8\n  %36 = load ptr, ptr %35, align 8\n  %37 = call i32 @down_write(ptr noundef %36) #2\n  %38 = load i64, ptr %12, align 8\n  %.not1 = icmp eq i64 %38, 0\n  br i1 %.not1, label %59, label %39\n"
    },
    {
        "unoptimized": "%50 = load i64, ptr %13, align 8\n  %51 = call i64 @ELF_PAGEALIGN(i64 noundef %50)\n  store i64 %51, ptr %13, align 8\n  %52 = load ptr, ptr %8, align 8\n  %53 = load i64, ptr %9, align 8\n  %54 = load i64, ptr %13, align 8\n  %55 = load i32, ptr %11, align 4\n  %56 = load i32, ptr %12, align 4\n  %57 = load i64, ptr %16, align 8\n  %58 = call i64 @do_mmap(ptr noundef %52, i64 noundef %53, i64 noundef %54, i32 noundef %55, i32 noundef %56, i64 noundef %57)\n  store i64 %58, ptr %14, align 8\n  %59 = load i64, ptr %14, align 8\n  %60 = call i32 @BAD_ADDR(i64 noundef %59)\n  %61 = icmp ne i32 %60, 0\n  br i1 %61, label %73, label %62\n",
        "optimized": "%40 = load i64, ptr %12, align 8\n  %41 = call i64 @ELF_PAGEALIGN(i64 noundef %40) #2\n  store i64 %41, ptr %12, align 8\n  %42 = load ptr, ptr %7, align 8\n  %43 = load i64, ptr %8, align 8\n  %44 = load i32, ptr %10, align 4\n  %45 = load i32, ptr %11, align 4\n  %46 = load i64, ptr %15, align 8\n  %47 = call i64 @do_mmap(ptr noundef %42, i64 noundef %43, i64 noundef %41, i32 noundef %44, i32 noundef %45, i64 noundef %46) #2\n  store i64 %47, ptr %13, align 8\n  %48 = call i32 @BAD_ADDR(i64 noundef %47) #2\n  %.not2 = icmp eq i32 %48, 0\n  br i1 %.not2, label %49, label %58\n"
    },
    {
        "unoptimized": "%63 = load ptr, ptr @current, align 8\n  %64 = getelementptr inbounds %struct.TYPE_4__, ptr %63, i32 0, i32 0\n  %65 = load ptr, ptr %64, align 8\n  %66 = load i64, ptr %14, align 8\n  %67 = load i64, ptr %15, align 8\n  %68 = add i64 %66, %67\n  %69 = load i64, ptr %13, align 8\n  %70 = load i64, ptr %15, align 8\n  %71 = sub i64 %69, %70\n  %72 = call i32 @do_munmap(ptr noundef %65, i64 noundef %68, i64 noundef %71)\n  br label %73\n",
        "optimized": "%50 = load ptr, ptr @current, align 8\n  %51 = load ptr, ptr %50, align 8\n  %52 = load i64, ptr %13, align 8\n  %53 = load i64, ptr %14, align 8\n  %54 = add i64 %52, %53\n  %55 = load i64, ptr %12, align 8\n  %56 = sub i64 %55, %53\n  %57 = call i32 @do_munmap(ptr noundef %51, i64 noundef %54, i64 noundef %56) #2\n  br label %58\n"
    },
    {
        "unoptimized": "br label %82\n",
        "optimized": "br label %67\n"
    },
    {
        "unoptimized": "%75 = load ptr, ptr %8, align 8\n  %76 = load i64, ptr %9, align 8\n  %77 = load i64, ptr %15, align 8\n  %78 = load i32, ptr %11, align 4\n  %79 = load i32, ptr %12, align 4\n  %80 = load i64, ptr %16, align 8\n  %81 = call i64 @do_mmap(ptr noundef %75, i64 noundef %76, i64 noundef %77, i32 noundef %78, i32 noundef %79, i64 noundef %80)\n  store i64 %81, ptr %14, align 8\n  br label %82\n",
        "optimized": "%60 = load ptr, ptr %7, align 8\n  %61 = load i64, ptr %8, align 8\n  %62 = load i64, ptr %14, align 8\n  %63 = load i32, ptr %10, align 4\n  %64 = load i32, ptr %11, align 4\n  %65 = load i64, ptr %15, align 8\n  %66 = call i64 @do_mmap(ptr noundef %60, i64 noundef %61, i64 noundef %62, i32 noundef %63, i32 noundef %64, i64 noundef %65) #2\n  store i64 %66, ptr %13, align 8\n  br label %67\n"
    },
    {
        "unoptimized": "%83 = load ptr, ptr @current, align 8\n  %84 = getelementptr inbounds %struct.TYPE_4__, ptr %83, i32 0, i32 0\n  %85 = load ptr, ptr %84, align 8\n  %86 = getelementptr inbounds %struct.TYPE_3__, ptr %85, i32 0, i32 0\n  %87 = call i32 @up_write(ptr noundef %86)\n  %88 = load i64, ptr %14, align 8\n  store i64 %88, ptr %7, align 8\n  br label %89\n",
        "optimized": "%68 = load ptr, ptr @current, align 8\n  %69 = load ptr, ptr %68, align 8\n  %70 = call i32 @up_write(ptr noundef %69) #2\n  %71 = load i64, ptr %13, align 8\n  br label %72\n"
    },
    {
        "unoptimized": "%90 = load i64, ptr %7, align 8\n  ret i64 %90\n}",
        "optimized": "%storemerge = phi i64 [ %33, %32 ], [ %71, %67 ]\n  ret i64 %storemerge\n}"
    }
]