[
    {
        "unoptimized": "%3 = alloca i32, align 4\n  %4 = alloca ptr, align 8\n  %5 = alloca ptr, align 8\n  store ptr %0, ptr %4, align 8\n  store ptr %1, ptr %5, align 8\n  %6 = load ptr, ptr %4, align 8\n  %7 = getelementptr inbounds %struct.ptr_ring, ptr %6, i32 0, i32 0\n  %8 = load i64, ptr %7, align 8\n  %9 = icmp ne i64 %8, 0\n  %10 = xor i1 %9, true\n  %11 = zext i1 %10 to i32\n  %12 = call i64 @unlikely(i32 noundef %11)\n  %13 = icmp ne i64 %12, 0\n  br i1 %13, label %24, label %14\n",
        "optimized": "%3 = alloca ptr, align 8\n  %4 = alloca ptr, align 8\n  store ptr %0, ptr %3, align 8\n  store ptr %1, ptr %4, align 8\n  %5 = load i64, ptr %0, align 8\n  %.not = icmp eq i64 %5, 0\n  %6 = zext i1 %.not to i32\n  %7 = call i64 @unlikely(i32 noundef %6) #2\n  %.not1 = icmp eq i64 %7, 0\n  br i1 %.not1, label %8, label %16\n"
    },
    {
        "unoptimized": "%15 = load ptr, ptr %4, align 8\n  %16 = getelementptr inbounds %struct.ptr_ring, ptr %15, i32 0, i32 2\n  %17 = load ptr, ptr %16, align 8\n  %18 = load ptr, ptr %4, align 8\n  %19 = getelementptr inbounds %struct.ptr_ring, ptr %18, i32 0, i32 1\n  %20 = load i64, ptr %19, align 8\n  %21 = getelementptr inbounds i64, ptr %17, i64 %20\n  %22 = load i64, ptr %21, align 8\n  %23 = icmp ne i64 %22, 0\n  br i1 %23, label %24, label %27\n",
        "optimized": "%9 = load ptr, ptr %3, align 8\n  %10 = getelementptr inbounds %struct.ptr_ring, ptr %9, i64 0, i32 2\n  %11 = load ptr, ptr %10, align 8\n  %12 = getelementptr inbounds %struct.ptr_ring, ptr %9, i64 0, i32 1\n  %13 = load i64, ptr %12, align 8\n  %14 = getelementptr inbounds i64, ptr %11, i64 %13\n  %15 = load i64, ptr %14, align 8\n  %.not2 = icmp eq i64 %15, 0\n  br i1 %.not2, label %19, label %16\n"
    },
    {
        "unoptimized": "%25 = load i32, ptr @ENOSPC, align 4\n  %26 = sub nsw i32 0, %25\n  store i32 %26, ptr %3, align 4\n  br label %54\n",
        "optimized": "%17 = load i32, ptr @ENOSPC, align 4\n  %18 = sub nsw i32 0, %17\n  br label %42\n"
    },
    {
        "unoptimized": "%28 = call i32 (...) @smp_wmb()\n  %29 = load ptr, ptr %4, align 8\n  %30 = getelementptr inbounds %struct.ptr_ring, ptr %29, i32 0, i32 2\n  %31 = load ptr, ptr %30, align 8\n  %32 = load ptr, ptr %4, align 8\n  %33 = getelementptr inbounds %struct.ptr_ring, ptr %32, i32 0, i32 1\n  %34 = load i64, ptr %33, align 8\n  %35 = add i64 %34, 1\n  store i64 %35, ptr %33, align 8\n  %36 = getelementptr inbounds i64, ptr %31, i64 %34\n  %37 = load i64, ptr %36, align 8\n  %38 = load ptr, ptr %5, align 8\n  %39 = call i32 @WRITE_ONCE(i64 noundef %37, ptr noundef %38)\n  %40 = load ptr, ptr %4, align 8\n  %41 = getelementptr inbounds %struct.ptr_ring, ptr %40, i32 0, i32 1\n  %42 = load i64, ptr %41, align 8\n  %43 = load ptr, ptr %4, align 8\n  %44 = getelementptr inbounds %struct.ptr_ring, ptr %43, i32 0, i32 0\n  %45 = load i64, ptr %44, align 8\n  %46 = icmp uge i64 %42, %45\n  %47 = zext i1 %46 to i32\n  %48 = call i64 @unlikely(i32 noundef %47)\n  %49 = icmp ne i64 %48, 0\n  br i1 %49, label %50, label %53\n",
        "optimized": "%20 = call i32 (...) @smp_wmb() #2\n  %21 = load ptr, ptr %3, align 8\n  %22 = getelementptr inbounds %struct.ptr_ring, ptr %21, i64 0, i32 2\n  %23 = load ptr, ptr %22, align 8\n  %24 = getelementptr inbounds %struct.ptr_ring, ptr %21, i64 0, i32 1\n  %25 = load i64, ptr %24, align 8\n  %26 = add i64 %25, 1\n  store i64 %26, ptr %24, align 8\n  %27 = getelementptr inbounds i64, ptr %23, i64 %25\n  %28 = load i64, ptr %27, align 8\n  %29 = load ptr, ptr %4, align 8\n  %30 = call i32 @WRITE_ONCE(i64 noundef %28, ptr noundef %29) #2\n  %31 = load ptr, ptr %3, align 8\n  %32 = getelementptr inbounds %struct.ptr_ring, ptr %31, i64 0, i32 1\n  %33 = load i64, ptr %32, align 8\n  %34 = load i64, ptr %31, align 8\n  %35 = icmp uge i64 %33, %34\n  %36 = zext i1 %35 to i32\n  %37 = call i64 @unlikely(i32 noundef %36) #2\n  %.not3 = icmp eq i64 %37, 0\n  br i1 %.not3, label %41, label %38\n"
    },
    {
        "unoptimized": "%51 = load ptr, ptr %4, align 8\n  %52 = getelementptr inbounds %struct.ptr_ring, ptr %51, i32 0, i32 1\n  store i64 0, ptr %52, align 8\n  br label %53\n",
        "optimized": "%39 = load ptr, ptr %3, align 8\n  %40 = getelementptr inbounds %struct.ptr_ring, ptr %39, i64 0, i32 1\n  store i64 0, ptr %40, align 8\n  br label %41\n"
    },
    {
        "unoptimized": "store i32 0, ptr %3, align 4\n  br label %54\n",
        "optimized": "br label %42\n"
    },
    {
        "unoptimized": "%55 = load i32, ptr %3, align 4\n  ret i32 %55\n}",
        "optimized": "%storemerge = phi i32 [ 0, %41 ], [ %18, %16 ]\n  ret i32 %storemerge\n}"
    }
]