[
    {
        "unoptimized": "%4 = alloca ptr, align 8\n  %5 = alloca i32, align 4\n  %6 = alloca i64, align 8\n  %7 = alloca i64, align 8\n  store ptr %0, ptr %4, align 8\n  store i32 %1, ptr %5, align 4\n  store i64 %2, ptr %6, align 8\n  %8 = load ptr, ptr @current, align 8\n  %9 = getelementptr inbounds %struct.TYPE_3__, ptr %8, i32 0, i32 0\n  %10 = load i32, ptr %9, align 4\n  %11 = call i64 @unlikely(i32 noundef %10)\n  %12 = icmp ne i64 %11, 0\n  br i1 %12, label %13, label %14\n",
        "optimized": "%4 = alloca ptr, align 8\n  %5 = alloca i64, align 8\n  %6 = alloca i64, align 8\n  store ptr %0, ptr %4, align 8\n  store i64 %2, ptr %5, align 8\n  %7 = load ptr, ptr @current, align 8\n  %8 = load i32, ptr %7, align 4\n  %9 = call i64 @unlikely(i32 noundef %8) #2\n  %.not = icmp eq i64 %9, 0\n  br i1 %.not, label %11, label %10\n"
    },
    {
        "unoptimized": "br label %36\n",
        "optimized": "br label %27\n"
    },
    {
        "unoptimized": "%15 = load i64, ptr %7, align 8\n  %16 = call i32 @raw_local_irq_save(i64 noundef %15)\n  %17 = load i64, ptr %7, align 8\n  %18 = call i32 @check_flags(i64 noundef %17)\n  %19 = load ptr, ptr @current, align 8\n  %20 = getelementptr inbounds %struct.TYPE_3__, ptr %19, i32 0, i32 0\n  store i32 1, ptr %20, align 4\n  %21 = load ptr, ptr %4, align 8\n  %22 = load i64, ptr %6, align 8\n  %23 = call i32 @trace_lock_release(ptr noundef %21, i64 noundef %22)\n  %24 = load ptr, ptr %4, align 8\n  %25 = load i64, ptr %6, align 8\n  %26 = call i64 @__lock_release(ptr noundef %24, i64 noundef %25)\n  %27 = icmp ne i64 %26, 0\n  br i1 %27, label %28, label %31\n",
        "optimized": "%12 = load i64, ptr %6, align 8\n  %13 = call i32 @raw_local_irq_save(i64 noundef %12) #2\n  %14 = call i32 @check_flags(i64 noundef %12) #2\n  %15 = load ptr, ptr @current, align 8\n  store i32 1, ptr %15, align 4\n  %16 = load ptr, ptr %4, align 8\n  %17 = load i64, ptr %5, align 8\n  %18 = call i32 @trace_lock_release(ptr noundef %16, i64 noundef %17) #2\n  %19 = call i64 @__lock_release(ptr noundef %16, i64 noundef %17) #2\n  %.not1 = icmp eq i64 %19, 0\n  br i1 %.not1, label %23, label %20\n"
    },
    {
        "unoptimized": "%29 = load ptr, ptr @current, align 8\n  %30 = call i32 @check_chain_key(ptr noundef %29)\n  br label %31\n",
        "optimized": "%21 = load ptr, ptr @current, align 8\n  %22 = call i32 @check_chain_key(ptr noundef %21) #2\n  br label %23\n"
    },
    {
        "unoptimized": "%32 = load ptr, ptr @current, align 8\n  %33 = getelementptr inbounds %struct.TYPE_3__, ptr %32, i32 0, i32 0\n  store i32 0, ptr %33, align 4\n  %34 = load i64, ptr %7, align 8\n  %35 = call i32 @raw_local_irq_restore(i64 noundef %34)\n  br label %36\n",
        "optimized": "%24 = load ptr, ptr @current, align 8\n  store i32 0, ptr %24, align 4\n  %25 = load i64, ptr %6, align 8\n  %26 = call i32 @raw_local_irq_restore(i64 noundef %25) #2\n  br label %27\n"
    },
    {
        "unoptimized": "ret void\n}",
        "optimized": "ret void\n}"
    }
]