[
    {
        "unoptimized": "%3 = alloca ptr, align 8\n  %4 = alloca i32, align 4\n  %5 = alloca i32, align 4\n  store ptr %0, ptr %3, align 8\n  store i32 %1, ptr %4, align 4\n  %6 = load ptr, ptr %3, align 8\n  %7 = load ptr, ptr %3, align 8\n  %8 = getelementptr inbounds %struct.pci_dev, ptr %7, i32 0, i32 0\n  %9 = load i64, ptr %8, align 8\n  %10 = load i64, ptr @PCI_MSI_FLAGS, align 8\n  %11 = add nsw i64 %9, %10\n  %12 = call i32 @pci_read_config_word(ptr noundef %6, i64 noundef %11, ptr noundef %5)\n  %13 = load i32, ptr @PCI_MSI_FLAGS_ENABLE, align 4\n  %14 = xor i32 %13, -1\n  %15 = load i32, ptr %5, align 4\n  %16 = and i32 %15, %14\n  store i32 %16, ptr %5, align 4\n  %17 = load i32, ptr %4, align 4\n  %18 = icmp ne i32 %17, 0\n  br i1 %18, label %19, label %23\n",
        "optimized": "%3 = alloca ptr, align 8\n  %4 = alloca i32, align 4\n  %5 = alloca i32, align 4\n  store ptr %0, ptr %3, align 8\n  store i32 %1, ptr %4, align 4\n  %6 = load i64, ptr %0, align 8\n  %7 = load i64, ptr @PCI_MSI_FLAGS, align 8\n  %8 = add nsw i64 %6, %7\n  %9 = call i32 @pci_read_config_word(ptr noundef nonnull %0, i64 noundef %8, ptr noundef nonnull %5) #2\n  %10 = load i32, ptr @PCI_MSI_FLAGS_ENABLE, align 4\n  %11 = xor i32 %10, -1\n  %12 = load i32, ptr %5, align 4\n  %13 = and i32 %12, %11\n  store i32 %13, ptr %5, align 4\n  %14 = load i32, ptr %4, align 4\n  %.not = icmp eq i32 %14, 0\n  br i1 %.not, label %19, label %15\n"
    },
    {
        "unoptimized": "%20 = load i32, ptr @PCI_MSI_FLAGS_ENABLE, align 4\n  %21 = load i32, ptr %5, align 4\n  %22 = or i32 %21, %20\n  store i32 %22, ptr %5, align 4\n  br label %23\n",
        "optimized": "%16 = load i32, ptr @PCI_MSI_FLAGS_ENABLE, align 4\n  %17 = load i32, ptr %5, align 4\n  %18 = or i32 %17, %16\n  store i32 %18, ptr %5, align 4\n  br label %19\n"
    },
    {
        "unoptimized": "%24 = load ptr, ptr %3, align 8\n  %25 = load ptr, ptr %3, align 8\n  %26 = getelementptr inbounds %struct.pci_dev, ptr %25, i32 0, i32 0\n  %27 = load i64, ptr %26, align 8\n  %28 = load i64, ptr @PCI_MSI_FLAGS, align 8\n  %29 = add nsw i64 %27, %28\n  %30 = load i32, ptr %5, align 4\n  %31 = call i32 @pci_write_config_word(ptr noundef %24, i64 noundef %29, i32 noundef %30)\n  ret void\n}",
        "optimized": "%20 = load ptr, ptr %3, align 8\n  %21 = load i64, ptr %20, align 8\n  %22 = load i64, ptr @PCI_MSI_FLAGS, align 8\n  %23 = add nsw i64 %21, %22\n  %24 = load i32, ptr %5, align 4\n  %25 = call i32 @pci_write_config_word(ptr noundef nonnull %20, i64 noundef %23, i32 noundef %24) #2\n  ret void\n}"
    }
]