[
    {
        "unoptimized": "%3 = alloca ptr, align 8\n  %4 = alloca i64, align 8\n  %5 = alloca i64, align 8\n  store ptr %0, ptr %3, align 8\n  store i64 %1, ptr %4, align 8\n  store i64 0, ptr %5, align 8\n  %6 = load i64, ptr %4, align 8\n  %7 = load ptr, ptr %3, align 8\n  %8 = call i64 @rrdset_last_entry_t(ptr noundef %7)\n  %9 = icmp sge i64 %6, %8\n  br i1 %9, label %10, label %13\n",
        "optimized": "%3 = alloca ptr, align 8\n  %4 = alloca i64, align 8\n  %5 = alloca i64, align 8\n  store ptr %0, ptr %3, align 8\n  store i64 %1, ptr %4, align 8\n  store i64 0, ptr %5, align 8\n  %6 = call i64 @rrdset_last_entry_t(ptr noundef %0) #2\n  %.not = icmp sgt i64 %6, %1\n  br i1 %.not, label %10, label %7\n"
    },
    {
        "unoptimized": "%11 = load ptr, ptr %3, align 8\n  %12 = call i64 @rrdset_last_slot(ptr noundef %11)\n  store i64 %12, ptr %5, align 8\n  br label %64\n",
        "optimized": "%8 = load ptr, ptr %3, align 8\n  %9 = call i64 @rrdset_last_slot(ptr noundef %8) #2\n  br label %52\n"
    },
    {
        "unoptimized": "%14 = load i64, ptr %4, align 8\n  %15 = load ptr, ptr %3, align 8\n  %16 = call i64 @rrdset_first_entry_t(ptr noundef %15)\n  %17 = icmp sle i64 %14, %16\n  br i1 %17, label %18, label %21\n",
        "optimized": "%11 = load i64, ptr %4, align 8\n  %12 = load ptr, ptr %3, align 8\n  %13 = call i64 @rrdset_first_entry_t(ptr noundef %12) #2\n  %.not1 = icmp sgt i64 %11, %13\n  br i1 %.not1, label %17, label %14\n"
    },
    {
        "unoptimized": "%19 = load ptr, ptr %3, align 8\n  %20 = call i64 @rrdset_first_slot(ptr noundef %19)\n  store i64 %20, ptr %5, align 8\n  br label %63\n",
        "optimized": "%15 = load ptr, ptr %3, align 8\n  %16 = call i64 @rrdset_first_slot(ptr noundef %15) #2\n  br label %51\n"
    },
    {
        "unoptimized": "%22 = load ptr, ptr %3, align 8\n  %23 = call i64 @rrdset_last_slot(ptr noundef %22)\n  %24 = load ptr, ptr %3, align 8\n  %25 = call i64 @rrdset_last_entry_t(ptr noundef %24)\n  %26 = load i64, ptr %4, align 8\n  %27 = sub nsw i64 %25, %26\n  %28 = load ptr, ptr %3, align 8\n  %29 = getelementptr inbounds %struct.TYPE_7__, ptr %28, i32 0, i32 2\n  %30 = load i64, ptr %29, align 8\n  %31 = udiv i64 %27, %30\n  %32 = icmp uge i64 %23, %31\n  br i1 %32, label %33, label %45\n",
        "optimized": "%18 = load ptr, ptr %3, align 8\n  %19 = call i64 @rrdset_last_slot(ptr noundef %18) #2\n  %20 = call i64 @rrdset_last_entry_t(ptr noundef %18) #2\n  %21 = load i64, ptr %4, align 8\n  %22 = sub nsw i64 %20, %21\n  %23 = getelementptr inbounds %struct.TYPE_7__, ptr %18, i64 0, i32 2\n  %24 = load i64, ptr %23, align 8\n  %25 = udiv i64 %22, %24\n  %.not2 = icmp ult i64 %19, %25\n  br i1 %.not2, label %36, label %26\n"
    },
    {
        "unoptimized": "%34 = load ptr, ptr %3, align 8\n  %35 = call i64 @rrdset_last_slot(ptr noundef %34)\n  %36 = load ptr, ptr %3, align 8\n  %37 = call i64 @rrdset_last_entry_t(ptr noundef %36)\n  %38 = load i64, ptr %4, align 8\n  %39 = sub nsw i64 %37, %38\n  %40 = load ptr, ptr %3, align 8\n  %41 = getelementptr inbounds %struct.TYPE_7__, ptr %40, i32 0, i32 2\n  %42 = load i64, ptr %41, align 8\n  %43 = udiv i64 %39, %42\n  %44 = sub i64 %35, %43\n  store i64 %44, ptr %5, align 8\n  br label %62\n",
        "optimized": "%27 = load ptr, ptr %3, align 8\n  %28 = call i64 @rrdset_last_slot(ptr noundef %27) #2\n  %29 = call i64 @rrdset_last_entry_t(ptr noundef %27) #2\n  %30 = load i64, ptr %4, align 8\n  %31 = sub nsw i64 %29, %30\n  %32 = getelementptr inbounds %struct.TYPE_7__, ptr %27, i64 0, i32 2\n  %33 = load i64, ptr %32, align 8\n  %34 = udiv i64 %31, %33\n  %35 = sub i64 %28, %34\n  br label %50\n"
    },
    {
        "unoptimized": "%46 = load ptr, ptr %3, align 8\n  %47 = call i64 @rrdset_last_slot(ptr noundef %46)\n  %48 = load ptr, ptr %3, align 8\n  %49 = call i64 @rrdset_last_entry_t(ptr noundef %48)\n  %50 = load i64, ptr %4, align 8\n  %51 = sub nsw i64 %49, %50\n  %52 = load ptr, ptr %3, align 8\n  %53 = getelementptr inbounds %struct.TYPE_7__, ptr %52, i32 0, i32 2\n  %54 = load i64, ptr %53, align 8\n  %55 = udiv i64 %51, %54\n  %56 = sub i64 %47, %55\n  %57 = load ptr, ptr %3, align 8\n  %58 = getelementptr inbounds %struct.TYPE_7__, ptr %57, i32 0, i32 0\n  %59 = load i32, ptr %58, align 8\n  %60 = sext i32 %59 to i64\n  %61 = add i64 %56, %60\n  store i64 %61, ptr %5, align 8\n  br label %62\n",
        "optimized": "%37 = load ptr, ptr %3, align 8\n  %38 = call i64 @rrdset_last_slot(ptr noundef %37) #2\n  %39 = call i64 @rrdset_last_entry_t(ptr noundef %37) #2\n  %40 = load i64, ptr %4, align 8\n  %41 = sub nsw i64 %39, %40\n  %42 = getelementptr inbounds %struct.TYPE_7__, ptr %37, i64 0, i32 2\n  %43 = load i64, ptr %42, align 8\n  %44 = udiv i64 %41, %43\n  %45 = sub i64 %38, %44\n  %46 = load ptr, ptr %3, align 8\n  %47 = load i32, ptr %46, align 8\n  %48 = sext i32 %47 to i64\n  %49 = add i64 %45, %48\n  br label %50\n"
    },
    {
        "unoptimized": "br label %63\n",
        "optimized": "%storemerge = phi i64 [ %49, %36 ], [ %35, %26 ]\n  br label %51\n"
    },
    {
        "unoptimized": "br label %64\n",
        "optimized": "%storemerge3 = phi i64 [ %storemerge, %50 ], [ %16, %14 ]\n  br label %52\n"
    },
    {
        "unoptimized": "%65 = load i64, ptr %5, align 8\n  %66 = load ptr, ptr %3, align 8\n  %67 = getelementptr inbounds %struct.TYPE_7__, ptr %66, i32 0, i32 0\n  %68 = load i32, ptr %67, align 8\n  %69 = sext i32 %68 to i64\n  %70 = icmp uge i64 %65, %69\n  %71 = zext i1 %70 to i32\n  %72 = call i64 @unlikely(i32 noundef %71)\n  %73 = icmp ne i64 %72, 0\n  br i1 %73, label %74, label %84\n",
        "optimized": "%storemerge4 = phi i64 [ %storemerge3, %51 ], [ %9, %7 ]\n  store i64 %storemerge4, ptr %5, align 8\n  %53 = load ptr, ptr %3, align 8\n  %54 = load i32, ptr %53, align 8\n  %55 = sext i32 %54 to i64\n  %56 = icmp uge i64 %storemerge4, %55\n  %57 = zext i1 %56 to i32\n  %58 = call i64 @unlikely(i32 noundef %57) #2\n  %.not5 = icmp eq i64 %58, 0\n  br i1 %.not5, label %67, label %59\n"
    },
    {
        "unoptimized": "%75 = load ptr, ptr %3, align 8\n  %76 = getelementptr inbounds %struct.TYPE_7__, ptr %75, i32 0, i32 1\n  %77 = load i32, ptr %76, align 4\n  %78 = call i32 @error(ptr noundef @.str, i32 noundef %77)\n  %79 = load ptr, ptr %3, align 8\n  %80 = getelementptr inbounds %struct.TYPE_7__, ptr %79, i32 0, i32 0\n  %81 = load i32, ptr %80, align 8\n  %82 = sub nsw i32 %81, 1\n  %83 = sext i32 %82 to i64\n  store i64 %83, ptr %5, align 8\n  br label %84\n",
        "optimized": "%60 = load ptr, ptr %3, align 8\n  %61 = getelementptr inbounds %struct.TYPE_7__, ptr %60, i64 0, i32 1\n  %62 = load i32, ptr %61, align 4\n  %63 = call i32 @error(ptr noundef nonnull @.str, i32 noundef %62) #2\n  %64 = load i32, ptr %60, align 8\n  %65 = add nsw i32 %64, -1\n  %66 = sext i32 %65 to i64\n  store i64 %66, ptr %5, align 8\n  br label %67\n"
    },
    {
        "unoptimized": "%85 = load i64, ptr %5, align 8\n  ret i64 %85\n}",
        "optimized": "%68 = load i64, ptr %5, align 8\n  ret i64 %68\n}"
    }
]