[
    {
        "unoptimized": "%2 = alloca ptr, align 8\n  %3 = alloca i64, align 8\n  %4 = alloca ptr, align 8\n  store ptr %0, ptr %2, align 8\n  %5 = load ptr, ptr %2, align 8\n  %6 = getelementptr inbounds %struct.TYPE_3__, ptr %5, i32 0, i32 0\n  %7 = load i64, ptr %6, align 8\n  %8 = icmp ne i64 %7, 0\n  br i1 %8, label %9, label %54\n",
        "optimized": "%2 = alloca ptr, align 8\n  %3 = alloca i64, align 8\n  %4 = alloca ptr, align 8\n  store ptr %0, ptr %2, align 8\n  %5 = load i64, ptr %0, align 8\n  %.not = icmp eq i64 %5, 0\n  br i1 %.not, label %44, label %6\n"
    },
    {
        "unoptimized": "%10 = load ptr, ptr %2, align 8\n  %11 = getelementptr inbounds %struct.TYPE_3__, ptr %10, i32 0, i32 1\n  %12 = load i64, ptr %11, align 8\n  store i64 %12, ptr %3, align 8\n  br label %13\n",
        "optimized": "%7 = load ptr, ptr %2, align 8\n  %8 = getelementptr inbounds %struct.TYPE_3__, ptr %7, i64 0, i32 1\n  %9 = load i64, ptr %8, align 8\n  store i64 %9, ptr %3, align 8\n  br label %10\n"
    },
    {
        "unoptimized": "%14 = load ptr, ptr %2, align 8\n  %15 = getelementptr inbounds %struct.TYPE_3__, ptr %14, i32 0, i32 3\n  %16 = load ptr, ptr %15, align 8\n  %17 = load i64, ptr %3, align 8\n  %18 = getelementptr inbounds %struct.st_h2o_hpack_header_table_entry_t, ptr %16, i64 %17\n  store ptr %18, ptr %4, align 8\n  %19 = load ptr, ptr %4, align 8\n  %20 = getelementptr inbounds %struct.st_h2o_hpack_header_table_entry_t, ptr %19, i32 0, i32 1\n  %21 = load i32, ptr %20, align 4\n  %22 = call i32 @h2o_iovec_is_token(i32 noundef %21)\n  %23 = icmp ne i32 %22, 0\n  br i1 %23, label %29, label %24\n",
        "optimized": "%11 = load ptr, ptr %2, align 8\n  %12 = getelementptr inbounds %struct.TYPE_3__, ptr %11, i64 0, i32 3\n  %13 = load ptr, ptr %12, align 8\n  %14 = load i64, ptr %3, align 8\n  %15 = getelementptr inbounds %struct.st_h2o_hpack_header_table_entry_t, ptr %13, i64 %14\n  store ptr %15, ptr %4, align 8\n  %16 = getelementptr inbounds %struct.st_h2o_hpack_header_table_entry_t, ptr %13, i64 %14, i32 1\n  %17 = load i32, ptr %16, align 4\n  %18 = call i32 @h2o_iovec_is_token(i32 noundef %17) #2\n  %.not1 = icmp eq i32 %18, 0\n  br i1 %.not1, label %19, label %24\n"
    },
    {
        "unoptimized": "%25 = load ptr, ptr %4, align 8\n  %26 = getelementptr inbounds %struct.st_h2o_hpack_header_table_entry_t, ptr %25, i32 0, i32 1\n  %27 = load i32, ptr %26, align 4\n  %28 = call i32 @h2o_mem_release_shared(i32 noundef %27)\n  br label %29\n",
        "optimized": "%20 = load ptr, ptr %4, align 8\n  %21 = getelementptr inbounds %struct.st_h2o_hpack_header_table_entry_t, ptr %20, i64 0, i32 1\n  %22 = load i32, ptr %21, align 4\n  %23 = call i32 @h2o_mem_release_shared(i32 noundef %22) #2\n  br label %24\n"
    },
    {
        "unoptimized": "%30 = load ptr, ptr %4, align 8\n  %31 = getelementptr inbounds %struct.st_h2o_hpack_header_table_entry_t, ptr %30, i32 0, i32 0\n  %32 = load i32, ptr %31, align 4\n  %33 = call i32 @value_is_part_of_static_table(i32 noundef %32)\n  %34 = icmp ne i32 %33, 0\n  br i1 %34, label %40, label %35\n",
        "optimized": "%25 = load ptr, ptr %4, align 8\n  %26 = load i32, ptr %25, align 4\n  %27 = call i32 @value_is_part_of_static_table(i32 noundef %26) #2\n  %.not2 = icmp eq i32 %27, 0\n  br i1 %.not2, label %28, label %32\n"
    },
    {
        "unoptimized": "%36 = load ptr, ptr %4, align 8\n  %37 = getelementptr inbounds %struct.st_h2o_hpack_header_table_entry_t, ptr %36, i32 0, i32 0\n  %38 = load i32, ptr %37, align 4\n  %39 = call i32 @h2o_mem_release_shared(i32 noundef %38)\n  br label %40\n",
        "optimized": "%29 = load ptr, ptr %4, align 8\n  %30 = load i32, ptr %29, align 4\n  %31 = call i32 @h2o_mem_release_shared(i32 noundef %30) #2\n  br label %32\n"
    },
    {
        "unoptimized": "%41 = load i64, ptr %3, align 8\n  %42 = add i64 %41, 1\n  %43 = load ptr, ptr %2, align 8\n  %44 = getelementptr inbounds %struct.TYPE_3__, ptr %43, i32 0, i32 2\n  %45 = load i64, ptr %44, align 8\n  %46 = urem i64 %42, %45\n  store i64 %46, ptr %3, align 8\n  br label %47\n",
        "optimized": "%33 = load i64, ptr %3, align 8\n  %34 = add i64 %33, 1\n  %35 = load ptr, ptr %2, align 8\n  %36 = getelementptr inbounds %struct.TYPE_3__, ptr %35, i64 0, i32 2\n  %37 = load i64, ptr %36, align 8\n  %38 = urem i64 %34, %37\n  store i64 %38, ptr %3, align 8\n  br label %39\n"
    },
    {
        "unoptimized": "%48 = load ptr, ptr %2, align 8\n  %49 = getelementptr inbounds %struct.TYPE_3__, ptr %48, i32 0, i32 0\n  %50 = load i64, ptr %49, align 8\n  %51 = add nsw i64 %50, -1\n  store i64 %51, ptr %49, align 8\n  %52 = icmp ne i64 %51, 0\n  br i1 %52, label %13, label %53, !llvm.loop !6\n",
        "optimized": "%40 = load ptr, ptr %2, align 8\n  %41 = load i64, ptr %40, align 8\n  %42 = add nsw i64 %41, -1\n  store i64 %42, ptr %40, align 8\n  %.not3 = icmp eq i64 %42, 0\n  br i1 %.not3, label %43, label %10, !llvm.loop !6\n"
    },
    {
        "unoptimized": "br label %54\n",
        "optimized": "br label %44\n"
    },
    {
        "unoptimized": "%55 = load ptr, ptr %2, align 8\n  %56 = getelementptr inbounds %struct.TYPE_3__, ptr %55, i32 0, i32 3\n  %57 = load ptr, ptr %56, align 8\n  %58 = call i32 @free(ptr noundef %57)\n  ret void\n}",
        "optimized": "%45 = load ptr, ptr %2, align 8\n  %46 = getelementptr inbounds %struct.TYPE_3__, ptr %45, i64 0, i32 3\n  %47 = load ptr, ptr %46, align 8\n  %48 = call i32 @free(ptr noundef %47) #2\n  ret void\n}"
    }
]