[
    {
        "unoptimized": "%4 = alloca ptr, align 8\n  %5 = alloca ptr, align 8\n  %6 = alloca i32, align 4\n  %7 = alloca ptr, align 8\n  store ptr %0, ptr %4, align 8\n  store ptr %1, ptr %5, align 8\n  store i32 %2, ptr %6, align 4\n  %8 = load ptr, ptr %4, align 8\n  %9 = getelementptr inbounds %struct.TYPE_3__, ptr %8, i32 0, i32 0\n  %10 = load ptr, ptr %9, align 8\n  %11 = getelementptr inbounds i64, ptr %10, i64 0\n  %12 = load i64, ptr %11, align 8\n  %13 = inttoptr i64 %12 to ptr\n  store ptr %13, ptr %7, align 8\n  %14 = load i32, ptr %6, align 4\n  %15 = icmp ne i32 %14, 0\n  br i1 %15, label %16, label %19\n",
        "optimized": "%4 = alloca ptr, align 8\n  %5 = load ptr, ptr %0, align 8\n  %6 = load i64, ptr %5, align 8\n  %7 = inttoptr i64 %6 to ptr\n  store ptr %7, ptr %4, align 8\n  %.not = icmp eq i32 %2, 0\n  br i1 %.not, label %11, label %8\n"
    },
    {
        "unoptimized": "%17 = load ptr, ptr %7, align 8\n  %18 = call i32 @h2o_mem_addref_shared(ptr noundef %17)\n  br label %22\n",
        "optimized": "%9 = load ptr, ptr %4, align 8\n  %10 = call i32 @h2o_mem_addref_shared(ptr noundef %9) #2\n  br label %14\n"
    },
    {
        "unoptimized": "%20 = load ptr, ptr %7, align 8\n  %21 = call i32 @h2o_mem_release_shared(ptr noundef %20)\n  br label %22\n",
        "optimized": "%12 = load ptr, ptr %4, align 8\n  %13 = call i32 @h2o_mem_release_shared(ptr noundef %12) #2\n  br label %14\n"
    },
    {
        "unoptimized": "ret void\n}",
        "optimized": "ret void\n}"
    }
]