[
    {
        "unoptimized": "%4 = alloca i32, align 4\n  %5 = alloca ptr, align 8\n  %6 = alloca ptr, align 8\n  %7 = alloca i64, align 8\n  %8 = alloca i64, align 8\n  %9 = alloca ptr, align 8\n  %10 = alloca %struct.TYPE_20__, align 8\n  %11 = alloca %struct.TYPE_20__, align 8\n  %12 = alloca %struct.TYPE_20__, align 8\n  %13 = alloca %struct.TYPE_20__, align 8\n  %14 = alloca %struct.TYPE_20__, align 8\n  store ptr %0, ptr %5, align 8\n  store ptr %1, ptr %6, align 8\n  store i64 %2, ptr %7, align 8\n  %15 = load ptr, ptr %5, align 8\n  %16 = getelementptr inbounds %struct.TYPE_19__, ptr %15, i32 0, i32 0\n  %17 = getelementptr inbounds %struct.TYPE_17__, ptr %16, i32 0, i32 0\n  store i32 200, ptr %17, align 8\n  %18 = load ptr, ptr %5, align 8\n  %19 = getelementptr inbounds %struct.TYPE_19__, ptr %18, i32 0, i32 0\n  %20 = getelementptr inbounds %struct.TYPE_17__, ptr %19, i32 0, i32 1\n  store ptr @.str, ptr %20, align 8\n  %21 = load i32, ptr @SIZE_MAX, align 4\n  %22 = load ptr, ptr %5, align 8\n  %23 = getelementptr inbounds %struct.TYPE_19__, ptr %22, i32 0, i32 0\n  %24 = getelementptr inbounds %struct.TYPE_17__, ptr %23, i32 0, i32 3\n  store i32 %21, ptr %24, align 4\n  store i64 0, ptr %8, align 8\n  br label %25\n",
        "optimized": "%4 = alloca i32, align 4\n  %5 = alloca ptr, align 8\n  %6 = alloca ptr, align 8\n  %7 = alloca i64, align 8\n  %8 = alloca i64, align 8\n  %9 = alloca ptr, align 8\n  %10 = alloca %struct.TYPE_20__, align 8\n  %11 = alloca %struct.TYPE_20__, align 8\n  %12 = alloca %struct.TYPE_20__, align 8\n  store ptr %0, ptr %5, align 8\n  store ptr %1, ptr %6, align 8\n  store i64 %2, ptr %7, align 8\n  store i32 200, ptr %0, align 8\n  %13 = getelementptr inbounds %struct.TYPE_17__, ptr %0, i64 0, i32 1\n  store ptr @.str, ptr %13, align 8\n  %14 = load i32, ptr @SIZE_MAX, align 4\n  %15 = load ptr, ptr %5, align 8\n  %16 = getelementptr inbounds %struct.TYPE_17__, ptr %15, i64 0, i32 3\n  store i32 %14, ptr %16, align 4\n  br label %17\n"
    },
    {
        "unoptimized": "%26 = load i64, ptr %8, align 8\n  %27 = load i64, ptr %7, align 8\n  %28 = icmp ne i64 %26, %27\n  br i1 %28, label %29, label %336\n",
        "optimized": "%storemerge = phi i64 [ 0, %3 ], [ %234, %232 ]\n  store i64 %storemerge, ptr %8, align 8\n  %18 = load i64, ptr %7, align 8\n  %.not = icmp eq i64 %storemerge, %18\n  br i1 %.not, label %235, label %19\n"
    },
    {
        "unoptimized": "%30 = load ptr, ptr %6, align 8\n  %31 = load i64, ptr %8, align 8\n  %32 = getelementptr inbounds %struct.phr_header, ptr %30, i64 %31\n  %33 = getelementptr inbounds %struct.phr_header, ptr %32, i32 0, i32 0\n  %34 = load ptr, ptr %33, align 8\n  %35 = load ptr, ptr %6, align 8\n  %36 = load i64, ptr %8, align 8\n  %37 = getelementptr inbounds %struct.phr_header, ptr %35, i64 %36\n  %38 = getelementptr inbounds %struct.phr_header, ptr %37, i32 0, i32 1\n  %39 = load i32, ptr %38, align 8\n  %40 = call i32 @h2o_strtolower(ptr noundef %34, i32 noundef %39)\n  %41 = load ptr, ptr %6, align 8\n  %42 = load i64, ptr %8, align 8\n  %43 = getelementptr inbounds %struct.phr_header, ptr %41, i64 %42\n  %44 = getelementptr inbounds %struct.phr_header, ptr %43, i32 0, i32 0\n  %45 = load ptr, ptr %44, align 8\n  %46 = load ptr, ptr %6, align 8\n  %47 = load i64, ptr %8, align 8\n  %48 = getelementptr inbounds %struct.phr_header, ptr %46, i64 %47\n  %49 = getelementptr inbounds %struct.phr_header, ptr %48, i32 0, i32 1\n  %50 = load i32, ptr %49, align 8\n  %51 = call ptr @h2o_lookup_token(ptr noundef %45, i32 noundef %50)\n  store ptr %51, ptr %9, align 8\n  %52 = icmp ne ptr %51, null\n  br i1 %52, label %53, label %158\n",
        "optimized": "%20 = load ptr, ptr %6, align 8\n  %21 = load i64, ptr %8, align 8\n  %22 = getelementptr inbounds %struct.phr_header, ptr %20, i64 %21\n  %23 = load ptr, ptr %22, align 8\n  %24 = getelementptr inbounds %struct.phr_header, ptr %20, i64 %21, i32 1\n  %25 = load i32, ptr %24, align 8\n  %26 = call i32 @h2o_strtolower(ptr noundef %23, i32 noundef %25) #2\n  %27 = load ptr, ptr %6, align 8\n  %28 = load i64, ptr %8, align 8\n  %29 = getelementptr inbounds %struct.phr_header, ptr %27, i64 %28\n  %30 = load ptr, ptr %29, align 8\n  %31 = getelementptr inbounds %struct.phr_header, ptr %27, i64 %28, i32 1\n  %32 = load i32, ptr %31, align 8\n  %33 = call ptr @h2o_lookup_token(ptr noundef %30, i32 noundef %32) #2\n  store ptr %33, ptr %9, align 8\n  %.not1 = icmp eq ptr %33, null\n  br i1 %.not1, label %108, label %34\n"
    },
    {
        "unoptimized": "%54 = load ptr, ptr %9, align 8\n  %55 = getelementptr inbounds %struct.TYPE_18__, ptr %54, i32 0, i32 0\n  %56 = getelementptr inbounds %struct.TYPE_16__, ptr %55, i32 0, i32 0\n  %57 = load i64, ptr %56, align 8\n  %58 = icmp ne i64 %57, 0\n  br i1 %58, label %59, label %60\n",
        "optimized": "%35 = load ptr, ptr %9, align 8\n  %36 = load i64, ptr %35, align 8\n  %.not7 = icmp eq i64 %36, 0\n  br i1 %.not7, label %38, label %37\n"
    },
    {
        "unoptimized": "br label %157\n",
        "optimized": "br label %107\n"
    },
    {
        "unoptimized": "%61 = load ptr, ptr %9, align 8\n  %62 = load ptr, ptr @H2O_TOKEN_CONTENT_LENGTH, align 8\n  %63 = icmp eq ptr %61, %62\n  br i1 %63, label %64, label %107\n",
        "optimized": "%39 = load ptr, ptr %9, align 8\n  %40 = load ptr, ptr @H2O_TOKEN_CONTENT_LENGTH, align 8\n  %41 = icmp eq ptr %39, %40\n  br i1 %41, label %42, label %74\n"
    },
    {
        "unoptimized": "%65 = load ptr, ptr %5, align 8\n  %66 = getelementptr inbounds %struct.TYPE_19__, ptr %65, i32 0, i32 0\n  %67 = getelementptr inbounds %struct.TYPE_17__, ptr %66, i32 0, i32 3\n  %68 = load i32, ptr %67, align 4\n  %69 = load i32, ptr @SIZE_MAX, align 4\n  %70 = icmp ne i32 %68, %69\n  br i1 %70, label %71, label %75\n",
        "optimized": "%43 = load ptr, ptr %5, align 8\n  %44 = getelementptr inbounds %struct.TYPE_17__, ptr %43, i64 0, i32 3\n  %45 = load i32, ptr %44, align 4\n  %46 = load i32, ptr @SIZE_MAX, align 4\n  %.not8 = icmp eq i32 %45, %46\n  br i1 %.not8, label %51, label %47\n"
    },
    {
        "unoptimized": "%72 = load ptr, ptr %5, align 8\n  %73 = load i32, ptr @MODULE_NAME, align 4\n  %74 = call i32 (ptr, i32, ptr, ...) @h2o_req_log_error(ptr noundef %72, i32 noundef %73, ptr noundef @.str.1)\n  store i32 -1, ptr %4, align 4\n  br label %347\n",
        "optimized": "%48 = load ptr, ptr %5, align 8\n  %49 = load i32, ptr @MODULE_NAME, align 4\n  %50 = call i32 (ptr, i32, ptr, ...) @h2o_req_log_error(ptr noundef %48, i32 noundef %49, ptr noundef nonnull @.str.1) #2\n  store i32 -1, ptr %4, align 4\n  br label %245\n"
    },
    {
        "unoptimized": "%76 = load ptr, ptr %6, align 8\n  %77 = load i64, ptr %8, align 8\n  %78 = getelementptr inbounds %struct.phr_header, ptr %76, i64 %77\n  %79 = getelementptr inbounds %struct.phr_header, ptr %78, i32 0, i32 2\n  %80 = load ptr, ptr %79, align 8\n  %81 = load ptr, ptr %6, align 8\n  %82 = load i64, ptr %8, align 8\n  %83 = getelementptr inbounds %struct.phr_header, ptr %81, i64 %82\n  %84 = getelementptr inbounds %struct.phr_header, ptr %83, i32 0, i32 3\n  %85 = load i32, ptr %84, align 8\n  %86 = call i32 @h2o_strtosize(ptr noundef %80, i32 noundef %85)\n  %87 = load ptr, ptr %5, align 8\n  %88 = getelementptr inbounds %struct.TYPE_19__, ptr %87, i32 0, i32 0\n  %89 = getelementptr inbounds %struct.TYPE_17__, ptr %88, i32 0, i32 3\n  store i32 %86, ptr %89, align 4\n  %90 = load i32, ptr @SIZE_MAX, align 4\n  %91 = icmp eq i32 %86, %90\n  br i1 %91, label %92, label %106\n",
        "optimized": "%52 = load ptr, ptr %6, align 8\n  %53 = load i64, ptr %8, align 8\n  %54 = getelementptr inbounds %struct.phr_header, ptr %52, i64 %53, i32 2\n  %55 = load ptr, ptr %54, align 8\n  %56 = getelementptr inbounds %struct.phr_header, ptr %52, i64 %53, i32 3\n  %57 = load i32, ptr %56, align 8\n  %58 = call i32 @h2o_strtosize(ptr noundef %55, i32 noundef %57) #2\n  %59 = load ptr, ptr %5, align 8\n  %60 = getelementptr inbounds %struct.TYPE_17__, ptr %59, i64 0, i32 3\n  store i32 %58, ptr %60, align 4\n  %61 = load i32, ptr @SIZE_MAX, align 4\n  %62 = icmp eq i32 %58, %61\n  br i1 %62, label %63, label %73\n"
    },
    {
        "unoptimized": "%93 = load ptr, ptr %5, align 8\n  %94 = load i32, ptr @MODULE_NAME, align 4\n  %95 = load ptr, ptr %6, align 8\n  %96 = load i64, ptr %8, align 8\n  %97 = getelementptr inbounds %struct.phr_header, ptr %95, i64 %96\n  %98 = getelementptr inbounds %struct.phr_header, ptr %97, i32 0, i32 3\n  %99 = load i32, ptr %98, align 8\n  %100 = load ptr, ptr %6, align 8\n  %101 = load i64, ptr %8, align 8\n  %102 = getelementptr inbounds %struct.phr_header, ptr %100, i64 %101\n  %103 = getelementptr inbounds %struct.phr_header, ptr %102, i32 0, i32 2\n  %104 = load ptr, ptr %103, align 8\n  %105 = call i32 (ptr, i32, ptr, ...) @h2o_req_log_error(ptr noundef %93, i32 noundef %94, ptr noundef @.str.2, i32 noundef %99, ptr noundef %104)\n  store i32 -1, ptr %4, align 4\n  br label %347\n",
        "optimized": "%64 = load ptr, ptr %5, align 8\n  %65 = load i32, ptr @MODULE_NAME, align 4\n  %66 = load ptr, ptr %6, align 8\n  %67 = load i64, ptr %8, align 8\n  %68 = getelementptr inbounds %struct.phr_header, ptr %66, i64 %67, i32 3\n  %69 = load i32, ptr %68, align 8\n  %70 = getelementptr inbounds %struct.phr_header, ptr %66, i64 %67, i32 2\n  %71 = load ptr, ptr %70, align 8\n  %72 = call i32 (ptr, i32, ptr, ...) @h2o_req_log_error(ptr noundef %64, i32 noundef %65, ptr noundef nonnull @.str.2, i32 noundef %69, ptr noundef %71) #2\n  store i32 -1, ptr %4, align 4\n  br label %245\n"
    },
    {
        "unoptimized": "br label %156\n",
        "optimized": "br label %106\n"
    },
    {
        "unoptimized": "%108 = load ptr, ptr %5, align 8\n  %109 = getelementptr inbounds %struct.TYPE_19__, ptr %108, i32 0, i32 1\n  %110 = load ptr, ptr %5, align 8\n  %111 = getelementptr inbounds %struct.TYPE_19__, ptr %110, i32 0, i32 0\n  %112 = getelementptr inbounds %struct.TYPE_17__, ptr %111, i32 0, i32 2\n  %113 = load ptr, ptr %9, align 8\n  %114 = load ptr, ptr %5, align 8\n  %115 = getelementptr inbounds %struct.TYPE_19__, ptr %114, i32 0, i32 1\n  %116 = load ptr, ptr %6, align 8\n  %117 = load i64, ptr %8, align 8\n  %118 = getelementptr inbounds %struct.phr_header, ptr %116, i64 %117\n  %119 = getelementptr inbounds %struct.phr_header, ptr %118, i32 0, i32 2\n  %120 = load ptr, ptr %119, align 8\n  %121 = load ptr, ptr %6, align 8\n  %122 = load i64, ptr %8, align 8\n  %123 = getelementptr inbounds %struct.phr_header, ptr %121, i64 %122\n  %124 = getelementptr inbounds %struct.phr_header, ptr %123, i32 0, i32 3\n  %125 = load i32, ptr %124, align 8\n  %126 = call { ptr, i32 }",
        "optimized": "%75 = load ptr, ptr %5, align 8\n  %76 = getelementptr inbounds %struct.TYPE_19__, ptr %75, i64 0, i32 1\n  %77 = getelementptr inbounds %struct.TYPE_17__, ptr %75, i64 0, i32 2\n  %78 = load ptr, ptr %9, align 8\n  %79 = getelementptr inbounds %struct.TYPE_19__, ptr %75, i64 0, i32 1\n  %80 = load ptr, ptr %6, align 8\n  %81 = load i64, ptr %8, align 8\n  %82 = getelementptr inbounds %struct.phr_header, ptr %80, i64 %81, i32 2\n  %83 = load ptr, ptr %82, align 8\n  %84 = getelementptr inbounds %struct.phr_header, ptr %80, i64 %81, i32 3\n  %85 = load i32, ptr %84, align 8\n  %86 = call { ptr, i32 }"
    }
]