[
    {
        "unoptimized": "%3 = alloca ptr, align 8\n  %4 = alloca ptr, align 8\n  store ptr %0, ptr %3, align 8\n  store ptr %1, ptr %4, align 8\n  %5 = load ptr, ptr %3, align 8\n  %6 = getelementptr inbounds %struct.TYPE_7__, ptr %5, i32 0, i32 0\n  %7 = getelementptr inbounds %struct.TYPE_6__, ptr %6, i32 0, i32 3\n  %8 = load i64, ptr %7, align 8\n  %9 = icmp ne i64 %8, 0\n  br i1 %9, label %10, label %17\n",
        "optimized": "%3 = alloca ptr, align 8\n  %4 = alloca ptr, align 8\n  store ptr %0, ptr %3, align 8\n  store ptr %1, ptr %4, align 8\n  %5 = getelementptr inbounds %struct.TYPE_6__, ptr %0, i64 0, i32 3\n  %6 = load i64, ptr %5, align 8\n  %.not = icmp eq i64 %6, 0\n  br i1 %.not, label %12, label %7\n"
    },
    {
        "unoptimized": "%11 = load ptr, ptr %4, align 8\n  %12 = load ptr, ptr %3, align 8\n  %13 = call i32 %11(ptr noundef %12, i32 noundef 0)\n  %14 = load ptr, ptr %3, align 8\n  %15 = getelementptr inbounds %struct.TYPE_7__, ptr %14, i32 0, i32 0\n  %16 = getelementptr inbounds %struct.TYPE_6__, ptr %15, i32 0, i32 3\n  store i64 0, ptr %16, align 8\n  br label %17\n",
        "optimized": "%8 = load ptr, ptr %4, align 8\n  %9 = load ptr, ptr %3, align 8\n  %10 = call i32 %8(ptr noundef %9, i32 noundef 0) #1\n  %11 = getelementptr inbounds %struct.TYPE_6__, ptr %9, i64 0, i32 3\n  store i64 0, ptr %11, align 8\n  br label %12\n"
    },
    {
        "unoptimized": "%18 = load i32, ptr @H2O_SOCKET_LATENCY_OPTIMIZATION_STATE_DISABLED, align 4\n  %19 = load ptr, ptr %3, align 8\n  %20 = getelementptr inbounds %struct.TYPE_7__, ptr %19, i32 0, i32 0\n  %21 = getelementptr inbounds %struct.TYPE_6__, ptr %20, i32 0, i32 2\n  store i32 %18, ptr %21, align 8\n  %22 = load ptr, ptr %3, align 8\n  %23 = getelementptr inbounds %struct.TYPE_7__, ptr %22, i32 0, i32 0\n  %24 = getelementptr inbounds %struct.TYPE_6__, ptr %23, i32 0, i32 0\n  store i32 16384, ptr %24, align 8\n  %25 = load i32, ptr @SIZE_MAX, align 4\n  %26 = load ptr, ptr %3, align 8\n  %27 = getelementptr inbounds %struct.TYPE_7__, ptr %26, i32 0, i32 0\n  %28 = getelementptr inbounds %struct.TYPE_6__, ptr %27, i32 0, i32 1\n  store i32 %25, ptr %28, align 4\n  ret void\n}",
        "optimized": "%13 = load i32, ptr @H2O_SOCKET_LATENCY_OPTIMIZATION_STATE_DISABLED, align 4\n  %14 = load ptr, ptr %3, align 8\n  %15 = getelementptr inbounds %struct.TYPE_6__, ptr %14, i64 0, i32 2\n  store i32 %13, ptr %15, align 8\n  store i32 16384, ptr %14, align 8\n  %16 = load i32, ptr @SIZE_MAX, align 4\n  %17 = getelementptr inbounds %struct.TYPE_6__, ptr %14, i64 0, i32 1\n  store i32 %16, ptr %17, align 4\n  ret void\n}"
    }
]