[
    {
        "unoptimized": "%4 = alloca ptr, align 8\n  %5 = alloca ptr, align 8\n  %6 = alloca i32, align 4\n  %7 = alloca i32, align 4\n  %8 = alloca i32, align 4\n  %9 = alloca i32, align 4\n  store ptr %0, ptr %4, align 8\n  store ptr %1, ptr %5, align 8\n  store i32 %2, ptr %6, align 4\n  %10 = load ptr, ptr %4, align 8\n  %11 = load ptr, ptr %10, align 8\n  %12 = getelementptr inbounds i8, ptr %11, i32 1\n  store ptr %12, ptr %10, align 8\n  %13 = load ptr, ptr %4, align 8\n  %14 = load ptr, ptr %13, align 8\n  %15 = call i32 @simple_strtol(ptr noundef %14, ptr noundef null, i32 noundef 0)\n  store i32 %15, ptr %9, align 4\n  %16 = load i32, ptr %9, align 4\n  %17 = load ptr, ptr %5, align 8\n  %18 = load i32, ptr %17, align 4\n  %19 = sub nsw i32 %16, %18\n  store i32 %19, ptr %8, align 4\n  %20 = load ptr, ptr %5, align 8\n  %21 = load i32, ptr %20, align 4\n  store i32 %21, ptr %7, align 4\n  br label %22\n",
        "optimized": "%4 = alloca ptr, align 8\n  %5 = alloca i32, align 4\n  %6 = alloca i32, align 4\n  %7 = alloca i32, align 4\n  %8 = alloca i32, align 4\n  store ptr %1, ptr %4, align 8\n  store i32 %2, ptr %5, align 4\n  %9 = load ptr, ptr %0, align 8\n  %10 = getelementptr inbounds i8, ptr %9, i64 1\n  store ptr %10, ptr %0, align 8\n  %11 = call i32 @simple_strtol(ptr noundef nonnull %10, ptr noundef null, i32 noundef 0) #2\n  store i32 %11, ptr %8, align 4\n  %12 = load ptr, ptr %4, align 8\n  %13 = load i32, ptr %12, align 4\n  %14 = sub nsw i32 %11, %13\n  store i32 %14, ptr %7, align 4\n  store i32 %13, ptr %6, align 4\n  br label %15\n"
    },
    {
        "unoptimized": "%23 = load i32, ptr %6, align 4\n  %24 = icmp ne i32 %23, 0\n  br i1 %24, label %25, label %29\n",
        "optimized": "%16 = load i32, ptr %5, align 4\n  %.not = icmp eq i32 %16, 0\n  br i1 %.not, label %21, label %17\n"
    },
    {
        "unoptimized": "%26 = load i32, ptr %7, align 4\n  %27 = load i32, ptr %9, align 4\n  %28 = icmp slt i32 %26, %27\n  br label %29\n",
        "optimized": "%18 = load i32, ptr %6, align 4\n  %19 = load i32, ptr %8, align 4\n  %20 = icmp slt i32 %18, %19\n  br label %21\n"
    },
    {
        "unoptimized": "%30 = phi i1 [ false, %22 ], [ %28, %25 ]\n  br i1 %30, label %31, label %40\n",
        "optimized": "%22 = phi i1 [ false, %15 ], [ %20, %17 ]\n  br i1 %22, label %23, label %32\n"
    },
    {
        "unoptimized": "%32 = load i32, ptr %7, align 4\n  %33 = load ptr, ptr %5, align 8\n  %34 = getelementptr inbounds i32, ptr %33, i32 1\n  store ptr %34, ptr %5, align 8\n  store i32 %32, ptr %33, align 4\n  br label %35\n",
        "optimized": "%24 = load i32, ptr %6, align 4\n  %25 = load ptr, ptr %4, align 8\n  %26 = getelementptr inbounds i32, ptr %25, i64 1\n  store ptr %26, ptr %4, align 8\n  store i32 %24, ptr %25, align 4\n  br label %27\n"
    },
    {
        "unoptimized": "%36 = load i32, ptr %7, align 4\n  %37 = add nsw i32 %36, 1\n  store i32 %37, ptr %7, align 4\n  %38 = load i32, ptr %6, align 4\n  %39 = add nsw i32 %38, -1\n  store i32 %39, ptr %6, align 4\n  br label %22, !llvm.loop !6\n",
        "optimized": "%28 = load i32, ptr %6, align 4\n  %29 = add nsw i32 %28, 1\n  store i32 %29, ptr %6, align 4\n  %30 = load i32, ptr %5, align 4\n  %31 = add nsw i32 %30, -1\n  store i32 %31, ptr %5, align 4\n  br label %15, !llvm.loop !6\n"
    },
    {
        "unoptimized": "%41 = load i32, ptr %8, align 4\n  ret i32 %41\n}",
        "optimized": "%33 = load i32, ptr %7, align 4\n  ret i32 %33\n}"
    }
]