[
    {
        "unoptimized": "%3 = alloca ptr, align 8\n  %4 = alloca ptr, align 8\n  %5 = alloca %struct.timeval, align 4\n  store ptr %0, ptr %3, align 8\n  store ptr %1, ptr %4, align 8\n  %6 = load ptr, ptr %3, align 8\n  %7 = getelementptr inbounds %struct.TYPE_16__, ptr %6, i32 0, i32 2\n  %8 = load ptr, ptr %7, align 8\n  %9 = getelementptr inbounds %struct.TYPE_14__, ptr %8, i32 0, i32 0\n  %10 = load i32, ptr %9, align 4\n  %11 = call i32 @h2o_gettimeofday(i32 noundef %10)\n  %12 = getelementptr inbounds %struct.timeval, ptr %5, i32 0, i32 0\n  store i32 %11, ptr %12, align 4\n  %13 = load ptr, ptr %3, align 8\n  %14 = getelementptr inbounds %struct.TYPE_16__, ptr %13, i32 0, i32 1\n  %15 = load i64, ptr %14, align 8\n  %16 = icmp ne i64 %15, 0\n  br i1 %16, label %22, label %17\n",
        "optimized": "%3 = alloca ptr, align 8\n  %4 = alloca ptr, align 8\n  %5 = alloca %struct.timeval, align 4\n  store ptr %0, ptr %3, align 8\n  store ptr %1, ptr %4, align 8\n  %6 = getelementptr inbounds %struct.TYPE_16__, ptr %0, i64 0, i32 2\n  %7 = load ptr, ptr %6, align 8\n  %8 = load i32, ptr %7, align 4\n  %9 = call i32 @h2o_gettimeofday(i32 noundef %8) #2\n  store i32 %9, ptr %5, align 4\n  %10 = load ptr, ptr %3, align 8\n  %11 = getelementptr inbounds %struct.TYPE_16__, ptr %10, i64 0, i32 1\n  %12 = load i64, ptr %11, align 8\n  %.not = icmp eq i64 %12, 0\n  br i1 %.not, label %13, label %16\n"
    },
    {
        "unoptimized": "%18 = load ptr, ptr %3, align 8\n  %19 = getelementptr inbounds %struct.TYPE_16__, ptr %18, i32 0, i32 0\n  %20 = load ptr, ptr %19, align 8\n  %21 = icmp ne ptr %20, null\n  br i1 %21, label %22, label %48\n",
        "optimized": "%14 = load ptr, ptr %3, align 8\n  %15 = load ptr, ptr %14, align 8\n  %.not1 = icmp eq ptr %15, null\n  br i1 %.not1, label %36, label %16\n"
    },
    {
        "unoptimized": "%23 = load ptr, ptr @accept_data_callbacks, align 8\n  %24 = load ptr, ptr %3, align 8\n  %25 = load ptr, ptr %4, align 8\n  %26 = getelementptr inbounds %struct.timeval, ptr %5, i32 0, i32 0\n  %27 = load i32, ptr %26, align 4\n  %28 = call i32 %23(ptr noundef %24, ptr noundef %25, i32 %27)\n  %29 = load ptr, ptr %4, align 8\n  %30 = getelementptr inbounds %struct.TYPE_15__, ptr %29, i32 0, i32 0\n  store i32 %28, ptr %30, align 4\n  %31 = load ptr, ptr %3, align 8\n  %32 = getelementptr inbounds %struct.TYPE_16__, ptr %31, i32 0, i32 1\n  %33 = load i64, ptr %32, align 8\n  %34 = icmp ne i64 %33, 0\n  br i1 %34, label %35, label %39\n",
        "optimized": "%17 = load ptr, ptr @accept_data_callbacks, align 8\n  %18 = load ptr, ptr %3, align 8\n  %19 = load ptr, ptr %4, align 8\n  %20 = load i32, ptr %5, align 4\n  %21 = call i32 %17(ptr noundef %18, ptr noundef %19, i32 %20) #2\n  store i32 %21, ptr %19, align 4\n  %22 = getelementptr inbounds %struct.TYPE_16__, ptr %18, i64 0, i32 1\n  %23 = load i64, ptr %22, align 8\n  %.not2 = icmp eq i64 %23, 0\n  br i1 %.not2, label %28, label %24\n"
    },
    {
        "unoptimized": "%36 = load ptr, ptr %4, align 8\n  %37 = load i32, ptr @on_read_proxy_line, align 4\n  %38 = call i32 @h2o_socket_read_start(ptr noundef %36, i32 noundef %37)\n  br label %47\n",
        "optimized": "%25 = load ptr, ptr %4, align 8\n  %26 = load i32, ptr @on_read_proxy_line, align 4\n  %27 = call i32 @h2o_socket_read_start(ptr noundef %25, i32 noundef %26) #2\n  br label %35\n"
    },
    {
        "unoptimized": "%40 = load ptr, ptr %4, align 8\n  %41 = load ptr, ptr %3, align 8\n  %42 = getelementptr inbounds %struct.TYPE_16__, ptr %41, i32 0, i32 0\n  %43 = load ptr, ptr %42, align 8\n  %44 = call i32 @h2o_iovec_init(ptr noundef null, i32 noundef 0)\n  %45 = load i32, ptr @on_ssl_handshake_complete, align 4\n  %46 = call i32 @h2o_socket_ssl_handshake(ptr noundef %40, ptr noundef %43, ptr noundef null, i32 noundef %44, i32 noundef %45)\n  br label %47\n",
        "optimized": "%29 = load ptr, ptr %4, align 8\n  %30 = load ptr, ptr %3, align 8\n  %31 = load ptr, ptr %30, align 8\n  %32 = call i32 @h2o_iovec_init(ptr noundef null, i32 noundef 0) #2\n  %33 = load i32, ptr @on_ssl_handshake_complete, align 4\n  %34 = call i32 @h2o_socket_ssl_handshake(ptr noundef %29, ptr noundef %31, ptr noundef null, i32 noundef %32, i32 noundef %33) #2\n  br label %35\n"
    },
    {
        "unoptimized": "br label %54\n",
        "optimized": "br label %41\n"
    },
    {
        "unoptimized": "%49 = load ptr, ptr %3, align 8\n  %50 = load ptr, ptr %4, align 8\n  %51 = getelementptr inbounds %struct.timeval, ptr %5, i32 0, i32 0\n  %52 = load i32, ptr %51, align 4\n  %53 = call i32 @h2o_http1_accept(ptr noundef %49, ptr noundef %50, i32 %52)\n  br label %54\n",
        "optimized": "%37 = load ptr, ptr %3, align 8\n  %38 = load ptr, ptr %4, align 8\n  %39 = load i32, ptr %5, align 4\n  %40 = call i32 @h2o_http1_accept(ptr noundef %37, ptr noundef %38, i32 %39) #2\n  br label %41\n"
    },
    {
        "unoptimized": "ret void\n}",
        "optimized": "ret void\n}"
    }
]