[
    {
        "unoptimized": "%5 = alloca i64, align 8\n  %6 = alloca ptr, align 8\n  %7 = alloca i64, align 8\n  %8 = alloca ptr, align 8\n  %9 = alloca i64, align 8\n  %10 = alloca i64, align 8\n  %11 = alloca i64, align 8\n  store ptr %0, ptr %6, align 8\n  store i64 %1, ptr %7, align 8\n  store ptr %2, ptr %8, align 8\n  store i64 %3, ptr %9, align 8\n  %12 = load i64, ptr %7, align 8\n  %13 = load i64, ptr %9, align 8\n  %14 = icmp uge i64 %12, %13\n  br i1 %14, label %15, label %57\n",
        "optimized": "%5 = alloca i64, align 8\n  %6 = alloca ptr, align 8\n  %7 = alloca i64, align 8\n  %8 = alloca ptr, align 8\n  %9 = alloca i64, align 8\n  %10 = alloca i64, align 8\n  %11 = alloca i64, align 8\n  store ptr %0, ptr %6, align 8\n  store i64 %1, ptr %7, align 8\n  store ptr %2, ptr %8, align 8\n  store i64 %3, ptr %9, align 8\n  %.not = icmp ult i64 %1, %3\n  br i1 %.not, label %48, label %12\n"
    },
    {
        "unoptimized": "%16 = load i64, ptr %7, align 8\n  %17 = load i64, ptr %9, align 8\n  %18 = sub i64 %16, %17\n  %19 = add i64 %18, 1\n  store i64 %19, ptr %11, align 8\n  %20 = load i64, ptr %9, align 8\n  %21 = icmp eq i64 %20, 0\n  br i1 %21, label %22, label %23\n",
        "optimized": "%13 = load i64, ptr %7, align 8\n  %14 = load i64, ptr %9, align 8\n  %15 = sub i64 %13, %14\n  %16 = add i64 %15, 1\n  store i64 %16, ptr %11, align 8\n  %17 = icmp eq i64 %14, 0\n  br i1 %17, label %18, label %19\n"
    },
    {
        "unoptimized": "store i64 0, ptr %5, align 8\n  br label %59\n",
        "optimized": "store i64 0, ptr %5, align 8\n  br label %50\n"
    },
    {
        "unoptimized": "store i64 0, ptr %10, align 8\n  br label %24\n",
        "optimized": "br label %20\n"
    },
    {
        "unoptimized": "%25 = load i64, ptr %10, align 8\n  %26 = load i64, ptr %11, align 8\n  %27 = icmp ne i64 %25, %26\n  br i1 %27, label %28, label %56\n",
        "optimized": "%storemerge = phi i64 [ 0, %19 ], [ %46, %44 ]\n  store i64 %storemerge, ptr %10, align 8\n  %21 = load i64, ptr %11, align 8\n  %.not1 = icmp eq i64 %storemerge, %21\n  br i1 %.not1, label %47, label %22\n"
    },
    {
        "unoptimized": "%29 = load ptr, ptr %6, align 8\n  %30 = load i64, ptr %10, align 8\n  %31 = getelementptr inbounds i8, ptr %29, i64 %30\n  %32 = load i8, ptr %31, align 1\n  %33 = sext i8 %32 to i32\n  %34 = load ptr, ptr %8, align 8\n  %35 = getelementptr inbounds i8, ptr %34, i64 0\n  %36 = load i8, ptr %35, align 1\n  %37 = sext i8 %36 to i32\n  %38 = icmp eq i32 %33, %37\n  br i1 %38, label %39, label %52\n",
        "optimized": "%23 = load ptr, ptr %6, align 8\n  %24 = load i64, ptr %10, align 8\n  %25 = getelementptr inbounds i8, ptr %23, i64 %24\n  %26 = load i8, ptr %25, align 1\n  %27 = load ptr, ptr %8, align 8\n  %28 = load i8, ptr %27, align 1\n  %29 = icmp eq i8 %26, %28\n  br i1 %29, label %30, label %43\n"
    },
    {
        "unoptimized": "%40 = load ptr, ptr %6, align 8\n  %41 = load i64, ptr %10, align 8\n  %42 = getelementptr inbounds i8, ptr %40, i64 %41\n  %43 = getelementptr inbounds i8, ptr %42, i64 1\n  %44 = load ptr, ptr %8, align 8\n  %45 = getelementptr inbounds i8, ptr %44, i64 1\n  %46 = load i64, ptr %9, align 8\n  %47 = sub i64 %46, 1\n  %48 = call i64 @memcmp(ptr noundef %43, ptr noundef %45, i64 noundef %47)\n  %49 = icmp eq i64 %48, 0\n  br i1 %49, label %50, label %52\n",
        "optimized": "%31 = load ptr, ptr %6, align 8\n  %32 = load i64, ptr %10, align 8\n  %33 = getelementptr inbounds i8, ptr %31, i64 %32\n  %34 = getelementptr inbounds i8, ptr %33, i64 1\n  %35 = load ptr, ptr %8, align 8\n  %36 = getelementptr inbounds i8, ptr %35, i64 1\n  %37 = load i64, ptr %9, align 8\n  %38 = add i64 %37, -1\n  %39 = call i64 @memcmp(ptr noundef nonnull %34, ptr noundef nonnull %36, i64 noundef %38) #2\n  %40 = icmp eq i64 %39, 0\n  br i1 %40, label %41, label %43\n"
    },
    {
        "unoptimized": "%51 = load i64, ptr %10, align 8\n  store i64 %51, ptr %5, align 8\n  br label %59\n",
        "optimized": "%42 = load i64, ptr %10, align 8\n  store i64 %42, ptr %5, align 8\n  br label %50\n"
    },
    {
        "unoptimized": "br label %53\n",
        "optimized": "br label %44\n"
    },
    {
        "unoptimized": "%54 = load i64, ptr %10, align 8\n  %55 = add i64 %54, 1\n  store i64 %55, ptr %10, align 8\n  br label %24, !llvm.loop !6\n",
        "optimized": "%45 = load i64, ptr %10, align 8\n  %46 = add i64 %45, 1\n  br label %20, !llvm.loop !6\n"
    },
    {
        "unoptimized": "br label %57\n",
        "optimized": "br label %48\n"
    },
    {
        "unoptimized": "%58 = load i64, ptr @SIZE_MAX, align 8\n  store i64 %58, ptr %5, align 8\n  br label %59\n",
        "optimized": "%49 = load i64, ptr @SIZE_MAX, align 8\n  store i64 %49, ptr %5, align 8\n  br label %50\n"
    },
    {
        "unoptimized": "%60 = load i64, ptr %5, align 8\n  ret i64 %60\n}",
        "optimized": "%51 = load i64, ptr %5, align 8\n  ret i64 %51\n}"
    }
]