[
    {
        "unoptimized": "%3 = alloca ptr, align 8\n  %4 = alloca ptr, align 8\n  %5 = alloca ptr, align 8\n  store ptr %0, ptr %4, align 8\n  store ptr %1, ptr %5, align 8\n  %6 = load ptr, ptr %5, align 8\n  %7 = call i64 @xa_is_zero(ptr noundef %6)\n  %8 = icmp ne i64 %7, 0\n  br i1 %8, label %9, label %10\n",
        "optimized": "%3 = alloca ptr, align 8\n  %4 = alloca ptr, align 8\n  store ptr %0, ptr %3, align 8\n  store ptr %1, ptr %4, align 8\n  %5 = call i64 @xa_is_zero(ptr noundef %1) #2\n  %.not = icmp eq i64 %5, 0\n  br i1 %.not, label %7, label %6\n"
    },
    {
        "unoptimized": "store ptr null, ptr %3, align 8\n  br label %20\n",
        "optimized": "br label %15\n"
    },
    {
        "unoptimized": "%11 = load ptr, ptr %4, align 8\n  %12 = call i64 @xas_error(ptr noundef %11)\n  %13 = icmp ne i64 %12, 0\n  br i1 %13, label %14, label %18\n",
        "optimized": "%8 = load ptr, ptr %3, align 8\n  %9 = call i64 @xas_error(ptr noundef %8) #2\n  %.not1 = icmp eq i64 %9, 0\n  br i1 %.not1, label %13, label %10\n"
    },
    {
        "unoptimized": "%15 = load ptr, ptr %4, align 8\n  %16 = getelementptr inbounds %struct.xa_state, ptr %15, i32 0, i32 0\n  %17 = load ptr, ptr %16, align 8\n  store ptr %17, ptr %5, align 8\n  br label %18\n",
        "optimized": "%11 = load ptr, ptr %3, align 8\n  %12 = load ptr, ptr %11, align 8\n  store ptr %12, ptr %4, align 8\n  br label %13\n"
    },
    {
        "unoptimized": "%19 = load ptr, ptr %5, align 8\n  store ptr %19, ptr %3, align 8\n  br label %20\n",
        "optimized": "%14 = load ptr, ptr %4, align 8\n  br label %15\n"
    },
    {
        "unoptimized": "%21 = load ptr, ptr %3, align 8\n  ret ptr %21\n}",
        "optimized": "%storemerge = phi ptr [ %14, %13 ], [ null, %6 ]\n  ret ptr %storemerge\n}"
    }
]