[
    {
        "unoptimized": "%5 = alloca ptr, align 8\n  %6 = alloca ptr, align 8\n  %7 = alloca ptr, align 8\n  %8 = alloca ptr, align 8\n  %9 = alloca ptr, align 8\n  %10 = alloca i32, align 4\n  %11 = alloca i32, align 4\n  %12 = alloca i32, align 4\n  %13 = alloca i32, align 4\n  store ptr %0, ptr %5, align 8\n  store ptr %1, ptr %6, align 8\n  store ptr %2, ptr %7, align 8\n  store ptr %3, ptr %8, align 8\n  %14 = load ptr, ptr %6, align 8\n  %15 = load ptr, ptr %14, align 8\n  store ptr %15, ptr %9, align 8\n  store i32 0, ptr %10, align 4\n  br label %16\n",
        "optimized": "%5 = alloca ptr, align 8\n  %6 = alloca ptr, align 8\n  %7 = alloca ptr, align 8\n  %8 = alloca ptr, align 8\n  %9 = alloca ptr, align 8\n  %10 = alloca i32, align 4\n  %11 = alloca i32, align 4\n  %12 = alloca i32, align 4\n  %13 = alloca i32, align 4\n  store ptr %0, ptr %5, align 8\n  store ptr %1, ptr %6, align 8\n  store ptr %2, ptr %7, align 8\n  store ptr %3, ptr %8, align 8\n  %14 = load ptr, ptr %1, align 8\n  store ptr %14, ptr %9, align 8\n  store i32 0, ptr %10, align 4\n  br label %15\n"
    },
    {
        "unoptimized": "%17 = load ptr, ptr %9, align 8\n  %18 = load ptr, ptr %7, align 8\n  %19 = icmp ne ptr %17, %18\n  br i1 %19, label %20, label %23\n",
        "optimized": "%16 = load ptr, ptr %9, align 8\n  %17 = load ptr, ptr %7, align 8\n  %.not = icmp eq ptr %16, %17\n  br i1 %.not, label %21, label %18\n"
    },
    {
        "unoptimized": "%21 = load i32, ptr %10, align 4\n  %22 = icmp eq i32 %21, 0\n  br label %23\n",
        "optimized": "%19 = load i32, ptr %10, align 4\n  %20 = icmp eq i32 %19, 0\n  br label %21\n"
    },
    {
        "unoptimized": "%24 = phi i1 [ false, %16 ], [ %22, %20 ]\n  br i1 %24, label %25, label %62\n",
        "optimized": "%22 = phi i1 [ false, %15 ], [ %20, %18 ]\n  br i1 %22, label %23, label %57\n"
    },
    {
        "unoptimized": "%26 = load ptr, ptr %9, align 8\n  %27 = load i32, ptr %26, align 4\n  %28 = ashr i32 %27, 6\n  switch i32 %28, label %39 [\n    i32 0, label %29\n    i32 1, label %49\n  ]\n",
        "optimized": "%24 = load ptr, ptr %9, align 8\n  %25 = load i32, ptr %24, align 4\n  %26 = ashr i32 %25, 6\n  switch i32 %26, label %36 [\n    i32 0, label %27\n    i32 1, label %45\n  ]\n"
    },
    {
        "unoptimized": "%30 = load ptr, ptr %7, align 8\n  %31 = call i32 @decode_int(ptr noundef %11, ptr noundef %9, ptr noundef %30, i32 noundef 6)\n  store i32 %31, ptr %10, align 4\n  %32 = icmp ne i32 %31, 0\n  br i1 %32, label %33, label %34\n",
        "optimized": "%28 = load ptr, ptr %7, align 8\n  %29 = call i32 @decode_int(ptr noundef nonnull %11, ptr noundef nonnull %9, ptr noundef %28, i32 noundef 6) #2\n  store i32 %29, ptr %10, align 4\n  %.not2 = icmp eq i32 %29, 0\n  br i1 %.not2, label %31, label %30\n"
    },
    {
        "unoptimized": "br label %63\n",
        "optimized": "br label %58\n"
    },
    {
        "unoptimized": "%35 = load ptr, ptr %5, align 8\n  %36 = load i32, ptr %11, align 4\n  %37 = load ptr, ptr %8, align 8\n  %38 = call i32 @handle_table_state_synchronize(ptr noundef %35, i32 noundef %36, ptr noundef %37)\n  store i32 %38, ptr %10, align 4\n  br label %59\n",
        "optimized": "%32 = load ptr, ptr %5, align 8\n  %33 = load i32, ptr %11, align 4\n  %34 = load ptr, ptr %8, align 8\n  %35 = call i32 @handle_table_state_synchronize(ptr noundef %32, i32 noundef %33, ptr noundef %34) #2\n  store i32 %35, ptr %10, align 4\n  br label %54\n"
    },
    {
        "unoptimized": "%40 = load ptr, ptr %7, align 8\n  %41 = call i32 @decode_int(ptr noundef %12, ptr noundef %9, ptr noundef %40, i32 noundef 7)\n  store i32 %41, ptr %10, align 4\n  %42 = icmp ne i32 %41, 0\n  br i1 %42, label %43, label %44\n",
        "optimized": "%37 = load ptr, ptr %7, align 8\n  %38 = call i32 @decode_int(ptr noundef nonnull %12, ptr noundef nonnull %9, ptr noundef %37, i32 noundef 7) #2\n  store i32 %38, ptr %10, align 4\n  %.not3 = icmp eq i32 %38, 0\n  br i1 %.not3, label %40, label %39\n"
    },
    {
        "unoptimized": "br label %63\n",
        "optimized": "br label %58\n"
    },
    {
        "unoptimized": "%45 = load ptr, ptr %5, align 8\n  %46 = load i32, ptr %12, align 4\n  %47 = load ptr, ptr %8, align 8\n  %48 = call i32 @handle_header_ack(ptr noundef %45, i32 noundef %46, ptr noundef %47)\n  store i32 %48, ptr %10, align 4\n  br label %59\n",
        "optimized": "%41 = load ptr, ptr %5, align 8\n  %42 = load i32, ptr %12, align 4\n  %43 = load ptr, ptr %8, align 8\n  %44 = call i32 @handle_header_ack(ptr noundef %41, i32 noundef %42, ptr noundef %43) #2\n  store i32 %44, ptr %10, align 4\n  br label %54\n"
    },
    {
        "unoptimized": "%50 = load ptr, ptr %7, align 8\n  %51 = call i32 @decode_int(ptr noundef %13, ptr noundef %9, ptr noundef %50, i32 noundef 6)\n  store i32 %51, ptr %10, align 4\n  %52 = icmp ne i32 %51, 0\n  br i1 %52, label %53, label %54\n",
        "optimized": "%46 = load ptr, ptr %7, align 8\n  %47 = call i32 @decode_int(ptr noundef nonnull %13, ptr noundef nonnull %9, ptr noundef %46, i32 noundef 6) #2\n  store i32 %47, ptr %10, align 4\n  %.not1 = icmp eq i32 %47, 0\n  br i1 %.not1, label %49, label %48\n"
    },
    {
        "unoptimized": "br label %63\n",
        "optimized": "br label %58\n"
    },
    {
        "unoptimized": "%55 = load ptr, ptr %5, align 8\n  %56 = load i32, ptr %13, align 4\n  %57 = load ptr, ptr %8, align 8\n  %58 = call i32 @handle_stream_cancellation(ptr noundef %55, i32 noundef %56, ptr noundef %57)\n  store i32 %58, ptr %10, align 4\n  br label %59\n",
        "optimized": "%50 = load ptr, ptr %5, align 8\n  %51 = load i32, ptr %13, align 4\n  %52 = load ptr, ptr %8, align 8\n  %53 = call i32 @handle_stream_cancellation(ptr noundef %50, i32 noundef %51, ptr noundef %52) #2\n  store i32 %53, ptr %10, align 4\n  br label %54\n"
    },
    {
        "unoptimized": "%60 = load ptr, ptr %9, align 8\n  %61 = load ptr, ptr %6, align 8\n  store ptr %60, ptr %61, align 8\n  br label %16, !llvm.loop !6\n",
        "optimized": "%55 = load ptr, ptr %9, align 8\n  %56 = load ptr, ptr %6, align 8\n  store ptr %55, ptr %56, align 8\n  br label %15, !llvm.loop !6\n"
    },
    {
        "unoptimized": "br label %63\n",
        "optimized": "br label %58\n"
    },
    {
        "unoptimized": "%64 = load i32, ptr %10, align 4\n  %65 = load i32, ptr @H2O_HTTP3_ERROR_INCOMPLETE, align 4\n  %66 = icmp eq i32 %64, %65\n  br i1 %66, label %67, label %68\n",
        "optimized": "%59 = load i32, ptr %10, align 4\n  %60 = load i32, ptr @H2O_HTTP3_ERROR_INCOMPLETE, align 4\n  %61 = icmp eq i32 %59, %60\n  br i1 %61, label %62, label %63\n"
    },
    {
        "unoptimized": "store i32 0, ptr %10, align 4\n  br label %68\n",
        "optimized": "store i32 0, ptr %10, align 4\n  br label %63\n"
    },
    {
        "unoptimized": "%69 = load i32, ptr %10, align 4\n  ret i32 %69\n}",
        "optimized": "%64 = load i32, ptr %10, align 4\n  ret i32 %64\n}"
    }
]