[
    {
        "unoptimized": "%2 = alloca i32, align 4\n  %3 = alloca ptr, align 8\n  store ptr %0, ptr %3, align 8\n  %4 = load ptr, ptr %3, align 8\n  %5 = load ptr, ptr @H2O_TOKEN_CONNECTION, align 8\n  %6 = icmp eq ptr %4, %5\n  br i1 %6, label %15, label %7\n",
        "optimized": "%2 = alloca i32, align 4\n  %3 = alloca ptr, align 8\n  store ptr %0, ptr %3, align 8\n  %4 = load ptr, ptr @H2O_TOKEN_CONNECTION, align 8\n  %5 = icmp eq ptr %4, %0\n  br i1 %5, label %14, label %6\n"
    },
    {
        "unoptimized": "%8 = load ptr, ptr %3, align 8\n  %9 = load ptr, ptr @H2O_TOKEN_CONTENT_LENGTH, align 8\n  %10 = icmp eq ptr %8, %9\n  br i1 %10, label %15, label %11\n",
        "optimized": "%7 = load ptr, ptr %3, align 8\n  %8 = load ptr, ptr @H2O_TOKEN_CONTENT_LENGTH, align 8\n  %9 = icmp eq ptr %7, %8\n  br i1 %9, label %14, label %10\n"
    },
    {
        "unoptimized": "%12 = load ptr, ptr %3, align 8\n  %13 = load ptr, ptr @H2O_TOKEN_TRANSFER_ENCODING, align 8\n  %14 = icmp eq ptr %12, %13\n  br i1 %14, label %15, label %16\n",
        "optimized": "%11 = load ptr, ptr %3, align 8\n  %12 = load ptr, ptr @H2O_TOKEN_TRANSFER_ENCODING, align 8\n  %13 = icmp eq ptr %11, %12\n  br i1 %13, label %14, label %15\n"
    },
    {
        "unoptimized": "store i32 1, ptr %2, align 4\n  br label %26\n",
        "optimized": "store i32 1, ptr %2, align 4\n  br label %25\n"
    },
    {
        "unoptimized": "%17 = load ptr, ptr %3, align 8\n  %18 = load ptr, ptr @H2O_TOKEN_DATE, align 8\n  %19 = icmp eq ptr %17, %18\n  br i1 %19, label %24, label %20\n",
        "optimized": "%16 = load ptr, ptr %3, align 8\n  %17 = load ptr, ptr @H2O_TOKEN_DATE, align 8\n  %18 = icmp eq ptr %16, %17\n  br i1 %18, label %23, label %19\n"
    },
    {
        "unoptimized": "%21 = load ptr, ptr %3, align 8\n  %22 = load ptr, ptr @H2O_TOKEN_SERVER, align 8\n  %23 = icmp eq ptr %21, %22\n  br i1 %23, label %24, label %25\n",
        "optimized": "%20 = load ptr, ptr %3, align 8\n  %21 = load ptr, ptr @H2O_TOKEN_SERVER, align 8\n  %22 = icmp eq ptr %20, %21\n  br i1 %22, label %23, label %24\n"
    },
    {
        "unoptimized": "store i32 1, ptr %2, align 4\n  br label %26\n",
        "optimized": "store i32 1, ptr %2, align 4\n  br label %25\n"
    },
    {
        "unoptimized": "store i32 0, ptr %2, align 4\n  br label %26\n",
        "optimized": "store i32 0, ptr %2, align 4\n  br label %25\n"
    },
    {
        "unoptimized": "%27 = load i32, ptr %2, align 4\n  ret i32 %27\n}",
        "optimized": "%26 = load i32, ptr %2, align 4\n  ret i32 %26\n}"
    }
]