[
    {
        "unoptimized": "%2 = alloca ptr, align 8\n  %3 = alloca i32, align 4\n  store ptr %0, ptr %2, align 8\n  store i32 0, ptr %3, align 4\n  %4 = load ptr, ptr %2, align 8\n  %5 = getelementptr inbounds %struct.pci_dev, ptr %4, i32 0, i32 1\n  %6 = load ptr, ptr %5, align 8\n  %7 = getelementptr inbounds %struct.TYPE_4__, ptr %6, i32 0, i32 0\n  %8 = load ptr, ptr %7, align 8\n  %9 = icmp ne ptr %8, null\n  br i1 %9, label %10, label %18\n",
        "optimized": "%2 = alloca ptr, align 8\n  %3 = alloca i32, align 4\n  store ptr %0, ptr %2, align 8\n  store i32 0, ptr %3, align 4\n  %4 = getelementptr inbounds %struct.pci_dev, ptr %0, i64 0, i32 1\n  %5 = load ptr, ptr %4, align 8\n  %6 = load ptr, ptr %5, align 8\n  %.not = icmp eq ptr %6, null\n  br i1 %.not, label %13, label %7\n"
    },
    {
        "unoptimized": "%11 = load ptr, ptr %2, align 8\n  %12 = getelementptr inbounds %struct.pci_dev, ptr %11, i32 0, i32 1\n  %13 = load ptr, ptr %12, align 8\n  %14 = getelementptr inbounds %struct.TYPE_4__, ptr %13, i32 0, i32 0\n  %15 = load ptr, ptr %14, align 8\n  %16 = getelementptr inbounds %struct.TYPE_3__, ptr %15, i32 0, i32 0\n  %17 = load i32, ptr %16, align 4\n  store i32 %17, ptr %3, align 4\n  br label %18\n",
        "optimized": "%8 = load ptr, ptr %2, align 8\n  %9 = getelementptr inbounds %struct.pci_dev, ptr %8, i64 0, i32 1\n  %10 = load ptr, ptr %9, align 8\n  %11 = load ptr, ptr %10, align 8\n  %12 = load i32, ptr %11, align 4\n  store i32 %12, ptr %3, align 4\n  br label %13\n"
    },
    {
        "unoptimized": "%19 = load ptr, ptr %2, align 8\n  %20 = getelementptr inbounds %struct.pci_dev, ptr %19, i32 0, i32 0\n  %21 = load i64, ptr %20, align 8\n  %22 = icmp ne i64 %21, 0\n  br i1 %22, label %26, label %23\n",
        "optimized": "%14 = load ptr, ptr %2, align 8\n  %15 = load i64, ptr %14, align 8\n  %.not1 = icmp eq i64 %15, 0\n  br i1 %.not1, label %16, label %20\n"
    },
    {
        "unoptimized": "%24 = load i32, ptr %3, align 4\n  %25 = icmp ne i32 %24, 0\n  br label %26\n",
        "optimized": "%17 = load i32, ptr %3, align 4\n  %18 = icmp ne i32 %17, 0\n  %19 = zext i1 %18 to i32\n  br label %20\n"
    },
    {
        "unoptimized": "%27 = phi i1 [ true, %18 ], [ %25, %23 ]\n  %28 = zext i1 %27 to i32\n  ret i32 %28\n}",
        "optimized": "%21 = phi i32 [ 1, %13 ], [ %19, %16 ]\n  ret i32 %21\n}"
    }
]