[
    {
        "unoptimized": "%2 = alloca ptr, align 8\n  %3 = alloca i64, align 8\n  %4 = alloca i64, align 8\n  %5 = alloca i64, align 8\n  store ptr %0, ptr %2, align 8\n  store i64 1, ptr %4, align 8\n  br label %6\n",
        "optimized": "%2 = alloca ptr, align 8\n  %3 = alloca i64, align 8\n  %4 = alloca i64, align 8\n  %5 = alloca i64, align 8\n  store ptr %0, ptr %2, align 8\n  br label %6\n"
    },
    {
        "unoptimized": "%7 = load i64, ptr %4, align 8\n  %8 = icmp ult i64 %7, 65537\n  br i1 %8, label %9, label %54\n",
        "optimized": "%storemerge = phi i64 [ 1, %1 ], [ %44, %42 ]\n  store i64 %storemerge, ptr %4, align 8\n  %7 = icmp ult i64 %storemerge, 65537\n  br i1 %7, label %8, label %45\n"
    },
    {
        "unoptimized": "%10 = load i64, ptr %4, align 8\n  %11 = sub i64 2147483648, %10\n  store i64 %11, ptr %5, align 8\n  store i64 0, ptr %3, align 8\n  br label %12\n",
        "optimized": "%9 = load i64, ptr %4, align 8\n  %10 = sub i64 2147483648, %9\n  store i64 %10, ptr %5, align 8\n  br label %11\n"
    },
    {
        "unoptimized": "%13 = load i64, ptr %3, align 8\n  %14 = load i64, ptr %4, align 8\n  %15 = icmp ult i64 %13, %14\n  br i1 %15, label %16, label %31\n",
        "optimized": "%storemerge1 = phi i64 [ 0, %8 ], [ %26, %24 ]\n  store i64 %storemerge1, ptr %3, align 8\n  %12 = load i64, ptr %4, align 8\n  %13 = icmp ult i64 %storemerge1, %12\n  br i1 %13, label %14, label %27\n"
    },
    {
        "unoptimized": "%17 = load ptr, ptr %2, align 8\n  %18 = load ptr, ptr %2, align 8\n  %19 = load i64, ptr %5, align 8\n  %20 = load i32, ptr @GFP_KERNEL, align 4\n  %21 = call i64 @ida_alloc_min(ptr noundef %18, i64 noundef %19, i32 noundef %20)\n  %22 = load i64, ptr %5, align 8\n  %23 = load i64, ptr %3, align 8\n  %24 = add i64 %22, %23\n  %25 = icmp ne i64 %21, %24\n  %26 = zext i1 %25 to i32\n  %27 = call i32 @IDA_BUG_ON(ptr noundef %17, i32 noundef %26)\n  br label %28\n",
        "optimized": "%15 = load ptr, ptr %2, align 8\n  %16 = load i64, ptr %5, align 8\n  %17 = load i32, ptr @GFP_KERNEL, align 4\n  %18 = call i64 @ida_alloc_min(ptr noundef %15, i64 noundef %16, i32 noundef %17) #2\n  %19 = load i64, ptr %3, align 8\n  %20 = add i64 %16, %19\n  %21 = icmp ne i64 %18, %20\n  %22 = zext i1 %21 to i32\n  %23 = call i32 @IDA_BUG_ON(ptr noundef %15, i32 noundef %22) #2\n  br label %24\n"
    },
    {
        "unoptimized": "%29 = load i64, ptr %3, align 8\n  %30 = add i64 %29, 1\n  store i64 %30, ptr %3, align 8\n  br label %12, !llvm.loop !6\n",
        "optimized": "%25 = load i64, ptr %3, align 8\n  %26 = add i64 %25, 1\n  br label %11, !llvm.loop !6\n"
    },
    {
        "unoptimized": "%32 = load ptr, ptr %2, align 8\n  %33 = load ptr, ptr %2, align 8\n  %34 = load i64, ptr %5, align 8\n  %35 = load i32, ptr @GFP_KERNEL, align 4\n  %36 = call i64 @ida_alloc_min(ptr noundef %33, i64 noundef %34, i32 noundef %35)\n  %37 = load i64, ptr @ENOSPC, align 8\n  %38 = sub i64 0, %37\n  %39 = icmp ne i64 %36, %38\n  %40 = zext i1 %39 to i32\n  %41 = call i32 @IDA_BUG_ON(ptr noundef %32, i32 noundef %40)\n  %42 = load ptr, ptr %2, align 8\n  %43 = call i32 @ida_destroy(ptr noundef %42)\n  %44 = load ptr, ptr %2, align 8\n  %45 = load ptr, ptr %2, align 8\n  %46 = call i32 @ida_is_empty(ptr noundef %45)\n  %47 = icmp ne i32 %46, 0\n  %48 = xor i1 %47, true\n  %49 = zext i1 %48 to i32\n  %50 = call i32 @IDA_BUG_ON(ptr noundef %44, i32 noundef %49)\n  br label %51\n",
        "optimized": "%28 = load ptr, ptr %2, align 8\n  %29 = load i64, ptr %5, align 8\n  %30 = load i32, ptr @GFP_KERNEL, align 4\n  %31 = call i64 @ida_alloc_min(ptr noundef %28, i64 noundef %29, i32 noundef %30) #2\n  %32 = load i64, ptr @ENOSPC, align 8\n  %33 = sub i64 0, %32\n  %34 = icmp ne i64 %31, %33\n  %35 = zext i1 %34 to i32\n  %36 = call i32 @IDA_BUG_ON(ptr noundef %28, i32 noundef %35) #2\n  %37 = load ptr, ptr %2, align 8\n  %38 = call i32 @ida_destroy(ptr noundef %37) #2\n  %39 = call i32 @ida_is_empty(ptr noundef %37) #2\n  %.not = icmp eq i32 %39, 0\n  %40 = zext i1 %.not to i32\n  %41 = call i32 @IDA_BUG_ON(ptr noundef %37, i32 noundef %40) #2\n  br label %42\n"
    },
    {
        "unoptimized": "%52 = load i64, ptr %4, align 8\n  %53 = mul i64 %52, 2\n  store i64 %53, ptr %4, align 8\n  br label %6, !llvm.loop !8\n",
        "optimized": "%43 = load i64, ptr %4, align 8\n  %44 = shl i64 %43, 1\n  br label %6, !llvm.loop !8\n"
    },
    {
        "unoptimized": "ret void\n}",
        "optimized": "ret void\n}"
    }
]