[
    {
        "unoptimized": "%5 = alloca i32, align 4\n  %6 = alloca ptr, align 8\n  %7 = alloca i32, align 4\n  %8 = alloca i32, align 4\n  %9 = alloca ptr, align 8\n  %10 = alloca i64, align 8\n  %11 = alloca ptr, align 8\n  %12 = alloca ptr, align 8\n  store ptr %0, ptr %6, align 8\n  store i32 %1, ptr %7, align 4\n  store i32 %2, ptr %8, align 4\n  store ptr %3, ptr %9, align 8\n  %13 = load i32, ptr %7, align 4\n  %14 = load i32, ptr %8, align 4\n  %15 = call ptr @__ptr_ring_init_queue_alloc(i32 noundef %13, i32 noundef %14)\n  store ptr %15, ptr %11, align 8\n  %16 = load ptr, ptr %11, align 8\n  %17 = icmp ne ptr %16, null\n  br i1 %17, label %21, label %18\n",
        "optimized": "%5 = alloca ptr, align 8\n  %6 = alloca i32, align 4\n  %7 = alloca i32, align 4\n  %8 = alloca ptr, align 8\n  %9 = alloca i64, align 8\n  %10 = alloca ptr, align 8\n  store ptr %0, ptr %5, align 8\n  store i32 %1, ptr %6, align 4\n  store i32 %2, ptr %7, align 4\n  store ptr %3, ptr %8, align 8\n  %11 = call ptr @__ptr_ring_init_queue_alloc(i32 noundef %1, i32 noundef %2) #2\n  store ptr %11, ptr %10, align 8\n  %.not = icmp eq ptr %11, null\n  br i1 %.not, label %12, label %15\n"
    },
    {
        "unoptimized": "%19 = load i32, ptr @ENOMEM, align 4\n  %20 = sub nsw i32 0, %19\n  store i32 %20, ptr %5, align 4\n  br label %44\n",
        "optimized": "%13 = load i32, ptr @ENOMEM, align 4\n  %14 = sub nsw i32 0, %13\n  br label %32\n"
    },
    {
        "unoptimized": "%22 = load ptr, ptr %6, align 8\n  %23 = getelementptr inbounds %struct.ptr_ring, ptr %22, i32 0, i32 0\n  %24 = load i64, ptr %10, align 8\n  %25 = call i32 @spin_lock_irqsave(ptr noundef %23, i64 noundef %24)\n  %26 = load ptr, ptr %6, align 8\n  %27 = getelementptr inbounds %struct.ptr_ring, ptr %26, i32 0, i32 1\n  %28 = call i32 @spin_lock(ptr noundef %27)\n  %29 = load ptr, ptr %6, align 8\n  %30 = load ptr, ptr %11, align 8\n  %31 = load i32, ptr %7, align 4\n  %32 = load i32, ptr %8, align 4\n  %33 = load ptr, ptr %9, align 8\n  %34 = call ptr @__ptr_ring_swap_queue(ptr noundef %29, ptr noundef %30, i32 noundef %31, i32 noundef %32, ptr noundef %33)\n  store ptr %34, ptr %12, align 8\n  %35 = load ptr, ptr %6, align 8\n  %36 = getelementptr inbounds %struct.ptr_ring, ptr %35, i32 0, i32 1\n  %37 = call i32 @spin_unlock(ptr noundef %36)\n  %38 = load ptr, ptr %6, align 8\n  %39 = getelementptr inbounds %struct.ptr_ring, ptr %38, i32 0, i32 0\n  %40 = load i64, ptr %10, align 8\n  %41 = call i32 @spin_unlock_irqrestore(ptr noundef %39, i64 noundef %40)\n  %42 = load ptr, ptr %12, align 8\n  %43 = call i32 @kvfree(ptr noundef %42)\n  store i32 0, ptr %5, align 4\n  br label %44\n",
        "optimized": "%16 = load ptr, ptr %5, align 8\n  %17 = load i64, ptr %9, align 8\n  %18 = call i32 @spin_lock_irqsave(ptr noundef %16, i64 noundef %17) #2\n  %19 = getelementptr inbounds %struct.ptr_ring, ptr %16, i64 0, i32 1\n  %20 = call i32 @spin_lock(ptr noundef nonnull %19) #2\n  %21 = load ptr, ptr %10, align 8\n  %22 = load i32, ptr %6, align 4\n  %23 = load i32, ptr %7, align 4\n  %24 = load ptr, ptr %8, align 8\n  %25 = call ptr @__ptr_ring_swap_queue(ptr noundef %16, ptr noundef %21, i32 noundef %22, i32 noundef %23, ptr noundef %24) #2\n  %26 = load ptr, ptr %5, align 8\n  %27 = getelementptr inbounds %struct.ptr_ring, ptr %26, i64 0, i32 1\n  %28 = call i32 @spin_unlock(ptr noundef nonnull %27) #2\n  %29 = load i64, ptr %9, align 8\n  %30 = call i32 @spin_unlock_irqrestore(ptr noundef %26, i64 noundef %29) #2\n  %31 = call i32 @kvfree(ptr noundef %25) #2\n  br label %32\n"
    },
    {
        "unoptimized": "%45 = load i32, ptr %5, align 4\n  ret i32 %45\n}",
        "optimized": "%storemerge = phi i32 [ %14, %12 ], [ 0, %15 ]\n  ret i32 %storemerge\n}"
    }
]