[
    {
        "unoptimized": "%4 = alloca i32, align 4\n  %5 = alloca ptr, align 8\n  %6 = alloca i32, align 4\n  %7 = alloca i32, align 4\n  store ptr %0, ptr %5, align 8\n  store i32 %1, ptr %6, align 4\n  store i32 %2, ptr %7, align 4\n  %8 = load i32, ptr %6, align 4\n  %9 = load i32, ptr %7, align 4\n  %10 = call i32 @__ptr_ring_init_queue_alloc(i32 noundef %8, i32 noundef %9)\n  %11 = load ptr, ptr %5, align 8\n  %12 = getelementptr inbounds %struct.ptr_ring, ptr %11, i32 0, i32 5\n  store i32 %10, ptr %12, align 8\n  %13 = load ptr, ptr %5, align 8\n  %14 = getelementptr inbounds %struct.ptr_ring, ptr %13, i32 0, i32 5\n  %15 = load i32, ptr %14, align 8\n  %16 = icmp ne i32 %15, 0\n  br i1 %16, label %20, label %17\n",
        "optimized": "%4 = alloca ptr, align 8\n  %5 = alloca i32, align 4\n  store ptr %0, ptr %4, align 8\n  store i32 %1, ptr %5, align 4\n  %6 = call i32 @__ptr_ring_init_queue_alloc(i32 noundef %1, i32 noundef %2) #2\n  %7 = getelementptr inbounds %struct.ptr_ring, ptr %0, i64 0, i32 5\n  store i32 %6, ptr %7, align 8\n  %.not = icmp eq i32 %6, 0\n  br i1 %.not, label %8, label %11\n"
    },
    {
        "unoptimized": "%18 = load i32, ptr @ENOMEM, align 4\n  %19 = sub nsw i32 0, %18\n  store i32 %19, ptr %4, align 4\n  br label %36\n",
        "optimized": "%9 = load i32, ptr @ENOMEM, align 4\n  %10 = sub nsw i32 0, %9\n  br label %22\n"
    },
    {
        "unoptimized": "%21 = load ptr, ptr %5, align 8\n  %22 = load i32, ptr %6, align 4\n  %23 = call i32 @__ptr_ring_set_size(ptr noundef %21, i32 noundef %22)\n  %24 = load ptr, ptr %5, align 8\n  %25 = getelementptr inbounds %struct.ptr_ring, ptr %24, i32 0, i32 2\n  store i64 0, ptr %25, align 8\n  %26 = load ptr, ptr %5, align 8\n  %27 = getelementptr inbounds %struct.ptr_ring, ptr %26, i32 0, i32 3\n  store i64 0, ptr %27, align 8\n  %28 = load ptr, ptr %5, align 8\n  %29 = getelementptr inbounds %struct.ptr_ring, ptr %28, i32 0, i32 4\n  store i64 0, ptr %29, align 8\n  %30 = load ptr, ptr %5, align 8\n  %31 = getelementptr inbounds %struct.ptr_ring, ptr %30, i32 0, i32 1\n  %32 = call i32 @spin_lock_init(ptr noundef %31)\n  %33 = load ptr, ptr %5, align 8\n  %34 = getelementptr inbounds %struct.ptr_ring, ptr %33, i32 0, i32 0\n  %35 = call i32 @spin_lock_init(ptr noundef %34)\n  store i32 0, ptr %4, align 4\n  br label %36\n",
        "optimized": "%12 = load ptr, ptr %4, align 8\n  %13 = load i32, ptr %5, align 4\n  %14 = call i32 @__ptr_ring_set_size(ptr noundef %12, i32 noundef %13) #2\n  %15 = getelementptr inbounds %struct.ptr_ring, ptr %12, i64 0, i32 2\n  store i64 0, ptr %15, align 8\n  %16 = getelementptr inbounds %struct.ptr_ring, ptr %12, i64 0, i32 3\n  store i64 0, ptr %16, align 8\n  %17 = load ptr, ptr %4, align 8\n  %18 = getelementptr inbounds %struct.ptr_ring, ptr %17, i64 0, i32 4\n  store i64 0, ptr %18, align 8\n  %19 = getelementptr inbounds %struct.ptr_ring, ptr %17, i64 0, i32 1\n  %20 = call i32 @spin_lock_init(ptr noundef nonnull %19) #2\n  %21 = call i32 @spin_lock_init(ptr noundef %17) #2\n  br label %22\n"
    },
    {
        "unoptimized": "%37 = load i32, ptr %4, align 4\n  ret i32 %37\n}",
        "optimized": "%storemerge = phi i32 [ %10, %8 ], [ 0, %11 ]\n  ret i32 %storemerge\n}"
    }
]