[
    {
        "unoptimized": "%4 = alloca i32, align 4\n  %5 = alloca ptr, align 8\n  %6 = alloca i64, align 8\n  %7 = alloca ptr, align 8\n  %8 = alloca ptr, align 8\n  %9 = alloca ptr, align 8\n  store ptr %0, ptr %5, align 8\n  store i64 %1, ptr %6, align 8\n  store ptr %2, ptr %7, align 8\n  %10 = load i64, ptr %6, align 8\n  %11 = load i64, ptr @SIZE_MAX, align 8\n  %12 = icmp eq i64 %10, %11\n  br i1 %12, label %13, label %16\n",
        "optimized": "%4 = alloca i32, align 4\n  %5 = alloca ptr, align 8\n  %6 = alloca i64, align 8\n  %7 = alloca ptr, align 8\n  %8 = alloca ptr, align 8\n  %9 = alloca ptr, align 8\n  store ptr %0, ptr %5, align 8\n  store i64 %1, ptr %6, align 8\n  store ptr %2, ptr %7, align 8\n  %10 = load i64, ptr @SIZE_MAX, align 8\n  %11 = icmp eq i64 %10, %1\n  br i1 %11, label %12, label %15\n"
    },
    {
        "unoptimized": "%14 = load ptr, ptr %5, align 8\n  %15 = call i64 @strlen(ptr noundef %14)\n  store i64 %15, ptr %6, align 8\n  br label %16\n",
        "optimized": "%13 = load ptr, ptr %5, align 8\n  %14 = call i64 @strlen(ptr noundef nonnull dereferenceable(1) %13) #2\n  store i64 %14, ptr %6, align 8\n  br label %15\n"
    },
    {
        "unoptimized": "%17 = load ptr, ptr %5, align 8\n  %18 = load i64, ptr %6, align 8\n  %19 = getelementptr inbounds i8, ptr %17, i64 %18\n  store ptr %19, ptr %8, align 8\n  %20 = load ptr, ptr %5, align 8\n  %21 = load ptr, ptr %8, align 8\n  %22 = load ptr, ptr %7, align 8\n  %23 = getelementptr inbounds %struct.TYPE_4__, ptr %22, i32 0, i32 0\n  %24 = call ptr @parse_scheme(ptr noundef %20, ptr noundef %21, ptr noundef %23)\n  store ptr %24, ptr %9, align 8\n  %25 = icmp eq ptr %24, null\n  br i1 %25, label %26, label %27\n",
        "optimized": "%16 = load ptr, ptr %5, align 8\n  %17 = load i64, ptr %6, align 8\n  %18 = getelementptr inbounds i8, ptr %16, i64 %17\n  store ptr %18, ptr %8, align 8\n  %19 = load ptr, ptr %7, align 8\n  %20 = call ptr @parse_scheme(ptr noundef %16, ptr noundef %18, ptr noundef %19) #2\n  store ptr %20, ptr %9, align 8\n  %21 = icmp eq ptr %20, null\n  br i1 %21, label %22, label %23\n"
    },
    {
        "unoptimized": "store i32 -1, ptr %4, align 4\n  br label %54\n",
        "optimized": "store i32 -1, ptr %4, align 4\n  br label %46\n"
    },
    {
        "unoptimized": "%28 = load ptr, ptr %8, align 8\n  %29 = load ptr, ptr %9, align 8\n  %30 = ptrtoint ptr %28 to i64\n  %31 = ptrtoint ptr %29 to i64\n  %32 = sub i64 %30, %31\n  %33 = icmp sge i64 %32, 2\n  br i1 %33, label %34, label %46\n",
        "optimized": "%24 = load ptr, ptr %8, align 8\n  %25 = load ptr, ptr %9, align 8\n  %26 = ptrtoint ptr %24 to i64\n  %27 = ptrtoint ptr %25 to i64\n  %28 = sub i64 %26, %27\n  %29 = icmp sgt i64 %28, 1\n  br i1 %29, label %30, label %39\n"
    },
    {
        "unoptimized": "%35 = load ptr, ptr %9, align 8\n  %36 = getelementptr inbounds i8, ptr %35, i64 0\n  %37 = load i8, ptr %36, align 1\n  %38 = sext i8 %37 to i32\n  %39 = icmp eq i32 %38, 47\n  br i1 %39, label %40, label %46\n",
        "optimized": "%31 = load ptr, ptr %9, align 8\n  %32 = load i8, ptr %31, align 1\n  %33 = icmp eq i8 %32, 47\n  br i1 %33, label %34, label %39\n"
    },
    {
        "unoptimized": "%41 = load ptr, ptr %9, align 8\n  %42 = getelementptr inbounds i8, ptr %41, i64 1\n  %43 = load i8, ptr %42, align 1\n  %44 = sext i8 %43 to i32\n  %45 = icmp eq i32 %44, 47\n  br i1 %45, label %47, label %46\n",
        "optimized": "%35 = load ptr, ptr %9, align 8\n  %36 = getelementptr inbounds i8, ptr %35, i64 1\n  %37 = load i8, ptr %36, align 1\n  %38 = icmp eq i8 %37, 47\n  br i1 %38, label %40, label %39\n"
    },
    {
        "unoptimized": "store i32 -1, ptr %4, align 4\n  br label %54\n",
        "optimized": "store i32 -1, ptr %4, align 4\n  br label %46\n"
    },
    {
        "unoptimized": "%48 = load ptr, ptr %9, align 8\n  %49 = getelementptr inbounds i8, ptr %48, i64 2\n  store ptr %49, ptr %9, align 8\n  %50 = load ptr, ptr %9, align 8\n  %51 = load ptr, ptr %8, align 8\n  %52 = load ptr, ptr %7, align 8\n  %53 = call i32 @parse_authority_and_path(ptr noundef %50, ptr noundef %51, ptr noundef %52)\n  store i32 %53, ptr %4, align 4\n  br label %54\n",
        "optimized": "%41 = load ptr, ptr %9, align 8\n  %42 = getelementptr inbounds i8, ptr %41, i64 2\n  store ptr %42, ptr %9, align 8\n  %43 = load ptr, ptr %8, align 8\n  %44 = load ptr, ptr %7, align 8\n  %45 = call i32 @parse_authority_and_path(ptr noundef nonnull %42, ptr noundef %43, ptr noundef %44) #2\n  store i32 %45, ptr %4, align 4\n  br label %46\n"
    },
    {
        "unoptimized": "%55 = load i32, ptr %4, align 4\n  ret i32 %55\n}",
        "optimized": "%47 = load i32, ptr %4, align 4\n  ret i32 %47\n}"
    }
]