[
    {
        "unoptimized": "%2 = alloca ptr, align 8\n  %3 = alloca ptr, align 8\n  store ptr %0, ptr %2, align 8\n  %4 = load ptr, ptr %2, align 8\n  store ptr %4, ptr %3, align 8\n  %5 = load ptr, ptr %3, align 8\n  %6 = call i32 @evloop_do_on_socket_close(ptr noundef %5)\n  %7 = load ptr, ptr %3, align 8\n  %8 = call i32 @wreq_free_buffer_if_allocated(ptr noundef %7)\n  %9 = load ptr, ptr %3, align 8\n  %10 = getelementptr inbounds %struct.st_h2o_evloop_socket_t, ptr %9, i32 0, i32 0\n  %11 = load i32, ptr %10, align 4\n  %12 = icmp ne i32 %11, -1\n  br i1 %12, label %13, label %20\n",
        "optimized": "%2 = alloca ptr, align 8\n  store ptr %0, ptr %2, align 8\n  %3 = call i32 @evloop_do_on_socket_close(ptr noundef %0) #2\n  %4 = call i32 @wreq_free_buffer_if_allocated(ptr noundef %0) #2\n  %5 = load i32, ptr %0, align 4\n  %.not = icmp eq i32 %5, -1\n  br i1 %.not, label %10, label %6\n"
    },
    {
        "unoptimized": "%14 = load ptr, ptr %3, align 8\n  %15 = getelementptr inbounds %struct.st_h2o_evloop_socket_t, ptr %14, i32 0, i32 0\n  %16 = load i32, ptr %15, align 4\n  %17 = call i32 @close(i32 noundef %16)\n  %18 = load ptr, ptr %3, align 8\n  %19 = getelementptr inbounds %struct.st_h2o_evloop_socket_t, ptr %18, i32 0, i32 0\n  store i32 -1, ptr %19, align 4\n  br label %20\n",
        "optimized": "%7 = load ptr, ptr %2, align 8\n  %8 = load i32, ptr %7, align 4\n  %9 = call i32 @close(i32 noundef %8) #2\n  store i32 -1, ptr %7, align 4\n  br label %10\n"
    },
    {
        "unoptimized": "%21 = load i32, ptr @H2O_SOCKET_FLAG_IS_DISPOSED, align 4\n  %22 = load ptr, ptr %3, align 8\n  %23 = getelementptr inbounds %struct.st_h2o_evloop_socket_t, ptr %22, i32 0, i32 1\n  store i32 %21, ptr %23, align 4\n  %24 = load ptr, ptr %3, align 8\n  %25 = call i32 @link_to_statechanged(ptr noundef %24)\n  ret void\n}",
        "optimized": "%11 = load i32, ptr @H2O_SOCKET_FLAG_IS_DISPOSED, align 4\n  %12 = load ptr, ptr %2, align 8\n  %13 = getelementptr inbounds %struct.st_h2o_evloop_socket_t, ptr %12, i64 0, i32 1\n  store i32 %11, ptr %13, align 4\n  %14 = call i32 @link_to_statechanged(ptr noundef %12) #2\n  ret void\n}"
    }
]