[
    {
        "unoptimized": "%4 = alloca ptr, align 8\n  %5 = alloca i64, align 8\n  %6 = alloca i64, align 8\n  %7 = alloca i64, align 8\n  %8 = alloca i64, align 8\n  store ptr %0, ptr %4, align 8\n  store i64 %1, ptr %5, align 8\n  store i64 %2, ptr %6, align 8\n  %9 = load i64, ptr %5, align 8\n  store i64 %9, ptr %7, align 8\n  %10 = load i64, ptr %5, align 8\n  %11 = load i64, ptr %6, align 8\n  %12 = sub i64 %10, %11\n  store i64 %12, ptr %8, align 8\n  %13 = load i64, ptr %8, align 8\n  %14 = icmp eq i64 %13, 2\n  br i1 %14, label %15, label %26\n",
        "optimized": "%4 = alloca ptr, align 8\n  %5 = alloca i64, align 8\n  %6 = alloca i64, align 8\n  %7 = alloca i64, align 8\n  store ptr %0, ptr %4, align 8\n  store i64 %1, ptr %5, align 8\n  store i64 %1, ptr %6, align 8\n  %8 = sub i64 %1, %2\n  store i64 %8, ptr %7, align 8\n  %9 = icmp eq i64 %8, 2\n  br i1 %9, label %10, label %20\n"
    },
    {
        "unoptimized": "%16 = load ptr, ptr %4, align 8\n  %17 = load i64, ptr %5, align 8\n  %18 = sub i64 %17, 1\n  %19 = getelementptr inbounds i8, ptr %16, i64 %18\n  %20 = load i8, ptr %19, align 1\n  %21 = sext i8 %20 to i32\n  %22 = icmp eq i32 %21, 46\n  br i1 %22, label %23, label %26\n",
        "optimized": "%11 = load ptr, ptr %4, align 8\n  %12 = load i64, ptr %5, align 8\n  %13 = add i64 %12, -1\n  %14 = getelementptr inbounds i8, ptr %11, i64 %13\n  %15 = load i8, ptr %14, align 1\n  %16 = icmp eq i8 %15, 46\n  br i1 %16, label %17, label %20\n"
    },
    {
        "unoptimized": "%24 = load i64, ptr %5, align 8\n  %25 = add i64 %24, -1\n  store i64 %25, ptr %5, align 8\n  br label %68\n",
        "optimized": "%18 = load i64, ptr %5, align 8\n  %19 = add i64 %18, -1\n  store i64 %19, ptr %5, align 8\n  br label %54\n"
    },
    {
        "unoptimized": "%27 = load i64, ptr %8, align 8\n  %28 = icmp eq i64 %27, 3\n  br i1 %28, label %29, label %67\n",
        "optimized": "%21 = load i64, ptr %7, align 8\n  %22 = icmp eq i64 %21, 3\n  br i1 %22, label %23, label %53\n"
    },
    {
        "unoptimized": "%30 = load ptr, ptr %4, align 8\n  %31 = load i64, ptr %5, align 8\n  %32 = sub i64 %31, 2\n  %33 = getelementptr inbounds i8, ptr %30, i64 %32\n  %34 = load i8, ptr %33, align 1\n  %35 = sext i8 %34 to i32\n  %36 = icmp eq i32 %35, 46\n  br i1 %36, label %37, label %67\n",
        "optimized": "%24 = load ptr, ptr %4, align 8\n  %25 = load i64, ptr %5, align 8\n  %26 = add i64 %25, -2\n  %27 = getelementptr inbounds i8, ptr %24, i64 %26\n  %28 = load i8, ptr %27, align 1\n  %29 = icmp eq i8 %28, 46\n  br i1 %29, label %30, label %53\n"
    },
    {
        "unoptimized": "%38 = load ptr, ptr %4, align 8\n  %39 = load i64, ptr %5, align 8\n  %40 = sub i64 %39, 1\n  %41 = getelementptr inbounds i8, ptr %38, i64 %40\n  %42 = load i8, ptr %41, align 1\n  %43 = sext i8 %42 to i32\n  %44 = icmp eq i32 %43, 46\n  br i1 %44, label %45, label %67\n",
        "optimized": "%31 = load ptr, ptr %4, align 8\n  %32 = load i64, ptr %5, align 8\n  %33 = add i64 %32, -1\n  %34 = getelementptr inbounds i8, ptr %31, i64 %33\n  %35 = load i8, ptr %34, align 1\n  %36 = icmp eq i8 %35, 46\n  br i1 %36, label %37, label %53\n"
    },
    {
        "unoptimized": "%46 = load i64, ptr %5, align 8\n  %47 = sub i64 %46, 2\n  store i64 %47, ptr %5, align 8\n  %48 = load i64, ptr %5, align 8\n  %49 = icmp ugt i64 %48, 1\n  br i1 %49, label %50, label %66\n",
        "optimized": "%38 = load i64, ptr %5, align 8\n  %39 = add i64 %38, -2\n  store i64 %39, ptr %5, align 8\n  %40 = icmp ugt i64 %39, 1\n  br i1 %40, label %41, label %52\n"
    },
    {
        "unoptimized": "%51 = load i64, ptr %5, align 8\n  %52 = add i64 %51, -1\n  store i64 %52, ptr %5, align 8\n  br label %53\n",
        "optimized": "%42 = load i64, ptr %5, align 8\n  br label %43\n"
    },
    {
        "unoptimized": "%54 = load ptr, ptr %4, align 8\n  %55 = load i64, ptr %5, align 8\n  %56 = sub i64 %55, 1\n  %57 = getelementptr inbounds i8, ptr %54, i64 %56\n  %58 = load i8, ptr %57, align 1\n  %59 = sext i8 %58 to i32\n  %60 = icmp ne i32 %59, 47\n  br i1 %60, label %61, label %65\n",
        "optimized": "%storemerge.in = phi i64 [ %42, %41 ], [ %50, %49 ]\n  %storemerge = add i64 %storemerge.in, -1\n  store i64 %storemerge, ptr %5, align 8\n  %44 = load ptr, ptr %4, align 8\n  %45 = add i64 %storemerge.in, -2\n  %46 = getelementptr inbounds i8, ptr %44, i64 %45\n  %47 = load i8, ptr %46, align 1\n  %.not = icmp eq i8 %47, 47\n  br i1 %.not, label %51, label %48\n"
    },
    {
        "unoptimized": "br label %62\n",
        "optimized": "br label %49\n"
    },
    {
        "unoptimized": "%63 = load i64, ptr %5, align 8\n  %64 = add i64 %63, -1\n  store i64 %64, ptr %5, align 8\n  br label %53, !llvm.loop !6\n",
        "optimized": "%50 = load i64, ptr %5, align 8\n  br label %43, !llvm.loop !6\n"
    },
    {
        "unoptimized": "br label %66\n",
        "optimized": "br label %52\n"
    },
    {
        "unoptimized": "br label %67\n",
        "optimized": "br label %53\n"
    },
    {
        "unoptimized": "br label %68\n",
        "optimized": "br label %54\n"
    },
    {
        "unoptimized": "%69 = load i64, ptr %7, align 8\n  %70 = load i64, ptr %5, align 8\n  %71 = sub i64 %69, %70\n  ret i64 %71\n}",
        "optimized": "%55 = load i64, ptr %6, align 8\n  %56 = load i64, ptr %5, align 8\n  %57 = sub i64 %55, %56\n  ret i64 %57\n}"
    }
]