[
    {
        "unoptimized": "%6 = alloca i32, align 4\n  %7 = alloca ptr, align 8\n  %8 = alloca ptr, align 8\n  %9 = alloca i32, align 4\n  %10 = alloca i32, align 4\n  %11 = alloca i32, align 4\n  %12 = alloca %struct.TYPE_3__, align 4\n  store ptr %0, ptr %7, align 8\n  store ptr %1, ptr %8, align 8\n  store i32 %2, ptr %9, align 4\n  store i32 %3, ptr %10, align 4\n  store i32 %4, ptr %11, align 4\n  %13 = call i32 @LZ4_resetStream(ptr noundef %12)\n  %14 = load i32, ptr %9, align 4\n  %15 = load i32, ptr @LZ4_64Klimit, align 4\n  %16 = icmp slt i32 %14, %15\n  br i1 %16, label %17, label %29\n",
        "optimized": "%6 = alloca ptr, align 8\n  %7 = alloca ptr, align 8\n  %8 = alloca i32, align 4\n  %9 = alloca i32, align 4\n  %10 = alloca i32, align 4\n  %11 = alloca %struct.TYPE_3__, align 4\n  store ptr %0, ptr %6, align 8\n  store ptr %1, ptr %7, align 8\n  store i32 %2, ptr %8, align 4\n  store i32 %3, ptr %9, align 4\n  store i32 %4, ptr %10, align 4\n  %12 = call i32 @LZ4_resetStream(ptr noundef nonnull %11) #2\n  %13 = load i32, ptr @LZ4_64Klimit, align 4\n  %14 = icmp sgt i32 %13, %2\n  br i1 %14, label %15, label %26\n"
    },
    {
        "unoptimized": "%18 = getelementptr inbounds %struct.TYPE_3__, ptr %12, i32 0, i32 0\n  %19 = load ptr, ptr %7, align 8\n  %20 = load ptr, ptr %8, align 8\n  %21 = load i32, ptr %9, align 4\n  %22 = load i32, ptr %10, align 4\n  %23 = load i32, ptr @limitedOutput, align 4\n  %24 = load i32, ptr @byut16, align 4\n  %25 = load i32, ptr @noDict, align 4\n  %26 = load i32, ptr @noDictIssue, align 4\n  %27 = load i32, ptr %11, align 4\n  %28 = call i32 @LZ4_compress_generic(ptr noundef %18, ptr noundef %19, ptr noundef %20, i32 noundef %21, i32 noundef %22, i32 noundef %23, i32 noundef %24, i32 noundef %25, i32 noundef %26, i32 noundef %27)\n  store i32 %28, ptr %6, align 4\n  br label %41\n",
        "optimized": "%16 = load ptr, ptr %6, align 8\n  %17 = load ptr, ptr %7, align 8\n  %18 = load i32, ptr %8, align 4\n  %19 = load i32, ptr %9, align 4\n  %20 = load i32, ptr @limitedOutput, align 4\n  %21 = load i32, ptr @byut16, align 4\n  %22 = load i32, ptr @noDict, align 4\n  %23 = load i32, ptr @noDictIssue, align 4\n  %24 = load i32, ptr %10, align 4\n  %25 = call i32 @LZ4_compress_generic(ptr noundef nonnull %11, ptr noundef %16, ptr noundef %17, i32 noundef %18, i32 noundef %19, i32 noundef %20, i32 noundef %21, i32 noundef %22, i32 noundef %23, i32 noundef %24) #2\n  br label %37\n"
    },
    {
        "unoptimized": "%30 = getelementptr inbounds %struct.TYPE_3__, ptr %12, i32 0, i32 0\n  %31 = load ptr, ptr %7, align 8\n  %32 = load ptr, ptr %8, align 8\n  %33 = load i32, ptr %9, align 4\n  %34 = load i32, ptr %10, align 4\n  %35 = load i32, ptr @limitedOutput, align 4\n  %36 = load i32, ptr @byut32, align 4\n  %37 = load i32, ptr @noDict, align 4\n  %38 = load i32, ptr @noDictIssue, align 4\n  %39 = load i32, ptr %11, align 4\n  %40 = call i32 @LZ4_compress_generic(ptr noundef %30, ptr noundef %31, ptr noundef %32, i32 noundef %33, i32 noundef %34, i32 noundef %35, i32 noundef %36, i32 noundef %37, i32 noundef %38, i32 noundef %39)\n  store i32 %40, ptr %6, align 4\n  br label %41\n",
        "optimized": "%27 = load ptr, ptr %6, align 8\n  %28 = load ptr, ptr %7, align 8\n  %29 = load i32, ptr %8, align 4\n  %30 = load i32, ptr %9, align 4\n  %31 = load i32, ptr @limitedOutput, align 4\n  %32 = load i32, ptr @byut32, align 4\n  %33 = load i32, ptr @noDict, align 4\n  %34 = load i32, ptr @noDictIssue, align 4\n  %35 = load i32, ptr %10, align 4\n  %36 = call i32 @LZ4_compress_generic(ptr noundef nonnull %11, ptr noundef %27, ptr noundef %28, i32 noundef %29, i32 noundef %30, i32 noundef %31, i32 noundef %32, i32 noundef %33, i32 noundef %34, i32 noundef %35) #2\n  br label %37\n"
    },
    {
        "unoptimized": "%42 = load i32, ptr %6, align 4\n  ret i32 %42\n}",
        "optimized": "%storemerge = phi i32 [ %36, %26 ], [ %25, %15 ]\n  ret i32 %storemerge\n}"
    }
]