[
    {
        "unoptimized": "%2 = alloca ptr, align 8\n  %3 = alloca i32, align 4\n  %4 = alloca i8, align 1\n  store ptr %0, ptr %2, align 8\n  store i32 0, ptr %3, align 4\n  %5 = load ptr, ptr %2, align 8\n  %6 = load i8, ptr %5, align 1\n  store i8 %6, ptr %4, align 1\n  br label %7\n",
        "optimized": "%2 = alloca ptr, align 8\n  %3 = alloca i32, align 4\n  %4 = alloca i8, align 1\n  store ptr %0, ptr %2, align 8\n  store i32 0, ptr %3, align 4\n  br label %5\n"
    },
    {
        "unoptimized": "%8 = load i8, ptr %4, align 1\n  %9 = sext i8 %8 to i32\n  %10 = icmp sge i32 %9, 48\n  br i1 %10, label %11, label %15\n",
        "optimized": "%storemerge.in = phi ptr [ %0, %1 ], [ %21, %19 ]\n  %storemerge = load i8, ptr %storemerge.in, align 1\n  store i8 %storemerge, ptr %4, align 1\n  %6 = icmp sgt i8 %storemerge, 47\n  br i1 %6, label %7, label %10\n"
    },
    {
        "unoptimized": "%12 = load i8, ptr %4, align 1\n  %13 = sext i8 %12 to i32\n  %14 = icmp sle i32 %13, 57\n  br label %15\n",
        "optimized": "%8 = load i8, ptr %4, align 1\n  %9 = icmp slt i8 %8, 58\n  br label %10\n"
    },
    {
        "unoptimized": "%16 = phi i1 [ false, %7 ], [ %14, %11 ]\n  br i1 %16, label %17, label %29\n",
        "optimized": "%11 = phi i1 [ false, %5 ], [ %9, %7 ]\n  br i1 %11, label %12, label %22\n"
    },
    {
        "unoptimized": "%18 = load i32, ptr %3, align 4\n  %19 = mul nsw i32 %18, 10\n  store i32 %19, ptr %3, align 4\n  %20 = load i8, ptr %4, align 1\n  %21 = sext i8 %20 to i32\n  %22 = sub nsw i32 %21, 48\n  %23 = load i32, ptr %3, align 4\n  %24 = add nsw i32 %23, %22\n  store i32 %24, ptr %3, align 4\n  br label %25\n",
        "optimized": "%13 = load i32, ptr %3, align 4\n  %14 = mul nsw i32 %13, 10\n  store i32 %14, ptr %3, align 4\n  %15 = load i8, ptr %4, align 1\n  %16 = sext i8 %15 to i32\n  %17 = add nsw i32 %16, -48\n  %18 = add nsw i32 %14, %17\n  store i32 %18, ptr %3, align 4\n  br label %19\n"
    },
    {
        "unoptimized": "%26 = load ptr, ptr %2, align 8\n  %27 = getelementptr inbounds i8, ptr %26, i32 1\n  store ptr %27, ptr %2, align 8\n  %28 = load i8, ptr %27, align 1\n  store i8 %28, ptr %4, align 1\n  br label %7, !llvm.loop !6\n",
        "optimized": "%20 = load ptr, ptr %2, align 8\n  %21 = getelementptr inbounds i8, ptr %20, i64 1\n  store ptr %21, ptr %2, align 8\n  br label %5, !llvm.loop !6\n"
    },
    {
        "unoptimized": "%30 = load i32, ptr %3, align 4\n  ret i32 %30\n}",
        "optimized": "%23 = load i32, ptr %3, align 4\n  ret i32 %23\n}"
    }
]