[
    {
        "unoptimized": "%3 = alloca i32, align 4\n  %4 = alloca ptr, align 8\n  %5 = alloca i32, align 4\n  store ptr %0, ptr %4, align 8\n  store i32 %1, ptr %5, align 4\n  %6 = load ptr, ptr %4, align 8\n  %7 = call i64 @xas_invalid(ptr noundef %6)\n  %8 = icmp ne i64 %7, 0\n  br i1 %8, label %9, label %10\n",
        "optimized": "%3 = alloca i32, align 4\n  %4 = alloca ptr, align 8\n  %5 = alloca i32, align 4\n  store ptr %0, ptr %4, align 8\n  store i32 %1, ptr %5, align 4\n  %6 = call i64 @xas_invalid(ptr noundef %0) #2\n  %.not = icmp eq i64 %6, 0\n  br i1 %.not, label %8, label %7\n"
    },
    {
        "unoptimized": "store i32 0, ptr %3, align 4\n  br label %30\n",
        "optimized": "store i32 0, ptr %3, align 4\n  br label %25\n"
    },
    {
        "unoptimized": "%11 = load ptr, ptr %4, align 8\n  %12 = getelementptr inbounds %struct.xa_state, ptr %11, i32 0, i32 1\n  %13 = load i32, ptr %12, align 4\n  %14 = icmp ne i32 %13, 0\n  br i1 %14, label %21, label %15\n",
        "optimized": "%9 = load ptr, ptr %4, align 8\n  %10 = getelementptr inbounds %struct.xa_state, ptr %9, i64 0, i32 1\n  %11 = load i32, ptr %10, align 4\n  %.not1 = icmp eq i32 %11, 0\n  br i1 %.not1, label %12, label %18\n"
    },
    {
        "unoptimized": "%16 = load ptr, ptr %4, align 8\n  %17 = getelementptr inbounds %struct.xa_state, ptr %16, i32 0, i32 2\n  %18 = load i32, ptr %17, align 4\n  %19 = load i32, ptr %5, align 4\n  %20 = call i32 @xa_marked(i32 noundef %18, i32 noundef %19)\n  store i32 %20, ptr %3, align 4\n  br label %30\n",
        "optimized": "%13 = load ptr, ptr %4, align 8\n  %14 = getelementptr inbounds %struct.xa_state, ptr %13, i64 0, i32 2\n  %15 = load i32, ptr %14, align 4\n  %16 = load i32, ptr %5, align 4\n  %17 = call i32 @xa_marked(i32 noundef %15, i32 noundef %16) #2\n  store i32 %17, ptr %3, align 4\n  br label %25\n"
    },
    {
        "unoptimized": "%22 = load ptr, ptr %4, align 8\n  %23 = getelementptr inbounds %struct.xa_state, ptr %22, i32 0, i32 1\n  %24 = load i32, ptr %23, align 4\n  %25 = load ptr, ptr %4, align 8\n  %26 = getelementptr inbounds %struct.xa_state, ptr %25, i32 0, i32 0\n  %27 = load i32, ptr %26, align 4\n  %28 = load i32, ptr %5, align 4\n  %29 = call i32 @node_get_mark(i32 noundef %24, i32 noundef %27, i32 noundef %28)\n  store i32 %29, ptr %3, align 4\n  br label %30\n",
        "optimized": "%19 = load ptr, ptr %4, align 8\n  %20 = getelementptr inbounds %struct.xa_state, ptr %19, i64 0, i32 1\n  %21 = load i32, ptr %20, align 4\n  %22 = load i32, ptr %19, align 4\n  %23 = load i32, ptr %5, align 4\n  %24 = call i32 @node_get_mark(i32 noundef %21, i32 noundef %22, i32 noundef %23) #2\n  store i32 %24, ptr %3, align 4\n  br label %25\n"
    },
    {
        "unoptimized": "%31 = load i32, ptr %3, align 4\n  ret i32 %31\n}",
        "optimized": "%26 = load i32, ptr %3, align 4\n  ret i32 %26\n}"
    }
]