[
    {
        "unoptimized": "%3 = alloca ptr, align 8\n  %4 = alloca ptr, align 8\n  %5 = alloca ptr, align 8\n  %6 = alloca i32, align 4\n  %7 = alloca i32, align 4\n  %8 = alloca %struct.st_fcgi_record_header_t, align 8\n  %9 = alloca i64, align 8\n  store ptr %0, ptr %3, align 8\n  store ptr %1, ptr %4, align 8\n  %10 = load ptr, ptr %3, align 8\n  %11 = getelementptr inbounds %struct.TYPE_13__, ptr %10, i32 0, i32 1\n  %12 = load ptr, ptr %11, align 8\n  store ptr %12, ptr %5, align 8\n  store i32 0, ptr %6, align 4\n  %13 = load ptr, ptr %5, align 8\n  %14 = getelementptr inbounds %struct.st_fcgi_generator_t, ptr %13, i32 0, i32 0\n  %15 = load i32, ptr %14, align 8\n  store i32 %15, ptr %7, align 4\n  %16 = load ptr, ptr %4, align 8\n  %17 = icmp ne ptr %16, null\n  br i1 %17, label %18, label %32\n",
        "optimized": "%3 = alloca ptr, align 8\n  %4 = alloca ptr, align 8\n  %5 = alloca ptr, align 8\n  %6 = alloca i32, align 4\n  %7 = alloca i32, align 4\n  %8 = alloca %struct.st_fcgi_record_header_t, align 8\n  %9 = alloca i64, align 8\n  store ptr %0, ptr %3, align 8\n  store ptr %1, ptr %4, align 8\n  %10 = getelementptr inbounds %struct.TYPE_13__, ptr %0, i64 0, i32 1\n  %11 = load ptr, ptr %10, align 8\n  store ptr %11, ptr %5, align 8\n  store i32 0, ptr %6, align 4\n  %12 = load i32, ptr %11, align 8\n  store i32 %12, ptr %7, align 4\n  %13 = load ptr, ptr %4, align 8\n  %.not = icmp eq ptr %13, null\n  br i1 %.not, label %26, label %14\n"
    },
    {
        "unoptimized": "%19 = load ptr, ptr %5, align 8\n  %20 = getelementptr inbounds %struct.st_fcgi_generator_t, ptr %19, i32 0, i32 0\n  %21 = load i32, ptr %20, align 8\n  %22 = icmp ne i32 %21, 0\n  br i1 %22, label %29, label %23\n",
        "optimized": "%15 = load ptr, ptr %5, align 8\n  %16 = load i32, ptr %15, align 8\n  %.not8 = icmp eq i32 %16, 0\n  br i1 %.not8, label %17, label %23\n"
    },
    {
        "unoptimized": "%24 = load ptr, ptr %5, align 8\n  %25 = getelementptr inbounds %struct.st_fcgi_generator_t, ptr %24, i32 0, i32 3\n  %26 = load i32, ptr %25, align 8\n  %27 = load i32, ptr @MODULE_NAME, align 4\n  %28 = call i32 (i32, i32, ptr, ...) @h2o_req_log_error(i32 noundef %26, i32 noundef %27, ptr noundef @.str)\n  br label %29\n",
        "optimized": "%18 = load ptr, ptr %5, align 8\n  %19 = getelementptr inbounds %struct.st_fcgi_generator_t, ptr %18, i64 0, i32 3\n  %20 = load i32, ptr %19, align 8\n  %21 = load i32, ptr @MODULE_NAME, align 4\n  %22 = call i32 (i32, i32, ptr, ...) @h2o_req_log_error(i32 noundef %20, i32 noundef %21, ptr noundef nonnull @.str) #2\n  br label %23\n"
    },
    {
        "unoptimized": "%30 = load ptr, ptr %5, align 8\n  %31 = call i32 @errorclose(ptr noundef %30)\n  br label %193\n",
        "optimized": "%24 = load ptr, ptr %5, align 8\n  %25 = call i32 @errorclose(ptr noundef %24) #2\n  br label %154\n"
    },
    {
        "unoptimized": "br label %33\n",
        "optimized": "br label %27\n"
    },
    {
        "unoptimized": "%34 = load ptr, ptr %3, align 8\n  %35 = getelementptr inbounds %struct.TYPE_13__, ptr %34, i32 0, i32 0\n  %36 = load ptr, ptr %35, align 8\n  %37 = getelementptr inbounds %struct.TYPE_15__, ptr %36, i32 0, i32 0\n  %38 = load i64, ptr %37, align 8\n  %39 = load i64, ptr @FCGI_RECORD_HEADER_SIZE, align 8\n  %40 = icmp ult i64 %38, %39\n  br i1 %40, label %41, label %42\n",
        "optimized": "%28 = load ptr, ptr %3, align 8\n  %29 = load ptr, ptr %28, align 8\n  %30 = load i64, ptr %29, align 8\n  %31 = load i64, ptr @FCGI_RECORD_HEADER_SIZE, align 8\n  %32 = icmp ult i64 %30, %31\n  br i1 %32, label %33, label %34\n"
    },
    {
        "unoptimized": "br label %138\n",
        "optimized": "br label %112\n"
    },
    {
        "unoptimized": "%43 = load ptr, ptr %3, align 8\n  %44 = getelementptr inbounds %struct.TYPE_13__, ptr %43, i32 0, i32 0\n  %45 = load ptr, ptr %44, align 8\n  %46 = getelementptr inbounds %struct.TYPE_15__, ptr %45, i32 0, i32 1\n  %47 = load i32, ptr %46, align 8\n  %48 = call i32 @decode_header(ptr noundef %8, i32 noundef %47)\n  %49 = load i64, ptr @FCGI_RECORD_HEADER_SIZE, align 8\n  %50 = getelementptr inbounds %struct.st_fcgi_record_header_t, ptr %8, i32 0, i32 0\n  %51 = load i64, ptr %50, align 8\n  %52 = add i64 %49, %51\n  %53 = getelementptr inbounds %struct.st_fcgi_record_header_t, ptr %8, i32 0, i32 1\n  %54 = load i64, ptr %53, align 8\n  %55 = add i64 %52, %54\n  store i64 %55, ptr %9, align 8\n  %56 = load ptr, ptr %3, align 8\n  %57 = getelementptr inbounds %struct.TYPE_13__, ptr %56, i32 0, i32 0\n  %58 = load ptr, ptr %57, align 8\n  %59 = getelementptr inbounds %struct.TYPE_15__, ptr %58, i32 0, i32 0\n  %60 = load i64, ptr %59, align 8\n  %61 = load i64, ptr %9, align 8\n  %62 = icmp ult i64 %60, %61\n  br i1 %62, label %63, label %64\n",
        "optimized": "%35 = load ptr, ptr %3, align 8\n  %36 = load ptr, ptr %35, align 8\n  %37 = getelementptr inbounds %struct.TYPE_15__, ptr %36, i64 0, i32 1\n  %38 = load i32, ptr %37, align 8\n  %39 = call i32 @decode_header(ptr noundef nonnull %8, i32 noundef %38) #2\n  %40 = load i64, ptr @FCGI_RECORD_HEADER_SIZE, align 8\n  %41 = load i64, ptr %8, align 8\n  %42 = add i64 %40, %41\n  %43 = getelementptr inbounds %struct.st_fcgi_record_header_t, ptr %8, i64 0, i32 1\n  %44 = load i64, ptr %43, align 8\n  %45 = add i64 %42, %44\n  store i64 %45, ptr %9, align 8\n  %46 = load ptr, ptr %3, align 8\n  %47 = load ptr, ptr %46, align 8\n  %48 = load i64, ptr %47, align 8\n  %49 = icmp ult i64 %48, %45\n  br i1 %49, label %50, label %51\n"
    },
    {
        "unoptimized": "br label %138\n",
        "optimized": "br label %112\n"
    },
    {
        "unoptimized": "%65 = getelementptr inbounds %struct.st_fcgi_record_header_t, ptr %8, i32 0, i32 2\n  %66 = load i32, ptr %65, align 8\n  switch i32 %66, label %119 [\n    i32 128, label %67\n    i32 129, label %77\n    i32 130, label %103\n  ]\n",
        "optimized": "%52 = getelementptr inbounds %struct.st_fcgi_record_header_t, ptr %8, i64 0, i32 2\n  %53 = load i32, ptr %52, align 8\n  switch i32 %53, label %96 [\n    i32 128, label %54\n    i32 129, label %62\n    i32 130, label %83\n  ]\n"
    },
    {
        "unoptimized": "%68 = load ptr, ptr %5, align 8\n  %69 = call i32 @handle_stdin_record(ptr noundef %68, ptr noundef %8)\n  %70 = icmp ne i32 %69, 0\n  br i1 %70, label %71, label %72\n",
        "optimized": "%55 = load ptr, ptr %5, align 8\n  %56 = call i32 @handle_stdin_record(ptr noundef %55, ptr noundef nonnull %8) #2\n  %.not3 = icmp eq i32 %56, 0\n  br i1 %.not3, label %58, label %57\n"
    },
    {
        "unoptimized": "br label %190\n",
        "optimized": "br label %151\n"
    },
    {
        "unoptimized": "%73 = load ptr, ptr %3, align 8\n  %74 = getelementptr inbounds %struct.TYPE_13__, ptr %73, i32 0, i32 0\n  %75 = load i64, ptr %9, align 8\n  %76 = call i32 @h2o_buffer_consume(ptr noundef %74, i64 noundef %75)\n  br label %137\n",
        "optimized": "%59 = load ptr, ptr %3, align 8\n  %60 = load i64, ptr %9, align 8\n  %61 = call i32 @h2o_buffer_consume(ptr noundef %59, i64 noundef %60) #2\n  br label %111\n"
    },
    {
        "unoptimized": "%78 = getelementptr inbounds %struct.st_fcgi_record_header_t, ptr %8, i32 0, i32 0\n  %79 = load i64, ptr %78, align 8\n  %80 = icmp ne i64 %79, 0\n  br i1 %80, label %81, label %98\n",
        "optimized": "%63 = load i64, ptr %8, align 8\n  %.not2 = icmp eq i64 %63, 0\n  br i1 %.not2, label %79, label %64\n"
    },
    {
        "unoptimized": "%82 = load ptr, ptr %5, align 8\n  %83 = getelementptr inbounds %struct.st_fcgi_generator_t, ptr %82, i32 0, i32 3\n  %84 = load i32, ptr %83, align 8\n  %85 = load i32, ptr @MODULE_NAME, align 4\n  %86 = getelementptr inbounds %struct.st_fcgi_record_header_t, ptr %8, i32 0, i32 0\n  %87 = load i64, ptr %86, align 8\n  %88 = trunc i64 %87 to i32\n  %89 = load ptr, ptr %3, align 8\n  %90 = getelementptr inbounds %struct.TYPE_13__, ptr %89, i32 0, i32 0\n  %91 = load ptr, ptr %90, align 8\n  %92 = getelementptr inbounds %struct.TYPE_15__, ptr %91, i32 0, i32 1\n  %93 = load i32, ptr %92, align 8\n  %94 = sext i32 %93 to i64\n  %95 = load i64, ptr @FCGI_RECORD_HEADER_SIZE, align 8\n  %96 = add i64 %94, %95\n  %97 = call i32 (i32, i32, ptr, ...) @h2o_req_log_error(i32 noundef %84, i32 noundef %85, ptr noundef @.str.1, i32 noundef %88, i64 noundef %96)\n  br label %98\n",
        "optimized": "%65 = load ptr, ptr %5, align 8\n  %66 = getelementptr inbounds %struct.st_fcgi_generator_t, ptr %65, i64 0, i32 3\n  %67 = load i32, ptr %66, align 8\n  %68 = load i32, ptr @MODULE_NAME, align 4\n  %69 = load i64, ptr %8, align 8\n  %70 = trunc i64 %69 to i32\n  %71 = load ptr, ptr %3, align 8\n  %72 = load ptr, ptr %71, align 8\n  %73 = getelementptr inbounds %struct.TYPE_15__, ptr %72, i64 0, i32 1\n  %74 = load i32, ptr %73, align 8\n  %75 = sext i32 %74 to i64\n  %76 = load i64, ptr @FCGI_RECORD_HEADER_SIZE, align 8\n  %77 = add i64 %76, %75\n  %78 = call i32 (i32, i32, ptr, ...) @h2o_req_log_error(i32 noundef %67, i32 noundef %68, ptr noundef nonnull @.str.1, i32 noundef %70, i64 noundef %77) #2\n  br label %79\n"
    },
    {
        "unoptimized": "%99 = load ptr, ptr %3, align 8\n  %100 = getelementptr inbounds %struct.TYPE_13__, ptr %99, i32 0, i32 0\n  %101 = load i64, ptr %9, align 8\n  %102 = call i32 @h2o_buffer_consume(ptr noundef %100, i64 noundef %101)\n  br label %137\n",
        "optimized": "%80 = load ptr, ptr %3, align 8\n  %81 = load i64, ptr %9, align 8\n  %82 = call i32 @h2o_buffer_consume(ptr noundef %80, i64 noundef %81) #2\n  br label %111\n"
    },
    {
        "unoptimized": "%104 = load ptr, ptr %5, align 8\n  %105 = getelementptr inbounds %struct.st_fcgi_generator_t, ptr %104, i32 0, i32 0\n  %106 = load i32, ptr %105, align 8\n  %107 = icmp ne i32 %106, 0\n  br i1 %107, label %114, label %108\n",
        "optimized": "%84 = load ptr, ptr %5, align 8\n  %85 = load i32, ptr %84, align 8\n  %.not1 = icmp eq i32 %85, 0\n  br i1 %.not1, label %86, label %92\n"
    },
    {
        "unoptimized": "%109 = load ptr, ptr %5, align 8\n  %110 = getelementptr inbounds %struct.st_fcgi_generator_t, ptr %109, i32 0, i32 3\n  %111 = load i32, ptr %110, align 8\n  %112 = load i32, ptr @MODULE_NAME, align 4\n  %113 = call i32 (i32, i32, ptr, ...) @h2o_req_log_error(i32 noundef %111, i32 noundef %112, ptr noundef @.str.2)\n  br label %190\n",
        "optimized": "%87 = load ptr, ptr %5, align 8\n  %88 = getelementptr inbounds %struct.st_fcgi_generator_t, ptr %87, i64 0, i32 3\n  %89 = load i32, ptr %88, align 8\n  %90 = load i32, ptr @MODULE_NAME, align 4\n  %91 = call i32 (i32, i32, ptr, ...) @h2o_req_log_error(i32 noundef %89, i32 noundef %90, ptr noundef nonnull @.str.2) #2\n  br label %151\n"
    },
    {
        "unoptimized": "%115 = load ptr, ptr %3, align 8\n  %116 = getelementptr inbounds %struct.TYPE_13__, ptr %115, i32 0, i32 0\n  %117 = load i64, ptr %9, align 8\n  %118 = call i32 @h2o_buffer_consume(ptr noundef %116, i64 noundef %117)\n  store i32 1, ptr %6, align 4\n  br label %186\n",
        "optimized": "%93 = load ptr, ptr %3, align 8\n  %94 = load i64, ptr %9, align 8\n  %95 = call i32 @h2o_buffer_consume(ptr noundef %93, i64 noundef %94) #2\n  store i32 1, ptr %6, align 4\n  br label %147\n"
    },
    {
        "unoptimized": "%120 = load ptr, ptr %5, align 8\n  %121 = getelementptr inbounds %struct.st_fcgi_generator_t, ptr %120, i32 0, i32 3\n  %122 = load i32, ptr %121, align 8\n  %123 = load i32, ptr @MODULE_NAME, align 4\n  %124 = getelementptr inbounds %struct.st_fcgi_record_header_t, ptr %8, i32 0, i32 2\n  %125 = load i32, ptr %124, align 8\n  %126 = call i32 (i32, i32, ptr, ...) @h2o_req_log_error(i32 noundef %122, i32 noundef %123, ptr noundef @.str.3, i32 noundef %125)\n  %127 = load ptr, ptr %3, align 8\n  %128 = getelementptr inbounds %struct.TYPE_13__, ptr %127, i32 0, i32 0\n  %129 = load i64, ptr %9, align 8\n  %130 = call i32 @h2o_buffer_consume(ptr noundef %128, i64 noundef %129)\n  %131 = load ptr, ptr %5, align 8\n  %132 = getelementptr inbounds %struct.st_fcgi_generator_t, ptr %131, i32 0, i32 0\n  %133 = load i32, ptr %132, align 8\n  %134 = icmp ne i32 %133, 0\n  br i1 %134, label %136, label %135\n",
        "optimized": "%97 = load ptr, ptr %5, align 8\n  %98 = getelementptr inbounds %struct.st_fcgi_generator_t, ptr %97, i64 0, i32 3\n  %99 = load i32, ptr %98, align 8\n  %100 = load i32, ptr @MODULE_NAME, align 4\n  %101 = getelementptr inbounds %struct.st_fcgi_record_header_t, ptr %8, i64 0, i32 2\n  %102 = load i32, ptr %101, align 8\n  %103 = call i32 (i32, i32, ptr, ...) @h2o_req_log_error(i32 noundef %99, i32 noundef %100, ptr noundef nonnull @.str.3, i32 noundef %102) #2\n  %104 = load ptr, ptr %3, align 8\n  %105 = load i64, ptr %9, align 8\n  %106 = call i32 @h2o_buffer_consume(ptr noundef %104, i64 noundef %105) #2\n  %107 = load ptr, ptr %5, align 8\n  %108 = load i32, ptr %107, align 8\n  %.not4 = icmp eq i32 %108, 0\n  br i1 %.not4, label %109, label %110\n"
    },
    {
        "unoptimized": "br label %190\n",
        "optimized": "br label %151\n"
    },
    {
        "unoptimized": "br label %186\n",
        "optimized": "br label %147\n"
    },
    {
        "unoptimized": "br label %33\n",
        "optimized": "br label %27\n"
    },
    {
        "unoptimized": "%139 = load ptr, ptr %5, align 8\n  %140 = getelementptr inbounds %struct.st_fcgi_generator_t, ptr %139, i32 0, i32 0\n  %141 = load i32, ptr %140, align 8\n  %142 = icmp ne i32 %141, 0\n  br i1 %142, label %143, label %176\n",
        "optimized": "%113 = load ptr, ptr %5, align 8\n  %114 = load i32, ptr %113, align 8\n  %.not5 = icmp eq i32 %114, 0\n  br i1 %.not5, label %140, label %115\n"
    },
    {
        "unoptimized": "%144 = load i32, ptr %7, align 4\n  %145 = icmp ne i32 %144, 0\n  br i1 %145, label %164, label %146\n",
        "optimized": "%116 = load i32, ptr %7, align 4\n  %.not6 = icmp eq i32 %116, 0\n  br i1 %.not6, label %117, label %131\n"
    },
    {
        "unoptimized": "%147 = load ptr, ptr %5, align 8\n  %148 = getelementptr inbounds %struct.st_fcgi_generator_t, ptr %147, i32 0, i32 2\n  %149 = getelementptr inbounds %struct.TYPE_10__, ptr %148, i32 0, i32 1\n  %150 = load ptr, ptr %149, align 8\n  %151 = getelementptr inbounds %struct.TYPE_9__, ptr %150, i32 0, i32 0\n  %152 = load i64, ptr %151, align 8\n  %153 = icmp eq i64 %152, 0\n  br i1 %153, label %154, label %164\n",
        "optimized": "%118 = load ptr, ptr %5, align 8\n  %119 = getelementptr inbounds %struct.st_fcgi_generator_t, ptr %118, i64 0, i32 2, i32 1\n  %120 = load ptr, ptr %119, align 8\n  %121 = load i64, ptr %120, align 8\n  %122 = icmp eq i64 %121, 0\n  br i1 %122, label %123, label %131\n"
    },
    {
        "unoptimized": "%155 = load ptr, ptr %5, align 8\n  %156 = getelementptr inbounds %struct.st_fcgi_generator_t, ptr %155, i32 0, i32 2\n  %157 = getelementptr inbounds %struct.TYPE_10__, ptr %156, i32 0, i32 0\n  %158 = call i32 @h2o_doublebuffer_prepare_empty(ptr noundef %157)\n  %159 = load ptr, ptr %5, align 8\n  %160 = getelementptr inbounds %struct.st_fcgi_generator_t, ptr %159, i32 0, i32 3\n  %161 = load i32, ptr %160, align 8\n  %162 = load i32, ptr @H2O_SEND_STATE_IN_PROGRESS, align 4\n  %163 = call i32 @h2o_send(i32 noundef %161, ptr noundef null, i32 noundef 0, i32 noundef %162)\n  br label %175\n",
        "optimized": "%124 = load ptr, ptr %5, align 8\n  %125 = getelementptr inbounds %struct.st_fcgi_generator_t, ptr %124, i64 0, i32 2\n  %126 = call i32 @h2o_doublebuffer_prepare_empty(ptr noundef nonnull %125) #2\n  %127 = getelementptr inbounds %struct.st_fcgi_generator_t, ptr %124, i64 0, i32 3\n  %128 = load i32, ptr %127, align 8\n  %129 = load i32, ptr @H2O_SEND_STATE_IN_PROGRESS, align 4\n  %130 = call i32 @h2o_send(i32 noundef %128, ptr noundef null, i32 noundef 0, i32 noundef %129) #2\n  br label %139\n"
    },
    {
        "unoptimized": "%165 = load ptr, ptr %5, align 8\n  %166 = getelementptr inbounds %struct.st_fcgi_generator_t, ptr %165, i32 0, i32 2\n  %167 = getelementptr inbounds %struct.TYPE_10__, ptr %166, i32 0, i32 0\n  %168 = getelementptr inbounds %struct.TYPE_14__, ptr %167, i32 0, i32 0\n  %169 = load i32, ptr %168, align 8\n  %170 = icmp ne i32 %169, 0\n  br i1 %170, label %174, label %171\n",
        "optimized": "%132 = load ptr, ptr %5, align 8\n  %133 = getelementptr inbounds %struct.st_fcgi_generator_t, ptr %132, i64 0, i32 2\n  %134 = load i32, ptr %133, align 8\n  %.not7 = icmp eq i32 %134, 0\n  br i1 %.not7, label %135, label %138\n"
    },
    {
        "unoptimized": "%172 = load ptr, ptr %5, align 8\n  %173 = call i32 @do_send(ptr noundef %172)\n  br label %174\n",
        "optimized": "%136 = load ptr, ptr %5, align 8\n  %137 = call i32 @do_send(ptr noundef %136) #2\n  br label %138\n"
    },
    {
        "unoptimized": "br label %175\n",
        "optimized": "br label %139\n"
    },
    {
        "unoptimized": "br label %176\n",
        "optimized": "br label %140\n"
    },
    {
        "unoptimized": "%177 = load ptr, ptr %5, align 8\n  %178 = load ptr, ptr %5, align 8\n  %179 = getelementptr inbounds %struct.st_fcgi_generator_t, ptr %178, i32 0, i32 1\n  %180 = load ptr, ptr %179, align 8\n  %181 = getelementptr inbounds %struct.TYPE_12__, ptr %180, i32 0, i32 0\n  %182 = getelementptr inbounds %struct.TYPE_11__, ptr %181, i32 0, i32 0\n  %183 = load i32, ptr %182, align 4\n  %184 = load i32, ptr @on_rw_timeout, align 4\n  %185 = call i32 @set_timeout(ptr noundef %177, i32 noundef %183, i32 noundef %184)\n  br label %193\n",
        "optimized": "%141 = load ptr, ptr %5, align 8\n  %142 = getelementptr inbounds %struct.st_fcgi_generator_t, ptr %141, i64 0, i32 1\n  %143 = load ptr, ptr %142, align 8\n  %144 = load i32, ptr %143, align 4\n  %145 = load i32, ptr @on_rw_timeout, align 4\n  %146 = call i32 @set_timeout(ptr noundef %141, i32 noundef %144, i32 noundef %145) #2\n  br label %154\n"
    },
    {
        "unoptimized": "%187 = load ptr, ptr %5, align 8\n  %188 = load i32, ptr %6, align 4\n  %189 = call i32 @send_eos_and_close(ptr noundef %187, i32 noundef %188)\n  br label %193\n",
        "optimized": "%148 = load ptr, ptr %5, align 8\n  %149 = load i32, ptr %6, align 4\n  %150 = call i32 @send_eos_and_close(ptr noundef %148, i32 noundef %149) #2\n  br label %154\n"
    },
    {
        "unoptimized": "%191 = load ptr, ptr %5, align 8\n  %192 = call i32 @errorclose(ptr noundef %191)\n  br label %193\n",
        "optimized": "%152 = load ptr, ptr %5, align 8\n  %153 = call i32 @errorclose(ptr noundef %152) #2\n  br label %154\n"
    },
    {
        "unoptimized": "ret void\n}",
        "optimized": "ret void\n}"
    }
]