[
    {
        "unoptimized": "%2 = alloca ptr, align 8\n  %3 = alloca i32, align 4\n  store ptr %0, ptr %2, align 8\n  store i32 0, ptr %3, align 4\n  br label %4\n",
        "optimized": "%2 = alloca ptr, align 8\n  %3 = alloca i32, align 4\n  store ptr %0, ptr %2, align 8\n  br label %4\n"
    },
    {
        "unoptimized": "%5 = load i32, ptr %3, align 4\n  %6 = load ptr, ptr %2, align 8\n  %7 = getelementptr inbounds %struct.TYPE_3__, ptr %6, i32 0, i32 0\n  %8 = load i32, ptr %7, align 8\n  %9 = icmp slt i32 %5, %8\n  br i1 %9, label %10, label %25\n",
        "optimized": "%storemerge = phi i32 [ 0, %1 ], [ %22, %20 ]\n  store i32 %storemerge, ptr %3, align 4\n  %5 = load ptr, ptr %2, align 8\n  %6 = load i32, ptr %5, align 8\n  %7 = icmp slt i32 %storemerge, %6\n  br i1 %7, label %8, label %23\n"
    },
    {
        "unoptimized": "%11 = call i32 (...) @h2o_rand()\n  %12 = sext i32 %11 to i64\n  %13 = urem i64 %12, 62\n  %14 = getelementptr inbounds [63 x i8], ptr @gen_rand_string.alphanum, i64 0, i64 %13\n  %15 = load i8, ptr %14, align 1\n  %16 = load ptr, ptr %2, align 8\n  %17 = getelementptr inbounds %struct.TYPE_3__, ptr %16, i32 0, i32 1\n  %18 = load ptr, ptr %17, align 8\n  %19 = load i32, ptr %3, align 4\n  %20 = sext i32 %19 to i64\n  %21 = getelementptr inbounds i8, ptr %18, i64 %20\n  store i8 %15, ptr %21, align 1\n  br label %22\n",
        "optimized": "%9 = call i32 (...) @h2o_rand() #2\n  %10 = sext i32 %9 to i64\n  %11 = urem i64 %10, 62\n  %12 = getelementptr inbounds [63 x i8], ptr @gen_rand_string.alphanum, i64 0, i64 %11\n  %13 = load i8, ptr %12, align 1\n  %14 = load ptr, ptr %2, align 8\n  %15 = getelementptr inbounds %struct.TYPE_3__, ptr %14, i64 0, i32 1\n  %16 = load ptr, ptr %15, align 8\n  %17 = load i32, ptr %3, align 4\n  %18 = sext i32 %17 to i64\n  %19 = getelementptr inbounds i8, ptr %16, i64 %18\n  store i8 %13, ptr %19, align 1\n  br label %20\n"
    },
    {
        "unoptimized": "%23 = load i32, ptr %3, align 4\n  %24 = add nsw i32 %23, 1\n  store i32 %24, ptr %3, align 4\n  br label %4, !llvm.loop !6\n",
        "optimized": "%21 = load i32, ptr %3, align 4\n  %22 = add nsw i32 %21, 1\n  br label %4, !llvm.loop !6\n"
    },
    {
        "unoptimized": "%26 = load ptr, ptr %2, align 8\n  %27 = getelementptr inbounds %struct.TYPE_3__, ptr %26, i32 0, i32 1\n  %28 = load ptr, ptr %27, align 8\n  %29 = load ptr, ptr %2, align 8\n  %30 = getelementptr inbounds %struct.TYPE_3__, ptr %29, i32 0, i32 0\n  %31 = load i32, ptr %30, align 8\n  %32 = sext i32 %31 to i64\n  %33 = getelementptr inbounds i8, ptr %28, i64 %32\n  store i8 0, ptr %33, align 1\n  ret void\n}",
        "optimized": "%24 = load ptr, ptr %2, align 8\n  %25 = getelementptr inbounds %struct.TYPE_3__, ptr %24, i64 0, i32 1\n  %26 = load ptr, ptr %25, align 8\n  %27 = load i32, ptr %24, align 8\n  %28 = sext i32 %27 to i64\n  %29 = getelementptr inbounds i8, ptr %26, i64 %28\n  store i8 0, ptr %29, align 1\n  ret void\n}"
    }
]