[
    {
        "unoptimized": "%6 = alloca ptr, align 8\n  %7 = alloca ptr, align 8\n  %8 = alloca ptr, align 8\n  %9 = alloca ptr, align 8\n  %10 = alloca i32, align 4\n  %11 = alloca i32, align 4\n  %12 = alloca ptr, align 8\n  %13 = alloca ptr, align 8\n  %14 = alloca ptr, align 8\n  %15 = alloca i64, align 8\n  store ptr %0, ptr %6, align 8\n  store ptr %1, ptr %7, align 8\n  store ptr %2, ptr %8, align 8\n  store ptr %3, ptr %9, align 8\n  store i32 %4, ptr %10, align 4\n  %16 = call i32 @pthread_rwlock_rdlock(ptr noundef @session_tickets)\n  %17 = load i32, ptr %10, align 4\n  %18 = icmp ne i32 %17, 0\n  br i1 %18, label %19, label %68\n",
        "optimized": "%6 = alloca ptr, align 8\n  %7 = alloca ptr, align 8\n  %8 = alloca ptr, align 8\n  %9 = alloca ptr, align 8\n  %10 = alloca ptr, align 8\n  %11 = alloca ptr, align 8\n  %12 = alloca ptr, align 8\n  %13 = alloca i64, align 8\n  store ptr %0, ptr %6, align 8\n  store ptr %1, ptr %7, align 8\n  store ptr %2, ptr %8, align 8\n  store ptr %3, ptr %9, align 8\n  %14 = call i32 @pthread_rwlock_rdlock(ptr noundef nonnull @session_tickets) #2\n  %.not = icmp eq i32 %4, 0\n  br i1 %.not, label %55, label %15\n"
    },
    {
        "unoptimized": "%20 = load ptr, ptr %7, align 8\n  %21 = load i32, ptr @EVP_MAX_IV_LENGTH, align 4\n  %22 = call i32 @RAND_bytes(ptr noundef %20, i32 noundef %21)\n  %23 = call i64 @time(ptr noundef null)\n  %24 = call ptr @find_ticket_for_encryption(ptr noundef getelementptr inbounds (%struct.TYPE_3__, ptr @session_tickets, i32 0, i32 1), i64 noundef %23)\n  store ptr %24, ptr %12, align 8\n  store ptr null, ptr %13, align 8\n  %25 = load ptr, ptr %12, align 8\n  %26 = icmp ne ptr %25, null\n  br i1 %26, label %27, label %28\n",
        "optimized": "%16 = load ptr, ptr %7, align 8\n  %17 = load i32, ptr @EVP_MAX_IV_LENGTH, align 4\n  %18 = call i32 @RAND_bytes(ptr noundef %16, i32 noundef %17) #2\n  %19 = call i64 @time(ptr noundef null) #2\n  %20 = call ptr @find_ticket_for_encryption(ptr noundef nonnull getelementptr inbounds (%struct.TYPE_3__, ptr @session_tickets, i64 0, i32 1), i64 noundef %19) #2\n  store ptr %20, ptr %10, align 8\n  store ptr null, ptr %11, align 8\n  %.not7 = icmp eq ptr %20, null\n  br i1 %.not7, label %22, label %21\n"
    },
    {
        "unoptimized": "br label %33\n",
        "optimized": "br label %27\n"
    },
    {
        "unoptimized": "%29 = call i32 (...) @EVP_aes_256_cbc()\n  %30 = call i32 (...) @EVP_sha256()\n  %31 = load i32, ptr @UINT64_MAX, align 4\n  %32 = call ptr @new_ticket(i32 noundef %29, i32 noundef %30, i32 noundef 0, i32 noundef %31, i32 noundef 1)\n  store ptr %32, ptr %13, align 8\n  store ptr %32, ptr %12, align 8\n  br label %33\n",
        "optimized": "%23 = call i32 (...) @EVP_aes_256_cbc() #2\n  %24 = call i32 (...) @EVP_sha256() #2\n  %25 = load i32, ptr @UINT64_MAX, align 4\n  %26 = call ptr @new_ticket(i32 noundef %23, i32 noundef %24, i32 noundef 0, i32 noundef %25, i32 noundef 1) #2\n  store ptr %26, ptr %11, align 8\n  store ptr %26, ptr %10, align 8\n  br label %27\n"
    },
    {
        "unoptimized": "%34 = load ptr, ptr %6, align 8\n  %35 = load ptr, ptr %12, align 8\n  %36 = getelementptr inbounds %struct.st_session_ticket_t, ptr %35, i32 0, i32 3\n  %37 = load i32, ptr %36, align 8\n  %38 = call i32 @memcpy(ptr noundef %34, i32 noundef %37, i32 noundef 4)\n  %39 = load ptr, ptr %8, align 8\n  %40 = load ptr, ptr %12, align 8\n  %41 = getelementptr inbounds %struct.st_session_ticket_t, ptr %40, i32 0, i32 2\n  %42 = load i32, ptr %41, align 4\n  %43 = load ptr, ptr %12, align 8\n  %44 = call i32 @session_ticket_get_cipher_key(ptr noundef %43)\n  %45 = load ptr, ptr %7, align 8\n  %46 = call i32 @EVP_EncryptInit_ex(ptr noundef %39, i32 noundef %42, ptr noundef null, i32 noundef %44, ptr noundef %45)\n  store i32 %46, ptr %11, align 4\n  %47 = load i32, ptr %11, align 4\n  %48 = call i32 @assert(i32 noundef %47)\n  %49 = load ptr, ptr %9, align 8\n  %50 = load ptr, ptr %12, align 8\n  %51 = call i32 @session_ticket_get_hmac_key(ptr noundef %50)\n  %52 = load ptr, ptr %12, align 8\n  %53 = getelementptr inbounds %struct.st_session_ticket_t, ptr %52, i32 0, i32 1\n  %54 = load i32, ptr %53, align 8\n  %55 = call i32 @EVP_MD_block_size(i32 noundef %54)\n  %56 = load ptr, ptr %12, align 8\n  %57 = getelementptr inbounds %struct.st_session_ticket_t, ptr %56, i32 0, i32 1\n  %58 = load i32, ptr %57, align 8\n  %59 = call i32 @HMAC_Init_ex(ptr noundef %49, i32 noundef %51, i32 noundef %55, i32 noundef %58, ptr noundef null)\n  store i32 %59, ptr %11, align 4\n  %60 = load i32, ptr %11, align 4\n  %61 = call i32 @assert(i32 noundef %60)\n  %62 = load ptr, ptr %13, align 8\n  %63 = icmp ne ptr %62, null\n  br i1 %63, label %64, label %67\n",
        "optimized": "%28 = load ptr, ptr %6, align 8\n  %29 = load ptr, ptr %10, align 8\n  %30 = getelementptr inbounds %struct.st_session_ticket_t, ptr %29, i64 0, i32 3\n  %31 = load i32, ptr %30, align 8\n  %32 = call i32 @memcpy(ptr noundef %28, i32 noundef %31, i32 noundef 4) #2\n  %33 = load ptr, ptr %8, align 8\n  %34 = getelementptr inbounds %struct.st_session_ticket_t, ptr %29, i64 0, i32 2\n  %35 = load i32, ptr %34, align 4\n  %36 = load ptr, ptr %10, align 8\n  %37 = call i32 @session_ticket_get_cipher_key(ptr noundef %36) #2\n  %38 = load ptr, ptr %7, align 8\n  %39 = call i32 @EVP_EncryptInit_ex(ptr noundef %33, i32 noundef %35, ptr noundef null, i32 noundef %37, ptr noundef %38) #2\n  %40 = call i32 @assert(i32 noundef %39) #2\n  %41 = load ptr, ptr %9, align 8\n  %42 = call i32 @session_ticket_get_hmac_key(ptr noundef %36) #2\n  %43 = getelementptr inbounds %struct.st_session_ticket_t, ptr %36, i64 0, i32 1\n  %44 = load i32, ptr %43, align 8\n  %45 = call i32 @EVP_MD_block_size(i32 noundef %44) #2\n  %46 = getelementptr inbounds %struct.st_session_ticket_t, ptr %36, i64 0, i32 1\n  %47 = load i32, ptr %46, align 8\n  %48 = call i32 @HMAC_Init_ex(ptr noundef %41, i32 noundef %42, i32 noundef %45, i32 noundef %47, ptr noundef null) #2\n  %49 = call i32 @assert(i32 noundef %48) #2\n  %50 = load ptr, ptr %11, align 8\n  %.not8 = icmp eq ptr %50, null\n  br i1 %.not8, label %54, label %51\n"
    },
    {
        "unoptimized": "%65 = load ptr, ptr %12, align 8\n  %66 = call i32 @free_ticket(ptr noundef %65)\n  br label %67\n",
        "optimized": "%52 = load ptr, ptr %10, align 8\n  %53 = call i32 @free_ticket(ptr noundef %52) #2\n  br label %54\n"
    },
    {
        "unoptimized": "store i32 1, ptr %11, align 4\n  br label %129\n",
        "optimized": "br label %105\n"
    },
    {
        "unoptimized": "store i64 0, ptr %15, align 8\n  br label %69\n",
        "optimized": "br label %56\n"
    },
    {
        "unoptimized": "%70 = load i64, ptr %15, align 8\n  %71 = load i64, ptr getelementptr inbounds (%struct.TYPE_3__, ptr @session_tickets, i32 0, i32 1), align 8\n  %72 = icmp ne i64 %70, %71\n  br i1 %72, label %73, label %89\n",
        "optimized": "%storemerge = phi i64 [ 0, %55 ], [ %72, %70 ]\n  store i64 %storemerge, ptr %13, align 8\n  %57 = load i64, ptr getelementptr inbounds (%struct.TYPE_3__, ptr @session_tickets, i64 0, i32 1), align 8\n  %.not1 = icmp eq i64 %storemerge, %57\n  br i1 %.not1, label %73, label %58\n"
    },
    {
        "unoptimized": "%74 = load ptr, ptr getelementptr inbounds (%struct.TYPE_3__, ptr @session_tickets, i32 0, i32 1, i32 1), align 8\n  %75 = load i64, ptr %15, align 8\n  %76 = getelementptr inbounds ptr, ptr %74, i64 %75\n  %77 = load ptr, ptr %76, align 8\n  store ptr %77, ptr %14, align 8\n  %78 = load ptr, ptr %14, align 8\n  %79 = getelementptr inbounds %struct.st_session_ticket_t, ptr %78, i32 0, i32 3\n  %80 = load i32, ptr %79, align 8\n  %81 = load ptr, ptr %6, align 8\n  %82 = call i64 @memcmp(i32 noundef %80, ptr noundef %81, i32 noundef 4)\n  %83 = icmp eq i64 %82, 0\n  br i1 %83, label %84, label %85\n",
        "optimized": "%59 = load ptr, ptr getelementptr inbounds (%struct.TYPE_3__, ptr @session_tickets, i64 0, i32 1, i32 1), align 8\n  %60 = load i64, ptr %13, align 8\n  %61 = getelementptr inbounds ptr, ptr %59, i64 %60\n  %62 = load ptr, ptr %61, align 8\n  store ptr %62, ptr %12, align 8\n  %63 = getelementptr inbounds %struct.st_session_ticket_t, ptr %62, i64 0, i32 3\n  %64 = load i32, ptr %63, align 8\n  %65 = load ptr, ptr %6, align 8\n  %66 = call i64 @memcmp(i32 noundef %64, ptr noundef %65, i32 noundef 4) #2\n  %67 = icmp eq i64 %66, 0\n  br i1 %67, label %68, label %69\n"
    },
    {
        "unoptimized": "br label %90\n",
        "optimized": "br label %74\n"
    },
    {
        "unoptimized": "br label %86\n",
        "optimized": "br label %70\n"
    },
    {
        "unoptimized": "%87 = load i64, ptr %15, align 8\n  %88 = add i64 %87, 1\n  store i64 %88, ptr %15, align 8\n  br label %69, !llvm.loop !6\n",
        "optimized": "%71 = load i64, ptr %13, align 8\n  %72 = add i64 %71, 1\n  br label %56, !llvm.loop !6\n"
    },
    {
        "unoptimized": "store i32 0, ptr %11, align 4\n  br label %130\n",
        "optimized": "br label %106\n"
    },
    {
        "unoptimized": "%91 = load ptr, ptr %8, align 8\n  %92 = load ptr, ptr %14, align 8\n  %93 = getelementptr inbounds %struct.st_session_ticket_t, ptr %92, i32 0, i32 2\n  %94 = load i32, ptr %93, align 4\n  %95 = load ptr, ptr %14, align 8\n  %96 = call i32 @session_ticket_get_cipher_key(ptr noundef %95)\n  %97 = load ptr, ptr %7, align 8\n  %98 = call i32 @EVP_DecryptInit_ex(ptr noundef %91, i32 noundef %94, ptr noundef null, i32 noundef %96, ptr noundef %97)\n  store i32 %98, ptr %11, align 4\n  %99 = load i32, ptr %11, align 4\n  %100 = call i32 @assert(i32 noundef %99)\n  %101 = load ptr, ptr %9, align 8\n  %102 = load ptr, ptr %14, align 8\n  %103 = call i32 @session_ticket_get_hmac_key(ptr noundef %102)\n  %104 = load ptr, ptr %14, align 8\n  %105 = getelementptr inbounds %struct.st_session_ticket_t, ptr %104, i32 0, i32 1\n  %106 = load i32, ptr %105, align 8\n  %107 = call i32 @EVP_MD_block_size(i32 noundef %106)\n  %108 = load ptr, ptr %14, align 8\n  %109 = getelementptr inbounds %struct.st_session_ticket_t, ptr %108, i32 0, i32 1\n  %110 = load i32, ptr %109, align 8\n  %111 = call i32 @HMAC_Init_ex(ptr noundef %101, i32 noundef %103, i32 noundef %107, i32 noundef %110, ptr noundef null)\n  store i32 %111, ptr %11, align 4\n  %112 = load i32, ptr %11, align 4\n  %113 = call i32 @assert(i32 noundef %112)\n  %114 = load i64, ptr %15, align 8\n  %115 = icmp ne i64 %114, 0\n  br i1 %115, label %116, label %127\n",
        "optimized": "%75 = load ptr, ptr %8, align 8\n  %76 = load ptr, ptr %12, align 8\n  %77 = getelementptr inbounds %struct.st_session_ticket_t, ptr %76, i64 0, i32 2\n  %78 = load i32, ptr %77, align 4\n  %79 = call i32 @session_ticket_get_cipher_key(ptr noundef %76) #2\n  %80 = load ptr, ptr %7, align 8\n  %81 = call i32 @EVP_DecryptInit_ex(ptr noundef %75, i32 noundef %78, ptr noundef null, i32 noundef %79, ptr noundef %80) #2\n  %82 = call i32 @assert(i32 noundef %81) #2\n  %83 = load ptr, ptr %9, align 8\n  %84 = load ptr, ptr %12, align 8\n  %85 = call i32 @session_ticket_get_hmac_key(ptr noundef %84) #2\n  %86 = getelementptr inbounds %struct.st_session_ticket_t, ptr %84, i64 0, i32 1\n  %87 = load i32, ptr %86, align 8\n  %88 = call i32 @EVP_MD_block_size(i32 noundef %87) #2\n  %89 = getelementptr inbounds %struct.st_session_ticket_t, ptr %84, i64 0, i32 1\n  %90 = load i32, ptr %89, align 8\n  %91 = call i32 @HMAC_Init_ex(ptr noundef %83, i32 noundef %85, i32 noundef %88, i32 noundef %90, ptr noundef null) #2\n  %92 = call i32 @assert(i32 noundef %91) #2\n  %93 = load i64, ptr %13, align 8\n  %.not2 = icmp eq i64 %93, 0\n  br i1 %.not2, label %103, label %94\n"
    },
    {
        "unoptimized": "%117 = load ptr, ptr getelementptr inbounds (%struct.TYPE_3__, ptr @session_tickets, i32 0, i32 1, i32 1), align 8\n  %118 = load i64, ptr %15, align 8\n  %119 = sub i64 %118, 1\n  %120 = getelementptr inbounds ptr, ptr %117, i64 %119\n  %121 = load ptr, ptr %120, align 8\n  %122 = getelementptr inbounds %struct.st_session_ticket_t, ptr %121, i32 0, i32 0\n  %123 = load i64, ptr %122, align 8\n  %124 = call i64 @time(ptr noundef null)\n  %125 = icmp sle i64 %123, %124\n  br i1 %125, label %126, label %127\n",
        "optimized": "%95 = load ptr, ptr getelementptr inbounds (%struct.TYPE_3__, ptr @session_tickets, i64 0, i32 1, i32 1), align 8\n  %96 = load i64, ptr %13, align 8\n  %97 = add i64 %96, -1\n  %98 = getelementptr inbounds ptr, ptr %95, i64 %97\n  %99 = load ptr, ptr %98, align 8\n  %100 = load i64, ptr %99, align 8\n  %101 = call i64 @time(ptr noundef null) #2\n  %.not6 = icmp sgt i64 %100, %101\n  br i1 %.not6, label %103, label %102\n"
    },
    {
        "unoptimized": "store i32 2, ptr %11, align 4\n  br label %128\n",
        "optimized": "br label %104\n"
    },
    {
        "unoptimized": "store i32 1, ptr %11, align 4\n  br label %128\n",
        "optimized": "br label %104\n"
    },
    {
        "unoptimized": "br label %129\n",
        "optimized": "%storemerge3 = phi i32 [ 1, %103 ], [ 2, %102 ]\n  br label %105\n"
    },
    {
        "unoptimized": "br label %130\n",
        "optimized": "%storemerge4 = phi i32 [ %storemerge3, %104 ], [ 1, %54 ]\n  br label %106\n"
    },
    {
        "unoptimized": "%131 = call i32 @pthread_rwlock_unlock(ptr noundef @session_tickets)\n  %132 = load i32, ptr %11, align 4\n  ret i32 %132\n}",
        "optimized": "%storemerge5 = phi i32 [ %storemerge4, %105 ], [ 0, %73 ]\n  %107 = call i32 @pthread_rwlock_unlock(ptr noundef nonnull @session_tickets) #2\n  ret i32 %storemerge5\n}"
    }
]