[
    {
        "unoptimized": "%2 = alloca ptr, align 8\n  %3 = alloca i64, align 8\n  %4 = alloca i64, align 8\n  %5 = alloca ptr, align 8\n  store i64 %0, ptr %3, align 8\n  store i64 0, ptr %4, align 8\n  br label %6\n",
        "optimized": "%2 = alloca i64, align 8\n  %3 = alloca i64, align 8\n  %4 = alloca ptr, align 8\n  store i64 %0, ptr %2, align 8\n  br label %5\n"
    },
    {
        "unoptimized": "%7 = load i64, ptr %4, align 8\n  %8 = load i64, ptr @quic_keys, align 8\n  %9 = icmp ne i64 %7, %8\n  br i1 %9, label %10, label %25\n",
        "optimized": "%storemerge = phi i64 [ 0, %1 ], [ %19, %17 ]\n  store i64 %storemerge, ptr %3, align 8\n  %6 = load i64, ptr @quic_keys, align 8\n  %.not = icmp eq i64 %storemerge, %6\n  br i1 %.not, label %20, label %7\n"
    },
    {
        "unoptimized": "%11 = load ptr, ptr getelementptr inbounds (%struct.TYPE_3__, ptr @quic_keys, i32 0, i32 1), align 8\n  %12 = load i64, ptr %4, align 8\n  %13 = getelementptr inbounds %struct.st_quic_keyset_t, ptr %11, i64 %12\n  store ptr %13, ptr %5, align 8\n  %14 = load ptr, ptr %5, align 8\n  %15 = getelementptr inbounds %struct.st_quic_keyset_t, ptr %14, i32 0, i32 0\n  %16 = load i64, ptr %15, align 8\n  %17 = load i64, ptr %3, align 8\n  %18 = icmp eq i64 %16, %17\n  br i1 %18, label %19, label %21\n",
        "optimized": "%8 = load ptr, ptr getelementptr inbounds (%struct.TYPE_4__, ptr @quic_keys, i64 0, i32 0, i32 1), align 8\n  %9 = load i64, ptr %3, align 8\n  %10 = getelementptr inbounds %struct.st_quic_keyset_t, ptr %8, i64 %9\n  store ptr %10, ptr %4, align 8\n  %11 = load i64, ptr %10, align 8\n  %12 = load i64, ptr %2, align 8\n  %13 = icmp eq i64 %11, %12\n  br i1 %13, label %14, label %16\n"
    },
    {
        "unoptimized": "%20 = load ptr, ptr %5, align 8\n  store ptr %20, ptr %2, align 8\n  br label %26\n",
        "optimized": "%15 = load ptr, ptr %4, align 8\n  br label %21\n"
    },
    {
        "unoptimized": "br label %22\n",
        "optimized": "br label %17\n"
    },
    {
        "unoptimized": "%23 = load i64, ptr %4, align 8\n  %24 = add i64 %23, 1\n  store i64 %24, ptr %4, align 8\n  br label %6, !llvm.loop !6\n",
        "optimized": "%18 = load i64, ptr %3, align 8\n  %19 = add i64 %18, 1\n  br label %5, !llvm.loop !6\n"
    },
    {
        "unoptimized": "store ptr null, ptr %2, align 8\n  br label %26\n",
        "optimized": "br label %21\n"
    },
    {
        "unoptimized": "%27 = load ptr, ptr %2, align 8\n  ret ptr %27\n}",
        "optimized": "%storemerge1 = phi ptr [ null, %20 ], [ %15, %14 ]\n  ret ptr %storemerge1\n}"
    }
]