[
    {
        "unoptimized": "%3 = alloca i64, align 8\n  %4 = alloca ptr, align 8\n  %5 = alloca i64, align 8\n  %6 = alloca ptr, align 8\n  store ptr %0, ptr %4, align 8\n  store i64 %1, ptr %5, align 8\n  %7 = load ptr, ptr %4, align 8\n  %8 = getelementptr inbounds %struct.TYPE_3__, ptr %7, i32 0, i32 3\n  %9 = load i64, ptr %8, align 8\n  %10 = inttoptr i64 %9 to ptr\n  store ptr %10, ptr %6, align 8\n  %11 = load ptr, ptr %4, align 8\n  %12 = getelementptr inbounds %struct.TYPE_3__, ptr %11, i32 0, i32 1\n  %13 = load ptr, ptr %12, align 8\n  %14 = icmp eq ptr %13, null\n  br i1 %14, label %15, label %32\n",
        "optimized": "%3 = alloca i64, align 8\n  %4 = alloca ptr, align 8\n  %5 = alloca i64, align 8\n  %6 = alloca ptr, align 8\n  store ptr %0, ptr %4, align 8\n  store i64 %1, ptr %5, align 8\n  %7 = getelementptr inbounds %struct.TYPE_3__, ptr %0, i64 0, i32 3\n  %8 = load i64, ptr %7, align 8\n  %9 = inttoptr i64 %8 to ptr\n  store ptr %9, ptr %6, align 8\n  %10 = getelementptr inbounds %struct.TYPE_3__, ptr %0, i64 0, i32 1\n  %11 = load ptr, ptr %10, align 8\n  %12 = icmp eq ptr %11, null\n  br i1 %12, label %13, label %26\n"
    },
    {
        "unoptimized": "%16 = load ptr, ptr %4, align 8\n  %17 = getelementptr inbounds %struct.TYPE_3__, ptr %16, i32 0, i32 2\n  %18 = load ptr, ptr %17, align 8\n  %19 = load ptr, ptr %4, align 8\n  %20 = getelementptr inbounds %struct.TYPE_3__, ptr %19, i32 0, i32 0\n  %21 = load ptr, ptr %20, align 8\n  %22 = call i32 @hxxx_ep3b_total_size(ptr noundef %18, ptr noundef %21)\n  %23 = load ptr, ptr %6, align 8\n  %24 = getelementptr inbounds %struct.hxxx_bsfw_ep3b_ctx_s, ptr %23, i32 0, i32 2\n  store i32 %22, ptr %24, align 4\n  %25 = load ptr, ptr %4, align 8\n  %26 = getelementptr inbounds %struct.TYPE_3__, ptr %25, i32 0, i32 2\n  %27 = load ptr, ptr %26, align 8\n  %28 = load ptr, ptr %4, align 8\n  %29 = getelementptr inbounds %struct.TYPE_3__, ptr %28, i32 0, i32 1\n  store ptr %27, ptr %29, align 8\n  %30 = load ptr, ptr %6, align 8\n  %31 = getelementptr inbounds %struct.hxxx_bsfw_ep3b_ctx_s, ptr %30, i32 0, i32 0\n  store i32 1, ptr %31, align 4\n  store i64 1, ptr %3, align 8\n  br label %62\n",
        "optimized": "%14 = load ptr, ptr %4, align 8\n  %15 = getelementptr inbounds %struct.TYPE_3__, ptr %14, i64 0, i32 2\n  %16 = load ptr, ptr %15, align 8\n  %17 = load ptr, ptr %14, align 8\n  %18 = call i32 @hxxx_ep3b_total_size(ptr noundef %16, ptr noundef %17) #2\n  %19 = load ptr, ptr %6, align 8\n  %20 = getelementptr inbounds %struct.hxxx_bsfw_ep3b_ctx_s, ptr %19, i64 0, i32 2\n  store i32 %18, ptr %20, align 4\n  %21 = load ptr, ptr %4, align 8\n  %22 = getelementptr inbounds %struct.TYPE_3__, ptr %21, i64 0, i32 2\n  %23 = load ptr, ptr %22, align 8\n  %24 = getelementptr inbounds %struct.TYPE_3__, ptr %21, i64 0, i32 1\n  store ptr %23, ptr %24, align 8\n  %25 = load ptr, ptr %6, align 8\n  store i32 1, ptr %25, align 4\n  store i64 1, ptr %3, align 8\n  br label %48\n"
    },
    {
        "unoptimized": "%33 = load ptr, ptr %4, align 8\n  %34 = getelementptr inbounds %struct.TYPE_3__, ptr %33, i32 0, i32 1\n  %35 = load ptr, ptr %34, align 8\n  %36 = load ptr, ptr %4, align 8\n  %37 = getelementptr inbounds %struct.TYPE_3__, ptr %36, i32 0, i32 0\n  %38 = load ptr, ptr %37, align 8\n  %39 = icmp uge ptr %35, %38\n  br i1 %39, label %40, label %41\n",
        "optimized": "%27 = load ptr, ptr %4, align 8\n  %28 = getelementptr inbounds %struct.TYPE_3__, ptr %27, i64 0, i32 1\n  %29 = load ptr, ptr %28, align 8\n  %30 = load ptr, ptr %27, align 8\n  %.not = icmp ult ptr %29, %30\n  br i1 %.not, label %32, label %31\n"
    },
    {
        "unoptimized": "store i64 0, ptr %3, align 8\n  br label %62\n",
        "optimized": "store i64 0, ptr %3, align 8\n  br label %48\n"
    },
    {
        "unoptimized": "%42 = load ptr, ptr %4, align 8\n  %43 = getelementptr inbounds %struct.TYPE_3__, ptr %42, i32 0, i32 1\n  %44 = load ptr, ptr %43, align 8\n  %45 = load ptr, ptr %4, align 8\n  %46 = getelementptr inbounds %struct.TYPE_3__, ptr %45, i32 0, i32 0\n  %47 = load ptr, ptr %46, align 8\n  %48 = load ptr, ptr %6, align 8\n  %49 = getelementptr inbounds %struct.hxxx_bsfw_ep3b_ctx_s, ptr %48, i32 0, i32 1\n  %50 = load i64, ptr %5, align 8\n  %51 = call ptr @hxxx_ep3b_to_rbsp(ptr noundef %44, ptr noundef %47, ptr noundef %49, i64 noundef %50)\n  %52 = load ptr, ptr %4, align 8\n  %53 = getelementptr inbounds %struct.TYPE_3__, ptr %52, i32 0, i32 1\n  store ptr %51, ptr %53, align 8\n  %54 = load i64, ptr %5, align 8\n  %55 = load ptr, ptr %6, align 8\n  %56 = getelementptr inbounds %struct.hxxx_bsfw_ep3b_ctx_s, ptr %55, i32 0, i32 0\n  %57 = load i32, ptr %56, align 4\n  %58 = sext i32 %57 to i64\n  %59 = add i64 %58, %54\n  %60 = trunc i64 %59 to i32\n  store i32 %60, ptr %56, align 4\n  %61 = load i64, ptr %5, align 8\n  store i64 %61, ptr %3, align 8\n  br label %62\n",
        "optimized": "%33 = load ptr, ptr %4, align 8\n  %34 = getelementptr inbounds %struct.TYPE_3__, ptr %33, i64 0, i32 1\n  %35 = load ptr, ptr %34, align 8\n  %36 = load ptr, ptr %33, align 8\n  %37 = load ptr, ptr %6, align 8\n  %38 = getelementptr inbounds %struct.hxxx_bsfw_ep3b_ctx_s, ptr %37, i64 0, i32 1\n  %39 = load i64, ptr %5, align 8\n  %40 = call ptr @hxxx_ep3b_to_rbsp(ptr noundef %35, ptr noundef %36, ptr noundef nonnull %38, i64 noundef %39) #2\n  %41 = load ptr, ptr %4, align 8\n  %42 = getelementptr inbounds %struct.TYPE_3__, ptr %41, i64 0, i32 1\n  store ptr %40, ptr %42, align 8\n  %43 = load ptr, ptr %6, align 8\n  %44 = load i32, ptr %43, align 4\n  %45 = trunc i64 %39 to i32\n  %46 = add i32 %44, %45\n  store i32 %46, ptr %43, align 4\n  %47 = load i64, ptr %5, align 8\n  store i64 %47, ptr %3, align 8\n  br label %48\n"
    },
    {
        "unoptimized": "%63 = load i64, ptr %3, align 8\n  ret i64 %63\n}",
        "optimized": "%49 = load i64, ptr %3, align 8\n  ret i64 %49\n}"
    }
]