[
    {
        "unoptimized": "%2 = alloca ptr, align 8\n  store ptr %0, ptr %2, align 8\n  %3 = load ptr, ptr %2, align 8\n  %4 = getelementptr inbounds %struct.TYPE_3__, ptr %3, i32 0, i32 0\n  %5 = load i32, ptr %4, align 4\n  %6 = icmp ne i32 %5, 0\n  br i1 %6, label %7, label %8\n",
        "optimized": "%2 = alloca ptr, align 8\n  store ptr %0, ptr %2, align 8\n  %3 = load i32, ptr %0, align 4\n  %.not = icmp eq i32 %3, 0\n  br i1 %.not, label %5, label %4\n"
    },
    {
        "unoptimized": "br label %14\n",
        "optimized": "br label %9\n"
    },
    {
        "unoptimized": "%9 = load ptr, ptr %2, align 8\n  %10 = getelementptr inbounds %struct.TYPE_3__, ptr %9, i32 0, i32 0\n  store i32 1, ptr %10, align 4\n  %11 = load ptr, ptr %2, align 8\n  %12 = getelementptr inbounds %struct.TYPE_3__, ptr %11, i32 0, i32 1\n  %13 = call i32 @incr_active_cnt(ptr noundef %12)\n  br label %14\n",
        "optimized": "%6 = load ptr, ptr %2, align 8\n  store i32 1, ptr %6, align 4\n  %7 = getelementptr inbounds %struct.TYPE_3__, ptr %6, i64 0, i32 1\n  %8 = call i32 @incr_active_cnt(ptr noundef nonnull %7) #2\n  br label %9\n"
    },
    {
        "unoptimized": "ret void\n}",
        "optimized": "ret void\n}"
    }
]