[
    {
        "unoptimized": "%4 = alloca i64, align 8\n  %5 = alloca ptr, align 8\n  %6 = alloca ptr, align 8\n  %7 = alloca i32, align 4\n  store ptr %0, ptr %5, align 8\n  store ptr %1, ptr %6, align 8\n  store i32 %2, ptr %7, align 4\n  %8 = load ptr, ptr %5, align 8\n  %9 = load i8, ptr %8, align 1\n  %10 = sext i8 %9 to i32\n  %11 = icmp eq i32 %10, 45\n  br i1 %11, label %12, label %19\n",
        "optimized": "%4 = alloca ptr, align 8\n  %5 = alloca ptr, align 8\n  %6 = alloca i32, align 4\n  store ptr %0, ptr %4, align 8\n  store ptr %1, ptr %5, align 8\n  store i32 %2, ptr %6, align 4\n  %7 = load i8, ptr %0, align 1\n  %8 = icmp eq i8 %7, 45\n  br i1 %8, label %9, label %16\n"
    },
    {
        "unoptimized": "%13 = load ptr, ptr %5, align 8\n  %14 = getelementptr inbounds i8, ptr %13, i64 1\n  %15 = load ptr, ptr %6, align 8\n  %16 = load i32, ptr %7, align 4\n  %17 = call i64 @simple_strtoul(ptr noundef %14, ptr noundef %15, i32 noundef %16)\n  %18 = sub nsw i64 0, %17\n  store i64 %18, ptr %4, align 8\n  br label %24\n",
        "optimized": "%10 = load ptr, ptr %4, align 8\n  %11 = getelementptr inbounds i8, ptr %10, i64 1\n  %12 = load ptr, ptr %5, align 8\n  %13 = load i32, ptr %6, align 4\n  %14 = call i64 @simple_strtoul(ptr noundef nonnull %11, ptr noundef %12, i32 noundef %13) #2\n  %15 = sub nsw i64 0, %14\n  br label %21\n"
    },
    {
        "unoptimized": "%20 = load ptr, ptr %5, align 8\n  %21 = load ptr, ptr %6, align 8\n  %22 = load i32, ptr %7, align 4\n  %23 = call i64 @simple_strtoul(ptr noundef %20, ptr noundef %21, i32 noundef %22)\n  store i64 %23, ptr %4, align 8\n  br label %24\n",
        "optimized": "%17 = load ptr, ptr %4, align 8\n  %18 = load ptr, ptr %5, align 8\n  %19 = load i32, ptr %6, align 4\n  %20 = call i64 @simple_strtoul(ptr noundef %17, ptr noundef %18, i32 noundef %19) #2\n  br label %21\n"
    },
    {
        "unoptimized": "%25 = load i64, ptr %4, align 8\n  ret i64 %25\n}",
        "optimized": "%storemerge = phi i64 [ %20, %16 ], [ %15, %9 ]\n  ret i64 %storemerge\n}"
    }
]