[
    {
        "unoptimized": "%5 = alloca ptr, align 8\n  %6 = alloca ptr, align 8\n  %7 = alloca i32, align 4\n  %8 = alloca i32, align 4\n  %9 = alloca ptr, align 8\n  %10 = alloca ptr, align 8\n  store ptr %0, ptr %5, align 8\n  store ptr %1, ptr %6, align 8\n  store i32 %2, ptr %7, align 4\n  store i32 %3, ptr %8, align 4\n  %11 = load ptr, ptr %5, align 8\n  %12 = call i32 @h2o_http2_scheduler_is_open(ptr noundef %11)\n  %13 = call i32 @assert(i32 noundef %12)\n  %14 = load ptr, ptr %5, align 8\n  %15 = getelementptr inbounds %struct.TYPE_8__, ptr %14, i32 0, i32 1\n  %16 = load ptr, ptr %6, align 8\n  %17 = icmp ne ptr %15, %16\n  %18 = zext i1 %17 to i32\n  %19 = call i32 @assert(i32 noundef %18)\n  %20 = load i32, ptr %7, align 4\n  %21 = icmp sle i32 1, %20\n  %22 = zext i1 %21 to i32\n  %23 = call i32 @assert(i32 noundef %22)\n  %24 = load i32, ptr %7, align 4\n  %25 = icmp sle i32 %24, 257\n  %26 = zext i1 %25 to i32\n  %27 = call i32 @assert(i32 noundef %26)\n  %28 = load ptr, ptr %5, align 8\n  %29 = getelementptr inbounds %struct.TYPE_8__, ptr %28, i32 0, i32 1\n  %30 = getelementptr inbounds %struct.TYPE_9__, ptr %29, i32 0, i32 0\n  %31 = load ptr, ptr %30, align 8\n  %32 = load ptr, ptr %6, align 8\n  %33 = icmp eq ptr %31, %32\n  br i1 %33, label %34, label %44\n",
        "optimized": "%5 = alloca ptr, align 8\n  %6 = alloca ptr, align 8\n  %7 = alloca i32, align 4\n  %8 = alloca i32, align 4\n  %9 = alloca ptr, align 8\n  store ptr %0, ptr %5, align 8\n  store ptr %1, ptr %6, align 8\n  store i32 %2, ptr %7, align 4\n  store i32 %3, ptr %8, align 4\n  %10 = call i32 @h2o_http2_scheduler_is_open(ptr noundef %0) #2\n  %11 = call i32 @assert(i32 noundef %10) #2\n  %12 = getelementptr inbounds %struct.TYPE_8__, ptr %0, i64 0, i32 1\n  %13 = icmp ne ptr %12, %1\n  %14 = zext i1 %13 to i32\n  %15 = call i32 @assert(i32 noundef %14) #2\n  %16 = load i32, ptr %7, align 4\n  %17 = icmp sgt i32 %16, 0\n  %18 = zext i1 %17 to i32\n  %19 = call i32 @assert(i32 noundef %18) #2\n  %20 = icmp slt i32 %16, 258\n  %21 = zext i1 %20 to i32\n  %22 = call i32 @assert(i32 noundef %21) #2\n  %23 = load ptr, ptr %5, align 8\n  %24 = getelementptr inbounds %struct.TYPE_8__, ptr %23, i64 0, i32 1\n  %25 = load ptr, ptr %24, align 8\n  %26 = load ptr, ptr %6, align 8\n  %27 = icmp eq ptr %25, %26\n  br i1 %27, label %28, label %36\n"
    },
    {
        "unoptimized": "%35 = load ptr, ptr %5, align 8\n  %36 = getelementptr inbounds %struct.TYPE_8__, ptr %35, i32 0, i32 0\n  %37 = load i32, ptr %36, align 8\n  %38 = load i32, ptr %7, align 4\n  %39 = icmp eq i32 %37, %38\n  br i1 %39, label %40, label %44\n",
        "optimized": "%29 = load ptr, ptr %5, align 8\n  %30 = load i32, ptr %29, align 8\n  %31 = load i32, ptr %7, align 4\n  %32 = icmp eq i32 %30, %31\n  br i1 %32, label %33, label %36\n"
    },
    {
        "unoptimized": "%41 = load i32, ptr %8, align 4\n  %42 = icmp ne i32 %41, 0\n  br i1 %42, label %44, label %43\n",
        "optimized": "%34 = load i32, ptr %8, align 4\n  %.not2 = icmp eq i32 %34, 0\n  br i1 %.not2, label %35, label %36\n"
    },
    {
        "unoptimized": "br label %86\n",
        "optimized": "br label %67\n"
    },
    {
        "unoptimized": "%45 = load i32, ptr %7, align 4\n  %46 = load ptr, ptr %5, align 8\n  %47 = getelementptr inbounds %struct.TYPE_8__, ptr %46, i32 0, i32 0\n  store i32 %45, ptr %47, align 8\n  %48 = load ptr, ptr %5, align 8\n  %49 = getelementptr inbounds %struct.TYPE_8__, ptr %48, i32 0, i32 1\n  %50 = getelementptr inbounds %struct.TYPE_9__, ptr %49, i32 0, i32 1\n  %51 = call i32 @h2o_linklist_is_empty(ptr noundef %50)\n  %52 = icmp ne i32 %51, 0\n  br i1 %52, label %81, label %53\n",
        "optimized": "%37 = load i32, ptr %7, align 4\n  %38 = load ptr, ptr %5, align 8\n  store i32 %37, ptr %38, align 8\n  %39 = getelementptr inbounds %struct.TYPE_8__, ptr %38, i64 0, i32 1, i32 1\n  %40 = call i32 @h2o_linklist_is_empty(ptr noundef nonnull %39) #2\n  %.not = icmp eq i32 %40, 0\n  br i1 %.not, label %41, label %62\n"
    },
    {
        "unoptimized": "%54 = load ptr, ptr %6, align 8\n  store ptr %54, ptr %9, align 8\n  br label %55\n",
        "optimized": "%42 = load ptr, ptr %6, align 8\n  br label %43\n"
    },
    {
        "unoptimized": "%56 = load ptr, ptr %9, align 8\n  %57 = getelementptr inbounds %struct.TYPE_9__, ptr %56, i32 0, i32 0\n  %58 = load ptr, ptr %57, align 8\n  %59 = icmp ne ptr %58, null\n  br i1 %59, label %60, label %80\n",
        "optimized": "%storemerge = phi ptr [ %42, %41 ], [ %60, %58 ]\n  store ptr %storemerge, ptr %9, align 8\n  %44 = load ptr, ptr %storemerge, align 8\n  %.not1 = icmp eq ptr %44, null\n  br i1 %.not1, label %61, label %45\n"
    },
    {
        "unoptimized": "%61 = load ptr, ptr %9, align 8\n  %62 = getelementptr inbounds %struct.TYPE_9__, ptr %61, i32 0, i32 0\n  %63 = load ptr, ptr %62, align 8\n  %64 = load ptr, ptr %5, align 8\n  %65 = getelementptr inbounds %struct.TYPE_8__, ptr %64, i32 0, i32 1\n  %66 = icmp eq ptr %63, %65\n  br i1 %66, label %67, label %75\n",
        "optimized": "%46 = load ptr, ptr %9, align 8\n  %47 = load ptr, ptr %46, align 8\n  %48 = load ptr, ptr %5, align 8\n  %49 = getelementptr inbounds %struct.TYPE_8__, ptr %48, i64 0, i32 1\n  %50 = icmp eq ptr %47, %49\n  br i1 %50, label %51, label %57\n"
    },
    {
        "unoptimized": "%68 = load ptr, ptr %6, align 8\n  store ptr %68, ptr %10, align 8\n  %69 = load ptr, ptr %10, align 8\n  %70 = load ptr, ptr %5, align 8\n  %71 = getelementptr inbounds %struct.TYPE_8__, ptr %70, i32 0, i32 1\n  %72 = getelementptr inbounds %struct.TYPE_9__, ptr %71, i32 0, i32 0\n  %73 = load ptr, ptr %72, align 8\n  %74 = call i32 @do_rebind(ptr noundef %69, ptr noundef %73, i32 noundef 0)\n  br label %80\n",
        "optimized": "%52 = load ptr, ptr %6, align 8\n  %53 = load ptr, ptr %5, align 8\n  %54 = getelementptr inbounds %struct.TYPE_8__, ptr %53, i64 0, i32 1\n  %55 = load ptr, ptr %54, align 8\n  %56 = call i32 @do_rebind(ptr noundef %52, ptr noundef %55, i32 noundef 0) #2\n  br label %61\n"
    },
    {
        "unoptimized": "br label %76\n",
        "optimized": "br label %58\n"
    },
    {
        "unoptimized": "%77 = load ptr, ptr %9, align 8\n  %78 = getelementptr inbounds %struct.TYPE_9__, ptr %77, i32 0, i32 0\n  %79 = load ptr, ptr %78, align 8\n  store ptr %79, ptr %9, align 8\n  br label %55, !llvm.loop !6\n",
        "optimized": "%59 = load ptr, ptr %9, align 8\n  %60 = load ptr, ptr %59, align 8\n  br label %43, !llvm.loop !6\n"
    },
    {
        "unoptimized": "br label %81\n",
        "optimized": "br label %62\n"
    },
    {
        "unoptimized": "%82 = load ptr, ptr %5, align 8\n  %83 = load ptr, ptr %6, align 8\n  %84 = load i32, ptr %8, align 4\n  %85 = call i32 @do_rebind(ptr noundef %82, ptr noundef %83, i32 noundef %84)\n  br label %86\n",
        "optimized": "%63 = load ptr, ptr %5, align 8\n  %64 = load ptr, ptr %6, align 8\n  %65 = load i32, ptr %8, align 4\n  %66 = call i32 @do_rebind(ptr noundef %63, ptr noundef %64, i32 noundef %65) #2\n  br label %67\n"
    },
    {
        "unoptimized": "ret void\n}",
        "optimized": "ret void\n}"
    }
]