[
    {
        "unoptimized": "%3 = alloca ptr, align 8\n  %4 = alloca i32, align 4\n  store ptr %0, ptr %3, align 8\n  store i32 %1, ptr %4, align 4\n  %5 = load ptr, ptr %3, align 8\n  %6 = getelementptr inbounds %struct.st_fcgi_generator_t, ptr %5, i32 0, i32 3\n  %7 = load ptr, ptr %6, align 8\n  %8 = getelementptr inbounds %struct.TYPE_8__, ptr %7, i32 0, i32 1\n  %9 = getelementptr inbounds %struct.TYPE_7__, ptr %8, i32 0, i32 0\n  %10 = load i64, ptr %9, align 8\n  %11 = icmp ne i64 %10, 0\n  br i1 %11, label %12, label %24\n",
        "optimized": "%3 = alloca ptr, align 8\n  %4 = alloca i32, align 4\n  store ptr %0, ptr %3, align 8\n  store i32 %1, ptr %4, align 4\n  %5 = getelementptr inbounds %struct.st_fcgi_generator_t, ptr %0, i64 0, i32 3\n  %6 = load ptr, ptr %5, align 8\n  %7 = getelementptr inbounds %struct.TYPE_8__, ptr %6, i64 0, i32 1\n  %8 = load i64, ptr %7, align 8\n  %.not = icmp eq i64 %8, 0\n  br i1 %.not, label %18, label %9\n"
    },
    {
        "unoptimized": "%13 = load i32, ptr %4, align 4\n  %14 = icmp ne i32 %13, 0\n  br i1 %14, label %15, label %24\n",
        "optimized": "%10 = load i32, ptr %4, align 4\n  %.not3 = icmp eq i32 %10, 0\n  br i1 %.not3, label %18, label %11\n"
    },
    {
        "unoptimized": "%16 = load ptr, ptr %3, align 8\n  %17 = getelementptr inbounds %struct.st_fcgi_generator_t, ptr %16, i32 0, i32 3\n  %18 = load ptr, ptr %17, align 8\n  %19 = getelementptr inbounds %struct.TYPE_8__, ptr %18, i32 0, i32 0\n  %20 = load ptr, ptr %3, align 8\n  %21 = getelementptr inbounds %struct.st_fcgi_generator_t, ptr %20, i32 0, i32 2\n  %22 = load ptr, ptr %21, align 8\n  %23 = call i32 @h2o_socketpool_return(ptr noundef %19, ptr noundef %22)\n  br label %29\n",
        "optimized": "%12 = load ptr, ptr %3, align 8\n  %13 = getelementptr inbounds %struct.st_fcgi_generator_t, ptr %12, i64 0, i32 3\n  %14 = load ptr, ptr %13, align 8\n  %15 = getelementptr inbounds %struct.st_fcgi_generator_t, ptr %12, i64 0, i32 2\n  %16 = load ptr, ptr %15, align 8\n  %17 = call i32 @h2o_socketpool_return(ptr noundef %14, ptr noundef %16) #2\n  br label %23\n"
    },
    {
        "unoptimized": "%25 = load ptr, ptr %3, align 8\n  %26 = getelementptr inbounds %struct.st_fcgi_generator_t, ptr %25, i32 0, i32 2\n  %27 = load ptr, ptr %26, align 8\n  %28 = call i32 @h2o_socket_close(ptr noundef %27)\n  br label %29\n",
        "optimized": "%19 = load ptr, ptr %3, align 8\n  %20 = getelementptr inbounds %struct.st_fcgi_generator_t, ptr %19, i64 0, i32 2\n  %21 = load ptr, ptr %20, align 8\n  %22 = call i32 @h2o_socket_close(ptr noundef %21) #2\n  br label %23\n"
    },
    {
        "unoptimized": "%30 = load ptr, ptr %3, align 8\n  %31 = getelementptr inbounds %struct.st_fcgi_generator_t, ptr %30, i32 0, i32 2\n  store ptr null, ptr %31, align 8\n  %32 = load ptr, ptr %3, align 8\n  %33 = getelementptr inbounds %struct.st_fcgi_generator_t, ptr %32, i32 0, i32 1\n  %34 = call i64 @h2o_timer_is_linked(ptr noundef %33)\n  %35 = icmp ne i64 %34, 0\n  br i1 %35, label %36, label %40\n",
        "optimized": "%24 = load ptr, ptr %3, align 8\n  %25 = getelementptr inbounds %struct.st_fcgi_generator_t, ptr %24, i64 0, i32 2\n  store ptr null, ptr %25, align 8\n  %26 = getelementptr inbounds %struct.st_fcgi_generator_t, ptr %24, i64 0, i32 1\n  %27 = call i64 @h2o_timer_is_linked(ptr noundef nonnull %26) #2\n  %.not1 = icmp eq i64 %27, 0\n  br i1 %.not1, label %32, label %28\n"
    },
    {
        "unoptimized": "%37 = load ptr, ptr %3, align 8\n  %38 = getelementptr inbounds %struct.st_fcgi_generator_t, ptr %37, i32 0, i32 1\n  %39 = call i32 @h2o_timer_unlink(ptr noundef %38)\n  br label %40\n",
        "optimized": "%29 = load ptr, ptr %3, align 8\n  %30 = getelementptr inbounds %struct.st_fcgi_generator_t, ptr %29, i64 0, i32 1\n  %31 = call i32 @h2o_timer_unlink(ptr noundef nonnull %30) #2\n  br label %32\n"
    },
    {
        "unoptimized": "%41 = load ptr, ptr %3, align 8\n  %42 = getelementptr inbounds %struct.st_fcgi_generator_t, ptr %41, i32 0, i32 0\n  %43 = getelementptr inbounds %struct.TYPE_6__, ptr %42, i32 0, i32 0\n  %44 = getelementptr inbounds %struct.TYPE_5__, ptr %43, i32 0, i32 0\n  %45 = load i32, ptr %44, align 8\n  %46 = icmp ne i32 %45, 0\n  br i1 %46, label %50, label %47\n",
        "optimized": "%33 = load ptr, ptr %3, align 8\n  %34 = load i32, ptr %33, align 8\n  %.not2 = icmp eq i32 %34, 0\n  br i1 %.not2, label %35, label %38\n"
    },
    {
        "unoptimized": "%48 = load ptr, ptr %3, align 8\n  %49 = call i32 @do_send(ptr noundef %48)\n  br label %50\n",
        "optimized": "%36 = load ptr, ptr %3, align 8\n  %37 = call i32 @do_send(ptr noundef %36) #2\n  br label %38\n"
    },
    {
        "unoptimized": "ret void\n}",
        "optimized": "ret void\n}"
    }
]