[
    {
        "unoptimized": "%5 = alloca ptr, align 8\n  %6 = alloca ptr, align 8\n  %7 = alloca i64, align 8\n  %8 = alloca i32, align 4\n  %9 = alloca ptr, align 8\n  %10 = alloca ptr, align 8\n  %11 = alloca ptr, align 8\n  %12 = alloca i32, align 4\n  store ptr %0, ptr %5, align 8\n  store ptr %1, ptr %6, align 8\n  store i64 %2, ptr %7, align 8\n  store i32 %3, ptr %8, align 4\n  %13 = load ptr, ptr %5, align 8\n  store ptr %13, ptr %9, align 8\n  %14 = load ptr, ptr %6, align 8\n  store ptr %14, ptr %10, align 8\n  %15 = load i32, ptr %8, align 4\n  %16 = icmp ne i32 %15, 0\n  br i1 %16, label %17, label %19\n",
        "optimized": "%5 = alloca ptr, align 8\n  %6 = alloca i64, align 8\n  %7 = alloca i32, align 4\n  %8 = alloca ptr, align 8\n  %9 = alloca ptr, align 8\n  %10 = alloca ptr, align 8\n  %11 = alloca i32, align 4\n  store ptr %0, ptr %5, align 8\n  store i64 %2, ptr %6, align 8\n  store i32 %3, ptr %7, align 4\n  store ptr %0, ptr %8, align 8\n  store ptr %1, ptr %9, align 8\n  %.not = icmp eq i32 %3, 0\n  br i1 %.not, label %13, label %12\n"
    },
    {
        "unoptimized": "%18 = load ptr, ptr @h2o_base64_encode.MAP_URL_ENCODED, align 8\n  br label %21\n",
        "optimized": "br label %14\n"
    },
    {
        "unoptimized": "%20 = load ptr, ptr @h2o_base64_encode.MAP, align 8\n  br label %21\n",
        "optimized": "br label %14\n"
    },
    {
        "unoptimized": "%22 = phi ptr [ %18, %17 ], [ %20, %19 ]\n  store ptr %22, ptr %11, align 8\n  br label %23\n",
        "optimized": "%.in = phi ptr [ @h2o_base64_encode.MAP_URL_ENCODED, %12 ], [ @h2o_base64_encode.MAP, %13 ]\n  %15 = load ptr, ptr %.in, align 8\n  store ptr %15, ptr %10, align 8\n  br label %16\n"
    },
    {
        "unoptimized": "%24 = load i64, ptr %7, align 8\n  %25 = icmp uge i64 %24, 3\n  br i1 %25, label %26, label %79\n",
        "optimized": "%17 = load i64, ptr %6, align 8\n  %18 = icmp ugt i64 %17, 2\n  br i1 %18, label %19, label %69\n"
    },
    {
        "unoptimized": "%27 = load ptr, ptr %10, align 8\n  %28 = getelementptr inbounds i32, ptr %27, i64 0\n  %29 = load i32, ptr %28, align 4\n  %30 = shl i32 %29, 16\n  %31 = load ptr, ptr %10, align 8\n  %32 = getelementptr inbounds i32, ptr %31, i64 1\n  %33 = load i32, ptr %32, align 4\n  %34 = shl i32 %33, 8\n  %35 = or i32 %30, %34\n  %36 = load ptr, ptr %10, align 8\n  %37 = getelementptr inbounds i32, ptr %36, i64 2\n  %38 = load i32, ptr %37, align 4\n  %39 = or i32 %35, %38\n  store i32 %39, ptr %12, align 4\n  %40 = load ptr, ptr %11, align 8\n  %41 = load i32, ptr %12, align 4\n  %42 = ashr i32 %41, 18\n  %43 = sext i32 %42 to i64\n  %44 = getelementptr inbounds i8, ptr %40, i64 %43\n  %45 = load i8, ptr %44, align 1\n  %46 = load ptr, ptr %9, align 8\n  %47 = getelementptr inbounds i8, ptr %46, i32 1\n  store ptr %47, ptr %9, align 8\n  store i8 %45, ptr %46, align 1\n  %48 = load ptr, ptr %11, align 8\n  %49 = load i32, ptr %12, align 4\n  %50 = ashr i32 %49, 12\n  %51 = and i32 %50, 63\n  %52 = sext i32 %51 to i64\n  %53 = getelementptr inbounds i8, ptr %48, i64 %52\n  %54 = load i8, ptr %53, align 1\n  %55 = load ptr, ptr %9, align 8\n  %56 = getelementptr inbounds i8, ptr %55, i32 1\n  store ptr %56, ptr %9, align 8\n  store i8 %54, ptr %55, align 1\n  %57 = load ptr, ptr %11, align 8\n  %58 = load i32, ptr %12, align 4\n  %59 = ashr i32 %58, 6\n  %60 = and i32 %59, 63\n  %61 = sext i32 %60 to i64\n  %62 = getelementptr inbounds i8, ptr %57, i64 %61\n  %63 = load i8, ptr %62, align 1\n  %64 = load ptr, ptr %9, align 8\n  %65 = getelementptr inbounds i8, ptr %64, i32 1\n  store ptr %65, ptr %9, align 8\n  store i8 %63, ptr %64, align 1\n  %66 = load ptr, ptr %11, align 8\n  %67 = load i32, ptr %12, align 4\n  %68 = and i32 %67, 63\n  %69 = sext i32 %68 to i64\n  %70 = getelementptr inbounds i8, ptr %66, i64 %69\n  %71 = load i8, ptr %70, align 1\n  %72 = load ptr, ptr %9, align 8\n  %73 = getelementptr inbounds i8, ptr %72, i32 1\n  store ptr %73, ptr %9, align 8\n  store i8 %71, ptr %72, align 1\n  br label %74\n",
        "optimized": "%20 = load ptr, ptr %9, align 8\n  %21 = load i32, ptr %20, align 4\n  %22 = shl i32 %21, 16\n  %23 = getelementptr inbounds i32, ptr %20, i64 1\n  %24 = load i32, ptr %23, align 4\n  %25 = shl i32 %24, 8\n  %26 = or i32 %22, %25\n  %27 = load ptr, ptr %9, align 8\n  %28 = getelementptr inbounds i32, ptr %27, i64 2\n  %29 = load i32, ptr %28, align 4\n  %30 = or i32 %26, %29\n  store i32 %30, ptr %11, align 4\n  %31 = load ptr, ptr %10, align 8\n  %32 = ashr i32 %30, 18\n  %33 = sext i32 %32 to i64\n  %34 = getelementptr inbounds i8, ptr %31, i64 %33\n  %35 = load i8, ptr %34, align 1\n  %36 = load ptr, ptr %8, align 8\n  %37 = getelementptr inbounds i8, ptr %36, i64 1\n  store ptr %37, ptr %8, align 8\n  store i8 %35, ptr %36, align 1\n  %38 = load ptr, ptr %10, align 8\n  %39 = load i32, ptr %11, align 4\n  %40 = lshr i32 %39, 12\n  %41 = and i32 %40, 63\n  %42 = zext i32 %41 to i64\n  %43 = getelementptr inbounds i8, ptr %38, i64 %42\n  %44 = load i8, ptr %43, align 1\n  %45 = load ptr, ptr %8, align 8\n  %46 = getelementptr inbounds i8, ptr %45, i64 1\n  store ptr %46, ptr %8, align 8\n  store i8 %44, ptr %45, align 1\n  %47 = load ptr, ptr %10, align 8\n  %48 = load i32, ptr %11, align 4\n  %49 = lshr i32 %48, 6\n  %50 = and i32 %49, 63\n  %51 = zext i32 %50 to i64\n  %52 = getelementptr inbounds i8, ptr %47, i64 %51\n  %53 = load i8, ptr %52, align 1\n  %54 = load ptr, ptr %8, align 8\n  %55 = getelementptr inbounds i8, ptr %54, i64 1\n  store ptr %55, ptr %8, align 8\n  store i8 %53, ptr %54, align 1\n  %56 = load ptr, ptr %10, align 8\n  %57 = load i32, ptr %11, align 4\n  %58 = and i32 %57, 63\n  %59 = zext i32 %58 to i64\n  %60 = getelementptr inbounds i8, ptr %56, i64 %59\n  %61 = load i8, ptr %60, align 1\n  %62 = load ptr, ptr %8, align 8\n  %63 = getelementptr inbounds i8, ptr %62, i64 1\n  store ptr %63, ptr %8, align 8\n  store i8 %61, ptr %62, align 1\n  br label %64\n"
    },
    {
        "unoptimized": "%75 = load ptr, ptr %10, align 8\n  %76 = getelementptr inbounds i32, ptr %75, i64 3\n  store ptr %76, ptr %10, align 8\n  %77 = load i64, ptr %7, align 8\n  %78 = sub i64 %77, 3\n  store i64 %78, ptr %7, align 8\n  br label %23, !llvm.loop !6\n",
        "optimized": "%65 = load ptr, ptr %9, align 8\n  %66 = getelementptr inbounds i32, ptr %65, i64 3\n  store ptr %66, ptr %9, align 8\n  %67 = load i64, ptr %6, align 8\n  %68 = add i64 %67, -3\n  store i64 %68, ptr %6, align 8\n  br label %16, !llvm.loop !6\n"
    },
    {
        "unoptimized": "%80 = load i64, ptr %7, align 8\n  %81 = icmp ne i64 %80, 0\n  br i1 %81, label %82, label %147\n",
        "optimized": "%70 = load i64, ptr %6, align 8\n  %.not1 = icmp eq i64 %70, 0\n  br i1 %.not1, label %130, label %71\n"
    },
    {
        "unoptimized": "%83 = load ptr, ptr %10, align 8\n  %84 = getelementptr inbounds i32, ptr %83, i64 0\n  %85 = load i32, ptr %84, align 4\n  %86 = shl i32 %85, 16\n  store i32 %86, ptr %12, align 4\n  %87 = load ptr, ptr %11, align 8\n  %88 = load i32, ptr %12, align 4\n  %89 = ashr i32 %88, 18\n  %90 = sext i32 %89 to i64\n  %91 = getelementptr inbounds i8, ptr %87, i64 %90\n  %92 = load i8, ptr %91, align 1\n  %93 = load ptr, ptr %9, align 8\n  %94 = getelementptr inbounds i8, ptr %93, i32 1\n  store ptr %94, ptr %9, align 8\n  store i8 %92, ptr %93, align 1\n  %95 = load i64, ptr %7, align 8\n  %96 = icmp eq i64 %95, 2\n  br i1 %96, label %97, label %128\n",
        "optimized": "%72 = load ptr, ptr %9, align 8\n  %73 = load i32, ptr %72, align 4\n  %74 = shl i32 %73, 16\n  store i32 %74, ptr %11, align 4\n  %75 = load ptr, ptr %10, align 8\n  %76 = ashr i32 %74, 18\n  %77 = sext i32 %76 to i64\n  %78 = getelementptr inbounds i8, ptr %75, i64 %77\n  %79 = load i8, ptr %78, align 1\n  %80 = load ptr, ptr %8, align 8\n  %81 = getelementptr inbounds i8, ptr %80, i64 1\n  store ptr %81, ptr %8, align 8\n  store i8 %79, ptr %80, align 1\n  %82 = load i64, ptr %6, align 8\n  %83 = icmp eq i64 %82, 2\n  br i1 %83, label %84, label %113\n"
    },
    {
        "unoptimized": "%98 = load ptr, ptr %10, align 8\n  %99 = getelementptr inbounds i32, ptr %98, i64 1\n  %100 = load i32, ptr %99, align 4\n  %101 = shl i32 %100, 8\n  %102 = load i32, ptr %12, align 4\n  %103 = or i32 %102, %101\n  store i32 %103, ptr %12, align 4\n  %104 = load ptr, ptr %11, align 8\n  %105 = load i32, ptr %12, align 4\n  %106 = ashr i32 %105, 12\n  %107 = and i32 %106, 63\n  %108 = sext i32 %107 to i64\n  %109 = getelementptr inbounds i8, ptr %104, i64 %108\n  %110 = load i8, ptr %109, align 1\n  %111 = load ptr, ptr %9, align 8\n  %112 = getelementptr inbounds i8, ptr %111, i32 1\n  store ptr %112, ptr %9, align 8\n  store i8 %110, ptr %111, align 1\n  %113 = load ptr, ptr %11, align 8\n  %114 = load i32, ptr %12, align 4\n  %115 = ashr i32 %114, 6\n  %116 = and i32 %115, 63\n  %117 = sext i32 %116 to i64\n  %118 = getelementptr inbounds i8, ptr %113, i64 %117\n  %119 = load i8, ptr %118, align 1\n  %120 = load ptr, ptr %9, align 8\n  %121 = getelementptr inbounds i8, ptr %120, i32 1\n  store ptr %121, ptr %9, align 8\n  store i8 %119, ptr %120, align 1\n  %122 = load i32, ptr %8, align 4\n  %123 = icmp ne i32 %122, 0\n  br i1 %123, label %127, label %124\n",
        "optimized": "%85 = load ptr, ptr %9, align 8\n  %86 = getelementptr inbounds i32, ptr %85, i64 1\n  %87 = load i32, ptr %86, align 4\n  %88 = shl i32 %87, 8\n  %89 = load i32, ptr %11, align 4\n  %90 = or i32 %89, %88\n  store i32 %90, ptr %11, align 4\n  %91 = load ptr, ptr %10, align 8\n  %92 = lshr i32 %90, 12\n  %93 = and i32 %92, 63\n  %94 = zext i32 %93 to i64\n  %95 = getelementptr inbounds i8, ptr %91, i64 %94\n  %96 = load i8, ptr %95, align 1\n  %97 = load ptr, ptr %8, align 8\n  %98 = getelementptr inbounds i8, ptr %97, i64 1\n  store ptr %98, ptr %8, align 8\n  store i8 %96, ptr %97, align 1\n  %99 = load ptr, ptr %10, align 8\n  %100 = load i32, ptr %11, align 4\n  %101 = lshr i32 %100, 6\n  %102 = and i32 %101, 63\n  %103 = zext i32 %102 to i64\n  %104 = getelementptr inbounds i8, ptr %99, i64 %103\n  %105 = load i8, ptr %104, align 1\n  %106 = load ptr, ptr %8, align 8\n  %107 = getelementptr inbounds i8, ptr %106, i64 1\n  store ptr %107, ptr %8, align 8\n  store i8 %105, ptr %106, align 1\n  %108 = load i32, ptr %7, align 4\n  %.not3 = icmp eq i32 %108, 0\n  br i1 %.not3, label %109, label %112\n"
    },
    {
        "unoptimized": "%125 = load ptr, ptr %9, align 8\n  %126 = getelementptr inbounds i8, ptr %125, i32 1\n  store ptr %126, ptr %9, align 8\n  store i8 61, ptr %125, align 1\n  br label %127\n",
        "optimized": "%110 = load ptr, ptr %8, align 8\n  %111 = getelementptr inbounds i8, ptr %110, i64 1\n  store ptr %111, ptr %8, align 8\n  store i8 61, ptr %110, align 1\n  br label %112\n"
    },
    {
        "unoptimized": "br label %146\n",
        "optimized": "br label %129\n"
    },
    {
        "unoptimized": "%129 = load ptr, ptr %11, align 8\n  %130 = load i32, ptr %12, align 4\n  %131 = ashr i32 %130, 12\n  %132 = and i32 %131, 63\n  %133 = sext i32 %132 to i64\n  %134 = getelementptr inbounds i8, ptr %129, i64 %133\n  %135 = load i8, ptr %134, align 1\n  %136 = load ptr, ptr %9, align 8\n  %137 = getelementptr inbounds i8, ptr %136, i32 1\n  store ptr %137, ptr %9, align 8\n  store i8 %135, ptr %136, align 1\n  %138 = load i32, ptr %8, align 4\n  %139 = icmp ne i32 %138, 0\n  br i1 %139, label %145, label %140\n",
        "optimized": "%114 = load ptr, ptr %10, align 8\n  %115 = load i32, ptr %11, align 4\n  %116 = lshr i32 %115, 12\n  %117 = and i32 %116, 63\n  %118 = zext i32 %117 to i64\n  %119 = getelementptr inbounds i8, ptr %114, i64 %118\n  %120 = load i8, ptr %119, align 1\n  %121 = load ptr, ptr %8, align 8\n  %122 = getelementptr inbounds i8, ptr %121, i64 1\n  store ptr %122, ptr %8, align 8\n  store i8 %120, ptr %121, align 1\n  %123 = load i32, ptr %7, align 4\n  %.not2 = icmp eq i32 %123, 0\n  br i1 %.not2, label %124, label %128\n"
    },
    {
        "unoptimized": "%141 = load ptr, ptr %9, align 8\n  %142 = getelementptr inbounds i8, ptr %141, i32 1\n  store ptr %142, ptr %9, align 8\n  store i8 61, ptr %141, align 1\n  %143 = load ptr, ptr %9, align 8\n  %144 = getelementptr inbounds i8, ptr %143, i32 1\n  store ptr %144, ptr %9, align 8\n  store i8 61, ptr %143, align 1\n  br label %145\n",
        "optimized": "%125 = load ptr, ptr %8, align 8\n  %126 = getelementptr inbounds i8, ptr %125, i64 1\n  store ptr %126, ptr %8, align 8\n  store i8 61, ptr %125, align 1\n  %127 = getelementptr inbounds i8, ptr %125, i64 2\n  store ptr %127, ptr %8, align 8\n  store i8 61, ptr %126, align 1\n  br label %128\n"
    },
    {
        "unoptimized": "br label %146\n",
        "optimized": "br label %129\n"
    },
    {
        "unoptimized": "br label %147\n",
        "optimized": "br label %130\n"
    },
    {
        "unoptimized": "%148 = load ptr, ptr %9, align 8\n  store i8 0, ptr %148, align 1\n  %149 = load ptr, ptr %9, align 8\n  %150 = load ptr, ptr %5, align 8\n  %151 = ptrtoint ptr %149 to i64\n  %152 = ptrtoint ptr %150 to i64\n  %153 = sub i64 %151, %152\n  ret i64 %153\n}",
        "optimized": "%131 = load ptr, ptr %8, align 8\n  store i8 0, ptr %131, align 1\n  %132 = load ptr, ptr %5, align 8\n  %133 = ptrtoint ptr %131 to i64\n  %134 = ptrtoint ptr %132 to i64\n  %135 = sub i64 %133, %134\n  ret i64 %135\n}"
    }
]