[
    {
        "unoptimized": "%5 = alloca i32, align 4\n  %6 = alloca ptr, align 8\n  %7 = alloca i32, align 4\n  %8 = alloca i32, align 4\n  %9 = alloca ptr, align 8\n  %10 = alloca ptr, align 8\n  %11 = alloca i32, align 4\n  store ptr %0, ptr %6, align 8\n  store i32 %1, ptr %7, align 4\n  store i32 %2, ptr %8, align 4\n  store ptr %3, ptr %9, align 8\n  %12 = load i32, ptr %8, align 4\n  store i32 %12, ptr %11, align 4\n  %13 = call i32 (...) @irqs_disabled()\n  %14 = icmp ne i32 %13, 0\n  %15 = xor i1 %14, true\n  %16 = zext i1 %15 to i32\n  %17 = call i64 @DEBUG_LOCKS_WARN_ON(i32 noundef %16)\n  %18 = icmp ne i64 %17, 0\n  br i1 %18, label %19, label %20\n",
        "optimized": "%5 = alloca i32, align 4\n  %6 = alloca ptr, align 8\n  %7 = alloca i32, align 4\n  %8 = alloca i32, align 4\n  %9 = alloca ptr, align 8\n  %10 = alloca ptr, align 8\n  %11 = alloca i32, align 4\n  store ptr %0, ptr %6, align 8\n  store i32 %1, ptr %7, align 4\n  store i32 %2, ptr %8, align 4\n  store ptr %3, ptr %9, align 8\n  store i32 %2, ptr %11, align 4\n  %12 = call i32 (...) @irqs_disabled() #2\n  %.not = icmp eq i32 %12, 0\n  %13 = zext i1 %.not to i32\n  %14 = call i64 @DEBUG_LOCKS_WARN_ON(i32 noundef %13) #2\n  %.not1 = icmp eq i64 %14, 0\n  br i1 %.not1, label %16, label %15\n"
    },
    {
        "unoptimized": "store i32 0, ptr %5, align 4\n  br label %83\n",
        "optimized": "store i32 0, ptr %5, align 4\n  br label %70\n"
    },
    {
        "unoptimized": "%21 = load ptr, ptr %6, align 8\n  %22 = getelementptr inbounds %struct.task_struct, ptr %21, i32 0, i32 0\n  %23 = load ptr, ptr %22, align 8\n  %24 = load i32, ptr %8, align 4\n  %25 = sext i32 %24 to i64\n  %26 = getelementptr inbounds %struct.held_lock, ptr %23, i64 %25\n  store ptr %26, ptr %10, align 8\n  br label %27\n",
        "optimized": "%17 = load ptr, ptr %6, align 8\n  %18 = load ptr, ptr %17, align 8\n  %19 = load i32, ptr %8, align 4\n  %20 = sext i32 %19 to i64\n  %21 = getelementptr inbounds %struct.held_lock, ptr %18, i64 %20\n  br label %22\n"
    },
    {
        "unoptimized": "%28 = load i32, ptr %8, align 4\n  %29 = load i32, ptr %7, align 4\n  %30 = icmp ult i32 %28, %29\n  br i1 %30, label %31, label %82\n",
        "optimized": "%storemerge = phi ptr [ %21, %16 ], [ %68, %64 ]\n  store ptr %storemerge, ptr %10, align 8\n  %23 = load i32, ptr %8, align 4\n  %24 = load i32, ptr %7, align 4\n  %25 = icmp ult i32 %23, %24\n  br i1 %25, label %26, label %69\n"
    },
    {
        "unoptimized": "%32 = load ptr, ptr %10, align 8\n  %33 = getelementptr inbounds %struct.held_lock, ptr %32, i32 0, i32 8\n  %34 = load i32, ptr %33, align 4\n  %35 = load ptr, ptr %10, align 8\n  %36 = call ptr @hlock_class(ptr noundef %35)\n  %37 = getelementptr inbounds %struct.TYPE_2__, ptr %36, i32 0, i32 0\n  %38 = load i32, ptr %37, align 4\n  %39 = load ptr, ptr %10, align 8\n  %40 = getelementptr inbounds %struct.held_lock, ptr %39, i32 0, i32 7\n  %41 = load i32, ptr %40, align 4\n  %42 = load ptr, ptr %10, align 8\n  %43 = getelementptr inbounds %struct.held_lock, ptr %42, i32 0, i32 6\n  %44 = load i32, ptr %43, align 4\n  %45 = load ptr, ptr %10, align 8\n  %46 = getelementptr inbounds %struct.held_lock, ptr %45, i32 0, i32 5\n  %47 = load i32, ptr %46, align 4\n  %48 = load ptr, ptr %10, align 8\n  %49 = getelementptr inbounds %struct.held_lock, ptr %48, i32 0, i32 4\n  %50 = load i32, ptr %49, align 4\n  %51 = load ptr, ptr %10, align 8\n  %52 = getelementptr inbounds %struct.held_lock, ptr %51, i32 0, i32 3\n  %53 = load i32, ptr %52, align 4\n  %54 = load ptr, ptr %10, align 8\n  %55 = getelementptr inbounds %struct.held_lock, ptr %54, i32 0, i32 2\n  %56 = load i32, ptr %55, align 4\n  %57 = load ptr, ptr %10, align 8\n  %58 = getelementptr inbounds %struct.held_lock, ptr %57, i32 0, i32 1\n  %59 = load i32, ptr %58, align 4\n  %60 = load ptr, ptr %10, align 8\n  %61 = getelementptr inbounds %struct.held_lock, ptr %60, i32 0, i32 0\n  %62 = load i32, ptr %61, align 4\n  %63 = call i32 @__lock_acquire(i32 noundef %34, i32 noundef %38, i32 noundef %41, i32 noundef %44, i32 noundef %47, i32 noundef %50, i32 noundef %53, i32 noundef %56, i32 noundef %59, i32 noundef %62)\n  switch i32 %63, label %74 [\n    i32 0, label %64\n    i32 1, label %65\n    i32 2, label %66\n  ]\n",
        "optimized": "%27 = load ptr, ptr %10, align 8\n  %28 = getelementptr inbounds %struct.held_lock, ptr %27, i64 0, i32 8\n  %29 = load i32, ptr %28, align 4\n  %30 = call ptr @hlock_class(ptr noundef %27) #2\n  %31 = load i32, ptr %30, align 4\n  %32 = getelementptr inbounds %struct.held_lock, ptr %27, i64 0, i32 7\n  %33 = load i32, ptr %32, align 4\n  %34 = load ptr, ptr %10, align 8\n  %35 = getelementptr inbounds %struct.held_lock, ptr %34, i64 0, i32 6\n  %36 = load i32, ptr %35, align 4\n  %37 = getelementptr inbounds %struct.held_lock, ptr %34, i64 0, i32 5\n  %38 = load i32, ptr %37, align 4\n  %39 = getelementptr inbounds %struct.held_lock, ptr %34, i64 0, i32 4\n  %40 = load i32, ptr %39, align 4\n  %41 = load ptr, ptr %10, align 8\n  %42 = getelementptr inbounds %struct.held_lock, ptr %41, i64 0, i32 3\n  %43 = load i32, ptr %42, align 4\n  %44 = getelementptr inbounds %struct.held_lock, ptr %41, i64 0, i32 2\n  %45 = load i32, ptr %44, align 4\n  %46 = getelementptr inbounds %struct.held_lock, ptr %41, i64 0, i32 1\n  %47 = load i32, ptr %46, align 4\n  %48 = load ptr, ptr %10, align 8\n  %49 = load i32, ptr %48, align 4\n  %50 = call i32 @__lock_acquire(i32 noundef %29, i32 noundef %31, i32 noundef %33, i32 noundef %36, i32 noundef %38, i32 noundef %40, i32 noundef %43, i32 noundef %45, i32 noundef %47, i32 noundef %49) #2\n  switch i32 %50, label %61 [\n    i32 0, label %51\n    i32 1, label %52\n    i32 2, label %53\n  ]\n"
    },
    {
        "unoptimized": "store i32 1, ptr %5, align 4\n  br label %83\n",
        "optimized": "store i32 1, ptr %5, align 4\n  br label %70\n"
    },
    {
        "unoptimized": "br label %76\n",
        "optimized": "br label %63\n"
    },
    {
        "unoptimized": "%67 = load i32, ptr %8, align 4\n  %68 = load i32, ptr %11, align 4\n  %69 = icmp eq i32 %67, %68\n  %70 = zext i1 %69 to i32\n  %71 = load ptr, ptr %9, align 8\n  %72 = load i32, ptr %71, align 4\n  %73 = add i32 %72, %70\n  store i32 %73, ptr %71, align 4\n  br label %76\n",
        "optimized": "%54 = load i32, ptr %8, align 4\n  %55 = load i32, ptr %11, align 4\n  %56 = icmp eq i32 %54, %55\n  %57 = zext i1 %56 to i32\n  %58 = load ptr, ptr %9, align 8\n  %59 = load i32, ptr %58, align 4\n  %60 = add i32 %59, %57\n  store i32 %60, ptr %58, align 4\n  br label %63\n"
    },
    {
        "unoptimized": "%75 = call i32 @WARN_ON(i32 noundef 1)\n  store i32 0, ptr %5, align 4\n  br label %83\n",
        "optimized": "%62 = call i32 @WARN_ON(i32 noundef 1) #2\n  store i32 0, ptr %5, align 4\n  br label %70\n"
    },
    {
        "unoptimized": "br label %77\n",
        "optimized": "br label %64\n"
    },
    {
        "unoptimized": "%78 = load i32, ptr %8, align 4\n  %79 = add nsw i32 %78, 1\n  store i32 %79, ptr %8, align 4\n  %80 = load ptr, ptr %10, align 8\n  %81 = getelementptr inbounds %struct.held_lock, ptr %80, i32 1\n  store ptr %81, ptr %10, align 8\n  br label %27, !llvm.loop !6\n",
        "optimized": "%65 = load i32, ptr %8, align 4\n  %66 = add nsw i32 %65, 1\n  store i32 %66, ptr %8, align 4\n  %67 = load ptr, ptr %10, align 8\n  %68 = getelementptr inbounds %struct.held_lock, ptr %67, i64 1\n  br label %22, !llvm.loop !6\n"
    },
    {
        "unoptimized": "store i32 0, ptr %5, align 4\n  br label %83\n",
        "optimized": "store i32 0, ptr %5, align 4\n  br label %70\n"
    },
    {
        "unoptimized": "%84 = load i32, ptr %5, align 4\n  ret i32 %84\n}",
        "optimized": "%71 = load i32, ptr %5, align 4\n  ret i32 %71\n}"
    }
]