[
    {
        "unoptimized": "%2 = alloca i32, align 4\n  %3 = alloca ptr, align 8\n  %4 = alloca i64, align 8\n  %5 = alloca i64, align 8\n  store ptr %0, ptr %3, align 8\n  %6 = load ptr, ptr %3, align 8\n  %7 = ptrtoint ptr %6 to i64\n  store i64 %7, ptr %5, align 8\n  %8 = load i64, ptr %5, align 8\n  %9 = call i64 @__is_kernel_percpu_address(i64 noundef %8, ptr noundef %4)\n  %10 = icmp ne i64 %9, 0\n  br i1 %10, label %11, label %16\n",
        "optimized": "%2 = alloca ptr, align 8\n  %3 = alloca i64, align 8\n  %4 = alloca i64, align 8\n  store ptr %0, ptr %2, align 8\n  %5 = ptrtoint ptr %0 to i64\n  store i64 %5, ptr %4, align 8\n  %6 = call i64 @__is_kernel_percpu_address(i64 noundef %5, ptr noundef nonnull %3) #2\n  %.not = icmp eq i64 %6, 0\n  br i1 %.not, label %11, label %7\n"
    },
    {
        "unoptimized": "%12 = load i64, ptr %4, align 8\n  %13 = inttoptr i64 %12 to ptr\n  %14 = load ptr, ptr %3, align 8\n  %15 = getelementptr inbounds %struct.lockdep_map, ptr %14, i32 0, i32 0\n  store ptr %13, ptr %15, align 8\n  br label %41\n",
        "optimized": "%8 = load i64, ptr %3, align 8\n  %9 = inttoptr i64 %8 to ptr\n  %10 = load ptr, ptr %2, align 8\n  store ptr %9, ptr %10, align 8\n  br label %31\n"
    },
    {
        "unoptimized": "%17 = load i64, ptr %5, align 8\n  %18 = call i64 @__is_module_percpu_address(i64 noundef %17, ptr noundef %4)\n  %19 = icmp ne i64 %18, 0\n  br i1 %19, label %20, label %25\n",
        "optimized": "%12 = load i64, ptr %4, align 8\n  %13 = call i64 @__is_module_percpu_address(i64 noundef %12, ptr noundef nonnull %3) #2\n  %.not1 = icmp eq i64 %13, 0\n  br i1 %.not1, label %18, label %14\n"
    },
    {
        "unoptimized": "%21 = load i64, ptr %4, align 8\n  %22 = inttoptr i64 %21 to ptr\n  %23 = load ptr, ptr %3, align 8\n  %24 = getelementptr inbounds %struct.lockdep_map, ptr %23, i32 0, i32 0\n  store ptr %22, ptr %24, align 8\n  br label %40\n",
        "optimized": "%15 = load i64, ptr %3, align 8\n  %16 = inttoptr i64 %15 to ptr\n  %17 = load ptr, ptr %2, align 8\n  store ptr %16, ptr %17, align 8\n  br label %30\n"
    },
    {
        "unoptimized": "%26 = load ptr, ptr %3, align 8\n  %27 = call i64 @static_obj(ptr noundef %26)\n  %28 = icmp ne i64 %27, 0\n  br i1 %28, label %29, label %33\n",
        "optimized": "%19 = load ptr, ptr %2, align 8\n  %20 = call i64 @static_obj(ptr noundef %19) #2\n  %.not2 = icmp eq i64 %20, 0\n  br i1 %.not2, label %23, label %21\n"
    },
    {
        "unoptimized": "%30 = load ptr, ptr %3, align 8\n  %31 = load ptr, ptr %3, align 8\n  %32 = getelementptr inbounds %struct.lockdep_map, ptr %31, i32 0, i32 0\n  store ptr %30, ptr %32, align 8\n  br label %39\n",
        "optimized": "%22 = load ptr, ptr %2, align 8\n  store ptr %22, ptr %22, align 8\n  br label %29\n"
    },
    {
        "unoptimized": "%34 = call i32 (...) @debug_locks_off()\n  %35 = call i32 @pr_err(ptr noundef @.str)\n  %36 = call i32 @pr_err(ptr noundef @.str.1)\n  %37 = call i32 @pr_err(ptr noundef @.str.2)\n  %38 = call i32 (...) @dump_stack()\n  store i32 0, ptr %2, align 4\n  br label %42\n",
        "optimized": "%24 = call i32 (...) @debug_locks_off() #2\n  %25 = call i32 @pr_err(ptr noundef nonnull @.str) #2\n  %26 = call i32 @pr_err(ptr noundef nonnull @.str.1) #2\n  %27 = call i32 @pr_err(ptr noundef nonnull @.str.2) #2\n  %28 = call i32 (...) @dump_stack() #2\n  br label %32\n"
    },
    {
        "unoptimized": "br label %40\n",
        "optimized": "br label %30\n"
    },
    {
        "unoptimized": "br label %41\n",
        "optimized": "br label %31\n"
    },
    {
        "unoptimized": "store i32 1, ptr %2, align 4\n  br label %42\n",
        "optimized": "br label %32\n"
    },
    {
        "unoptimized": "%43 = load i32, ptr %2, align 4\n  ret i32 %43\n}",
        "optimized": "%storemerge = phi i32 [ 0, %23 ], [ 1, %31 ]\n  ret i32 %storemerge\n}"
    }
]