[
    {
        "unoptimized": "%2 = alloca i32, align 4\n  %3 = alloca ptr, align 8\n  store ptr %0, ptr %3, align 8\n  %4 = load ptr, ptr %3, align 8\n  %5 = call i32 @sccb_get_sclp_send_mask(ptr noundef %4)\n  %6 = load i32, ptr @EVTYP_OPCMD_MASK, align 4\n  %7 = and i32 %5, %6\n  %8 = icmp ne i32 %7, 0\n  br i1 %8, label %10, label %9\n",
        "optimized": "%2 = alloca i32, align 4\n  %3 = alloca ptr, align 8\n  store ptr %0, ptr %3, align 8\n  %4 = call i32 @sccb_get_sclp_send_mask(ptr noundef %0) #2\n  %5 = load i32, ptr @EVTYP_OPCMD_MASK, align 4\n  %6 = and i32 %4, %5\n  %.not = icmp eq i32 %6, 0\n  br i1 %.not, label %7, label %8\n"
    },
    {
        "unoptimized": "store i32 0, ptr %2, align 4\n  br label %20\n",
        "optimized": "store i32 0, ptr %2, align 4\n  br label %17\n"
    },
    {
        "unoptimized": "%11 = load ptr, ptr %3, align 8\n  %12 = call i32 @sccb_get_sclp_recv_mask(ptr noundef %11)\n  %13 = load i32, ptr @EVTYP_MSG_MASK, align 4\n  %14 = load i32, ptr @EVTYP_PMSGCMD_MASK, align 4\n  %15 = or i32 %13, %14\n  %16 = and i32 %12, %15\n  %17 = icmp ne i32 %16, 0\n  br i1 %17, label %19, label %18\n",
        "optimized": "%9 = load ptr, ptr %3, align 8\n  %10 = call i32 @sccb_get_sclp_recv_mask(ptr noundef %9) #2\n  %11 = load i32, ptr @EVTYP_MSG_MASK, align 4\n  %12 = load i32, ptr @EVTYP_PMSGCMD_MASK, align 4\n  %13 = or i32 %11, %12\n  %14 = and i32 %10, %13\n  %.not1 = icmp eq i32 %14, 0\n  br i1 %.not1, label %15, label %16\n"
    },
    {
        "unoptimized": "store i32 0, ptr %2, align 4\n  br label %20\n",
        "optimized": "store i32 0, ptr %2, align 4\n  br label %17\n"
    },
    {
        "unoptimized": "store i32 1, ptr %2, align 4\n  br label %20\n",
        "optimized": "store i32 1, ptr %2, align 4\n  br label %17\n"
    },
    {
        "unoptimized": "%21 = load i32, ptr %2, align 4\n  ret i32 %21\n}",
        "optimized": "%18 = load i32, ptr %2, align 4\n  ret i32 %18\n}"
    }
]