[
    {
        "unoptimized": "%2 = alloca ptr, align 8\n  store ptr %0, ptr %2, align 8\n  %3 = load ptr, ptr %2, align 8\n  %4 = getelementptr inbounds %struct.st_h2o_sendfile_generator_t, ptr %3, i32 0, i32 0\n  %5 = getelementptr inbounds %struct.TYPE_2__, ptr %4, i32 0, i32 0\n  %6 = load ptr, ptr %5, align 8\n  %7 = icmp ne ptr %6, null\n  br i1 %7, label %8, label %17\n",
        "optimized": "%2 = alloca ptr, align 8\n  store ptr %0, ptr %2, align 8\n  %3 = load ptr, ptr %0, align 8\n  %.not = icmp eq ptr %3, null\n  br i1 %.not, label %8, label %4\n"
    },
    {
        "unoptimized": "%9 = load ptr, ptr %2, align 8\n  %10 = getelementptr inbounds %struct.st_h2o_sendfile_generator_t, ptr %9, i32 0, i32 0\n  %11 = getelementptr inbounds %struct.TYPE_2__, ptr %10, i32 0, i32 0\n  %12 = load ptr, ptr %11, align 8\n  %13 = call i32 @h2o_filecache_close_file(ptr noundef %12)\n  %14 = load ptr, ptr %2, align 8\n  %15 = getelementptr inbounds %struct.st_h2o_sendfile_generator_t, ptr %14, i32 0, i32 0\n  %16 = getelementptr inbounds %struct.TYPE_2__, ptr %15, i32 0, i32 0\n  store ptr null, ptr %16, align 8\n  br label %17\n",
        "optimized": "%5 = load ptr, ptr %2, align 8\n  %6 = load ptr, ptr %5, align 8\n  %7 = call i32 @h2o_filecache_close_file(ptr noundef %6) #2\n  store ptr null, ptr %5, align 8\n  br label %8\n"
    },
    {
        "unoptimized": "ret void\n}",
        "optimized": "ret void\n}"
    }
]