[
    {
        "unoptimized": "%2 = alloca i32, align 4\n  %3 = alloca i32, align 4\n  %4 = alloca %struct.biosregs, align 4\n  %5 = alloca %struct.biosregs, align 4\n  %6 = alloca i32, align 4\n  store i32 %0, ptr %3, align 4\n  %7 = call i32 @initregs(ptr noundef %4)\n  %8 = load i32, ptr %3, align 4\n  %9 = getelementptr inbounds %struct.biosregs, ptr %4, i32 0, i32 0\n  store i32 %8, ptr %9, align 4\n  %10 = call i32 @intcall(i32 noundef 16, ptr noundef %4, ptr noundef null)\n  %11 = getelementptr inbounds %struct.biosregs, ptr %4, i32 0, i32 1\n  store i32 15, ptr %11, align 4\n  %12 = call i32 @intcall(i32 noundef 16, ptr noundef %4, ptr noundef %5)\n  store i32 1, ptr @do_restore, align 4\n  %13 = getelementptr inbounds %struct.biosregs, ptr %5, i32 0, i32 0\n  %14 = load i32, ptr %13, align 4\n  %15 = and i32 %14, 127\n  store i32 %15, ptr %6, align 4\n  %16 = load i32, ptr %6, align 4\n  %17 = load i32, ptr %3, align 4\n  %18 = icmp eq i32 %16, %17\n  br i1 %18, label %19, label %20\n",
        "optimized": "%2 = alloca i32, align 4\n  %3 = alloca %struct.biosregs, align 4\n  %4 = alloca %struct.biosregs, align 4\n  %5 = alloca i32, align 4\n  store i32 %0, ptr %2, align 4\n  %6 = call i32 @initregs(ptr noundef nonnull %3) #2\n  store i32 %0, ptr %3, align 4\n  %7 = call i32 @intcall(i32 noundef 16, ptr noundef nonnull %3, ptr noundef null) #2\n  %8 = getelementptr inbounds %struct.biosregs, ptr %3, i64 0, i32 1\n  store i32 15, ptr %8, align 4\n  %9 = call i32 @intcall(i32 noundef 16, ptr noundef nonnull %3, ptr noundef nonnull %4) #2\n  store i32 1, ptr @do_restore, align 4\n  %10 = load i32, ptr %4, align 4\n  %11 = and i32 %10, 127\n  store i32 %11, ptr %5, align 4\n  %12 = load i32, ptr %2, align 4\n  %13 = icmp eq i32 %11, %12\n  br i1 %13, label %14, label %15\n"
    },
    {
        "unoptimized": "store i32 0, ptr %2, align 4\n  br label %29\n",
        "optimized": "br label %23\n"
    },
    {
        "unoptimized": "%21 = load i32, ptr %6, align 4\n  %22 = load i32, ptr @boot_params, align 4\n  %23 = icmp ne i32 %21, %22\n  br i1 %23, label %24, label %28\n",
        "optimized": "%16 = load i32, ptr %5, align 4\n  %17 = load i32, ptr @boot_params, align 4\n  %.not = icmp eq i32 %16, %17\n  br i1 %.not, label %22, label %18\n"
    },
    {
        "unoptimized": "%25 = load i32, ptr @boot_params, align 4\n  %26 = getelementptr inbounds %struct.biosregs, ptr %4, i32 0, i32 2\n  store i32 %25, ptr %26, align 4\n  %27 = call i32 @intcall(i32 noundef 16, ptr noundef %4, ptr noundef null)\n  br label %28\n",
        "optimized": "%19 = load i32, ptr @boot_params, align 4\n  %20 = getelementptr inbounds %struct.biosregs, ptr %3, i64 0, i32 2\n  store i32 %19, ptr %20, align 4\n  %21 = call i32 @intcall(i32 noundef 16, ptr noundef nonnull %3, ptr noundef null) #2\n  br label %22\n"
    },
    {
        "unoptimized": "store i32 -1, ptr %2, align 4\n  br label %29\n",
        "optimized": "br label %23\n"
    },
    {
        "unoptimized": "%30 = load i32, ptr %2, align 4\n  ret i32 %30\n}",
        "optimized": "%storemerge = phi i32 [ -1, %22 ], [ 0, %14 ]\n  ret i32 %storemerge\n}"
    }
]