[
    {
        "unoptimized": "%3 = alloca i32, align 4\n  %4 = alloca ptr, align 8\n  %5 = alloca i64, align 8\n  %6 = alloca ptr, align 8\n  %7 = alloca ptr, align 8\n  store ptr %0, ptr %4, align 8\n  store i64 %1, ptr %5, align 8\n  %8 = load ptr, ptr %4, align 8\n  %9 = load i64, ptr %5, align 8\n  %10 = getelementptr inbounds i8, ptr %8, i64 %9\n  store ptr %10, ptr %6, align 8\n  %11 = load ptr, ptr %6, align 8\n  store ptr %11, ptr %7, align 8\n  br label %12\n",
        "optimized": "%3 = alloca ptr, align 8\n  %4 = alloca ptr, align 8\n  %5 = alloca ptr, align 8\n  store ptr %0, ptr %3, align 8\n  %6 = getelementptr inbounds i8, ptr %0, i64 %1\n  store ptr %6, ptr %4, align 8\n  store ptr %6, ptr %5, align 8\n  br label %7\n"
    },
    {
        "unoptimized": "%13 = load ptr, ptr %7, align 8\n  %14 = getelementptr inbounds i8, ptr %13, i32 -1\n  store ptr %14, ptr %7, align 8\n  %15 = load ptr, ptr %4, align 8\n  %16 = icmp ne ptr %14, %15\n  br i1 %16, label %17, label %41\n",
        "optimized": "%8 = load ptr, ptr %5, align 8\n  %9 = getelementptr inbounds i8, ptr %8, i64 -1\n  store ptr %9, ptr %5, align 8\n  %10 = load ptr, ptr %3, align 8\n  %.not = icmp eq ptr %9, %10\n  br i1 %.not, label %32, label %11\n"
    },
    {
        "unoptimized": "%18 = load ptr, ptr %7, align 8\n  %19 = load i8, ptr %18, align 1\n  %20 = sext i8 %19 to i32\n  %21 = icmp eq i32 %20, 46\n  br i1 %21, label %22, label %33\n",
        "optimized": "%12 = load ptr, ptr %5, align 8\n  %13 = load i8, ptr %12, align 1\n  %14 = icmp eq i8 %13, 46\n  br i1 %14, label %15, label %25\n"
    },
    {
        "unoptimized": "%23 = load ptr, ptr %7, align 8\n  %24 = getelementptr inbounds i8, ptr %23, i64 1\n  %25 = load ptr, ptr %6, align 8\n  %26 = load ptr, ptr %7, align 8\n  %27 = getelementptr inbounds i8, ptr %26, i64 1\n  %28 = ptrtoint ptr %25 to i64\n  %29 = ptrtoint ptr %27 to i64\n  %30 = sub i64 %28, %29\n  %31 = trunc i64 %30 to i32\n  %32 = call i32 @h2o_iovec_init(ptr noundef %24, i32 noundef %31)\n  store i32 %32, ptr %3, align 4\n  br label %43\n",
        "optimized": "%16 = load ptr, ptr %5, align 8\n  %17 = getelementptr inbounds i8, ptr %16, i64 1\n  %18 = load ptr, ptr %4, align 8\n  %19 = getelementptr inbounds i8, ptr %16, i64 1\n  %20 = ptrtoint ptr %18 to i64\n  %21 = ptrtoint ptr %19 to i64\n  %22 = sub i64 %20, %21\n  %23 = trunc i64 %22 to i32\n  %24 = call i32 @h2o_iovec_init(ptr noundef nonnull %17, i32 noundef %23) #2\n  br label %34\n"
    },
    {
        "unoptimized": "%34 = load ptr, ptr %7, align 8\n  %35 = load i8, ptr %34, align 1\n  %36 = sext i8 %35 to i32\n  %37 = icmp eq i32 %36, 47\n  br i1 %37, label %38, label %39\n",
        "optimized": "%26 = load ptr, ptr %5, align 8\n  %27 = load i8, ptr %26, align 1\n  %28 = icmp eq i8 %27, 47\n  br i1 %28, label %29, label %30\n"
    },
    {
        "unoptimized": "br label %41\n",
        "optimized": "br label %32\n"
    },
    {
        "unoptimized": "br label %40\n",
        "optimized": "br label %31\n"
    },
    {
        "unoptimized": "br label %12, !llvm.loop !6\n",
        "optimized": "br label %7, !llvm.loop !6\n"
    },
    {
        "unoptimized": "%42 = call i32 @h2o_iovec_init(ptr noundef null, i32 noundef 0)\n  store i32 %42, ptr %3, align 4\n  br label %43\n",
        "optimized": "%33 = call i32 @h2o_iovec_init(ptr noundef null, i32 noundef 0) #2\n  br label %34\n"
    },
    {
        "unoptimized": "%44 = load i32, ptr %3, align 4\n  ret i32 %44\n}",
        "optimized": "%storemerge = phi i32 [ %33, %32 ], [ %24, %15 ]\n  ret i32 %storemerge\n}"
    }
]