[
    {
        "unoptimized": "%5 = alloca ptr, align 8\n  %6 = alloca ptr, align 8\n  %7 = alloca ptr, align 8\n  %8 = alloca ptr, align 8\n  %9 = alloca i32, align 4\n  %10 = alloca [128 x i8], align 16\n  store ptr %0, ptr %5, align 8\n  store ptr %1, ptr %6, align 8\n  store ptr %2, ptr %7, align 8\n  store ptr %3, ptr %8, align 8\n  %11 = load ptr, ptr %5, align 8\n  %12 = load ptr, ptr %6, align 8\n  %13 = load ptr, ptr %7, align 8\n  %14 = load ptr, ptr %8, align 8\n  %15 = call i32 @pthread_create(ptr noundef %11, ptr noundef %12, ptr noundef %13, ptr noundef %14)\n  store i32 %15, ptr %9, align 4\n  %16 = icmp ne i32 %15, 0\n  br i1 %16, label %17, label %22\n",
        "optimized": "%5 = alloca i32, align 4\n  %6 = alloca [128 x i8], align 16\n  %7 = call i32 @pthread_create(ptr noundef %0, ptr noundef %1, ptr noundef %2, ptr noundef %3) #2\n  store i32 %7, ptr %5, align 4\n  %.not = icmp eq i32 %7, 0\n  br i1 %.not, label %12, label %8\n"
    },
    {
        "unoptimized": "%18 = load i32, ptr %9, align 4\n  %19 = getelementptr inbounds [128 x i8], ptr %10, i64 0, i64 0\n  %20 = call i32 @h2o_strerror_r(i32 noundef %18, ptr noundef %19, i32 noundef 128)\n  %21 = call i32 @h2o_fatal(ptr noundef @.str, i32 noundef %20)\n  br label %22\n",
        "optimized": "%9 = load i32, ptr %5, align 4\n  %10 = call i32 @h2o_strerror_r(i32 noundef %9, ptr noundef nonnull %6, i32 noundef 128) #2\n  %11 = call i32 @h2o_fatal(ptr noundef nonnull @.str, i32 noundef %10) #2\n  br label %12\n"
    },
    {
        "unoptimized": "ret void\n}",
        "optimized": "ret void\n}"
    }
]