[
    {
        "unoptimized": "%3 = alloca ptr, align 8\n  %4 = alloca ptr, align 8\n  %5 = alloca i32, align 4\n  store ptr %0, ptr %3, align 8\n  store ptr %1, ptr %4, align 8\n  %6 = load ptr, ptr %3, align 8\n  %7 = load ptr, ptr %3, align 8\n  %8 = call i32 @xa_empty(ptr noundef %7)\n  %9 = icmp ne i32 %8, 0\n  %10 = xor i1 %9, true\n  %11 = zext i1 %10 to i32\n  %12 = call i32 @XA_BUG_ON(ptr noundef %6, i32 noundef %11)\n  store i32 0, ptr %5, align 4\n  br label %13\n",
        "optimized": "%3 = alloca ptr, align 8\n  %4 = alloca ptr, align 8\n  %5 = alloca i32, align 4\n  store ptr %0, ptr %3, align 8\n  store ptr %1, ptr %4, align 8\n  %6 = call i32 @xa_empty(ptr noundef %0) #2\n  %.not = icmp eq i32 %6, 0\n  %7 = zext i1 %.not to i32\n  %8 = call i32 @XA_BUG_ON(ptr noundef %0, i32 noundef %7) #2\n  br label %9\n"
    },
    {
        "unoptimized": "%14 = load i32, ptr %5, align 4\n  %15 = icmp slt i32 %14, 8\n  br i1 %15, label %16, label %33\n",
        "optimized": "%storemerge = phi i32 [ 0, %2 ], [ %26, %24 ]\n  store i32 %storemerge, ptr %5, align 4\n  %10 = icmp slt i32 %storemerge, 8\n  br i1 %10, label %11, label %27\n"
    },
    {
        "unoptimized": "%17 = load ptr, ptr %3, align 8\n  %18 = load ptr, ptr %3, align 8\n  %19 = load ptr, ptr %4, align 8\n  %20 = load i32, ptr %5, align 4\n  %21 = sext i32 %20 to i64\n  %22 = getelementptr inbounds i8, ptr %19, i64 %21\n  %23 = load i32, ptr @GFP_KERNEL, align 4\n  %24 = call ptr @xa_store(ptr noundef %18, i32 noundef 0, ptr noundef %22, i32 noundef %23)\n  %25 = icmp ne ptr %24, null\n  %26 = zext i1 %25 to i32\n  %27 = call i32 @XA_BUG_ON(ptr noundef %17, i32 noundef %26)\n  %28 = load ptr, ptr %3, align 8\n  %29 = call i32 @xa_erase(ptr noundef %28, i32 noundef 0)\n  br label %30\n",
        "optimized": "%12 = load ptr, ptr %3, align 8\n  %13 = load ptr, ptr %4, align 8\n  %14 = load i32, ptr %5, align 4\n  %15 = sext i32 %14 to i64\n  %16 = getelementptr inbounds i8, ptr %13, i64 %15\n  %17 = load i32, ptr @GFP_KERNEL, align 4\n  %18 = call ptr @xa_store(ptr noundef %12, i32 noundef 0, ptr noundef %16, i32 noundef %17) #2\n  %19 = icmp ne ptr %18, null\n  %20 = zext i1 %19 to i32\n  %21 = call i32 @XA_BUG_ON(ptr noundef %12, i32 noundef %20) #2\n  %22 = load ptr, ptr %3, align 8\n  %23 = call i32 @xa_erase(ptr noundef %22, i32 noundef 0) #2\n  br label %24\n"
    },
    {
        "unoptimized": "%31 = load i32, ptr %5, align 4\n  %32 = add nsw i32 %31, 1\n  store i32 %32, ptr %5, align 4\n  br label %13, !llvm.loop !6\n",
        "optimized": "%25 = load i32, ptr %5, align 4\n  %26 = add nsw i32 %25, 1\n  br label %9, !llvm.loop !6\n"
    },
    {
        "unoptimized": "store i32 0, ptr %5, align 4\n  br label %34\n",
        "optimized": "br label %28\n"
    },
    {
        "unoptimized": "%35 = load i32, ptr %5, align 4\n  %36 = icmp slt i32 %35, 8\n  br i1 %36, label %37, label %60\n",
        "optimized": "%storemerge1 = phi i32 [ 0, %27 ], [ %49, %47 ]\n  store i32 %storemerge1, ptr %5, align 4\n  %29 = icmp slt i32 %storemerge1, 8\n  br i1 %29, label %30, label %50\n"
    },
    {
        "unoptimized": "%38 = load ptr, ptr %3, align 8\n  %39 = load ptr, ptr %3, align 8\n  %40 = load i32, ptr @GFP_KERNEL, align 4\n  %41 = call i64 @xa_reserve(ptr noundef %39, i32 noundef 0, i32 noundef %40)\n  %42 = icmp ne i64 %41, 0\n  %43 = zext i1 %42 to i32\n  %44 = call i32 @XA_BUG_ON(ptr noundef %38, i32 noundef %43)\n  %45 = load ptr, ptr %3, align 8\n  %46 = load ptr, ptr %3, align 8\n  %47 = load ptr, ptr %4, align 8\n  %48 = load i32, ptr %5, align 4\n  %49 = sext i32 %48 to i64\n  %50 = getelementptr inbounds i8, ptr %47, i64 %49\n  %51 = call ptr @xa_store(ptr noundef %46, i32 noundef 0, ptr noundef %50, i32 noundef 0)\n  %52 = icmp ne ptr %51, null\n  %53 = zext i1 %52 to i32\n  %54 = call i32 @XA_BUG_ON(ptr noundef %45, i32 noundef %53)\n  %55 = load ptr, ptr %3, align 8\n  %56 = call i32 @xa_erase(ptr noundef %55, i32 noundef 0)\n  br label %57\n",
        "optimized": "%31 = load ptr, ptr %3, align 8\n  %32 = load i32, ptr @GFP_KERNEL, align 4\n  %33 = call i64 @xa_reserve(ptr noundef %31, i32 noundef 0, i32 noundef %32) #2\n  %34 = icmp ne i64 %33, 0\n  %35 = zext i1 %34 to i32\n  %36 = call i32 @XA_BUG_ON(ptr noundef %31, i32 noundef %35) #2\n  %37 = load ptr, ptr %4, align 8\n  %38 = load i32, ptr %5, align 4\n  %39 = sext i32 %38 to i64\n  %40 = getelementptr inbounds i8, ptr %37, i64 %39\n  %41 = call ptr @xa_store(ptr noundef %31, i32 noundef 0, ptr noundef %40, i32 noundef 0) #2\n  %42 = icmp ne ptr %41, null\n  %43 = zext i1 %42 to i32\n  %44 = call i32 @XA_BUG_ON(ptr noundef %31, i32 noundef %43) #2\n  %45 = load ptr, ptr %3, align 8\n  %46 = call i32 @xa_erase(ptr noundef %45, i32 noundef 0) #2\n  br label %47\n"
    },
    {
        "unoptimized": "%58 = load i32, ptr %5, align 4\n  %59 = add nsw i32 %58, 1\n  store i32 %59, ptr %5, align 4\n  br label %34, !llvm.loop !8\n",
        "optimized": "%48 = load i32, ptr %5, align 4\n  %49 = add nsw i32 %48, 1\n  br label %28, !llvm.loop !8\n"
    },
    {
        "unoptimized": "%61 = load ptr, ptr %3, align 8\n  %62 = load ptr, ptr %3, align 8\n  %63 = call i32 @xa_empty(ptr noundef %62)\n  %64 = icmp ne i32 %63, 0\n  %65 = xor i1 %64, true\n  %66 = zext i1 %65 to i32\n  %67 = call i32 @XA_BUG_ON(ptr noundef %61, i32 noundef %66)\n  ret void\n}",
        "optimized": "%51 = load ptr, ptr %3, align 8\n  %52 = call i32 @xa_empty(ptr noundef %51) #2\n  %.not2 = icmp eq i32 %52, 0\n  %53 = zext i1 %.not2 to i32\n  %54 = call i32 @XA_BUG_ON(ptr noundef %51, i32 noundef %53) #2\n  ret void\n}"
    }
]