[
    {
        "unoptimized": "%8 = alloca i32, align 4\n  %9 = alloca ptr, align 8\n  %10 = alloca ptr, align 8\n  %11 = alloca i64, align 8\n  %12 = alloca ptr, align 8\n  %13 = alloca i64, align 8\n  %14 = alloca i32, align 4\n  %15 = alloca i32, align 4\n  %16 = alloca i32, align 4\n  %17 = alloca i64, align 8\n  %18 = alloca ptr, align 8\n  %19 = alloca i32, align 4\n  store ptr %0, ptr %9, align 8\n  store ptr %1, ptr %10, align 8\n  store i64 %2, ptr %11, align 8\n  store ptr %3, ptr %12, align 8\n  store i64 %4, ptr %13, align 8\n  store i32 %5, ptr %14, align 4\n  store i32 %6, ptr %15, align 4\n  %20 = load ptr, ptr %9, align 8\n  %21 = getelementptr inbounds %struct.TYPE_6__, ptr %20, i32 0, i32 0\n  %22 = load i64, ptr %21, align 8\n  %23 = icmp ne i64 %22, 0\n  br i1 %23, label %24, label %77\n",
        "optimized": "%8 = alloca ptr, align 8\n  %9 = alloca ptr, align 8\n  %10 = alloca i64, align 8\n  %11 = alloca ptr, align 8\n  %12 = alloca i64, align 8\n  %13 = alloca i32, align 4\n  %14 = alloca i32, align 4\n  %15 = alloca i32, align 4\n  %16 = alloca i64, align 8\n  %17 = alloca ptr, align 8\n  %18 = alloca i32, align 4\n  store ptr %0, ptr %8, align 8\n  store ptr %1, ptr %9, align 8\n  store i64 %2, ptr %10, align 8\n  store ptr %3, ptr %11, align 8\n  store i64 %4, ptr %12, align 8\n  store i32 %5, ptr %13, align 4\n  store i32 %6, ptr %14, align 4\n  %19 = load ptr, ptr %8, align 8\n  %20 = load i64, ptr %19, align 8\n  %.not = icmp eq i64 %20, 0\n  br i1 %.not, label %59, label %21\n"
    },
    {
        "unoptimized": "%25 = load ptr, ptr %10, align 8\n  %26 = load i64, ptr %11, align 8\n  %27 = load ptr, ptr %12, align 8\n  %28 = load i64, ptr %13, align 8\n  %29 = call i32 @calc_hash(ptr noundef %25, i64 noundef %26, ptr noundef %27, i64 noundef %28)\n  store i32 %29, ptr %16, align 4\n  store i64 0, ptr %17, align 8\n  br label %30\n",
        "optimized": "%22 = load ptr, ptr %9, align 8\n  %23 = load i64, ptr %10, align 8\n  %24 = load ptr, ptr %11, align 8\n  %25 = load i64, ptr %12, align 8\n  %26 = call i32 @calc_hash(ptr noundef %22, i64 noundef %23, ptr noundef %24, i64 noundef %25) #2\n  store i32 %26, ptr %15, align 4\n  store i64 0, ptr %16, align 8\n  br label %27\n"
    },
    {
        "unoptimized": "%31 = load ptr, ptr %9, align 8\n  %32 = getelementptr inbounds %struct.TYPE_6__, ptr %31, i32 0, i32 1\n  %33 = load ptr, ptr %32, align 8\n  %34 = load i64, ptr %17, align 8\n  %35 = getelementptr inbounds %struct.TYPE_7__, ptr %33, i64 %34\n  store ptr %35, ptr %18, align 8\n  %36 = load i32, ptr %16, align 4\n  %37 = load ptr, ptr %18, align 8\n  %38 = getelementptr inbounds %struct.TYPE_7__, ptr %37, i32 0, i32 0\n  %39 = load i32, ptr %38, align 8\n  %40 = sub nsw i32 64, %39\n  %41 = ashr i32 %36, %40\n  store i32 %41, ptr %19, align 4\n  %42 = load ptr, ptr %18, align 8\n  %43 = getelementptr inbounds %struct.TYPE_7__, ptr %42, i32 0, i32 1\n  %44 = getelementptr inbounds %struct.TYPE_5__, ptr %43, i32 0, i32 1\n  %45 = load ptr, ptr %44, align 8\n  %46 = icmp ne ptr %45, null\n  br i1 %46, label %47, label %68\n",
        "optimized": "%28 = load ptr, ptr %8, align 8\n  %29 = getelementptr inbounds %struct.TYPE_6__, ptr %28, i64 0, i32 1\n  %30 = load ptr, ptr %29, align 8\n  %31 = load i64, ptr %16, align 8\n  %32 = getelementptr inbounds %struct.TYPE_7__, ptr %30, i64 %31\n  store ptr %32, ptr %17, align 8\n  %33 = load i32, ptr %15, align 4\n  %34 = load i32, ptr %32, align 8\n  %35 = sub nsw i32 64, %34\n  %36 = ashr i32 %33, %35\n  store i32 %36, ptr %18, align 4\n  %37 = getelementptr inbounds %struct.TYPE_7__, ptr %30, i64 %31, i32 1, i32 1\n  %38 = load ptr, ptr %37, align 8\n  %.not2 = icmp eq ptr %38, null\n  br i1 %.not2, label %52, label %39\n"
    },
    {
        "unoptimized": "%48 = load ptr, ptr %18, align 8\n  %49 = getelementptr inbounds %struct.TYPE_7__, ptr %48, i32 0, i32 1\n  %50 = getelementptr inbounds %struct.TYPE_5__, ptr %49, i32 0, i32 1\n  %51 = load ptr, ptr %50, align 8\n  %52 = load ptr, ptr %18, align 8\n  %53 = getelementptr inbounds %struct.TYPE_7__, ptr %52, i32 0, i32 1\n  %54 = getelementptr inbounds %struct.TYPE_5__, ptr %53, i32 0, i32 0\n  %55 = load i32, ptr %54, align 8\n  %56 = load i32, ptr @cmp_key, align 4\n  %57 = call ptr @bsearch(ptr noundef %19, ptr noundef %51, i32 noundef %55, i32 noundef 4, i32 noundef %56)\n  %58 = icmp ne ptr %57, null\n  br i1 %58, label %59, label %68\n",
        "optimized": "%40 = load ptr, ptr %17, align 8\n  %41 = getelementptr inbounds %struct.TYPE_7__, ptr %40, i64 0, i32 1, i32 1\n  %42 = load ptr, ptr %41, align 8\n  %43 = getelementptr inbounds %struct.TYPE_7__, ptr %40, i64 0, i32 1\n  %44 = load i32, ptr %43, align 8\n  %45 = load i32, ptr @cmp_key, align 4\n  %46 = call ptr @bsearch(ptr noundef nonnull %18, ptr noundef %42, i32 noundef %44, i32 noundef 4, i32 noundef %45) #2\n  %.not4 = icmp eq ptr %46, null\n  br i1 %.not4, label %52, label %47\n"
    },
    {
        "unoptimized": "%60 = load i32, ptr %14, align 4\n  %61 = icmp ne i32 %60, 0\n  br i1 %61, label %62, label %64\n",
        "optimized": "%48 = load i32, ptr %13, align 4\n  %.not5 = icmp eq i32 %48, 0\n  br i1 %.not5, label %50, label %49\n"
    },
    {
        "unoptimized": "%63 = load i32, ptr @H2O_CACHE_DIGESTS_STATE_FRESH, align 4\n  br label %66\n",
        "optimized": "br label %51\n"
    },
    {
        "unoptimized": "%65 = load i32, ptr @H2O_CACHE_DIGESTS_STATE_STALE, align 4\n  br label %66\n",
        "optimized": "br label %51\n"
    },
    {
        "unoptimized": "%67 = phi i32 [ %63, %62 ], [ %65, %64 ]\n  store i32 %67, ptr %8, align 4\n  br label %86\n",
        "optimized": "%.in6 = phi ptr [ @H2O_CACHE_DIGESTS_STATE_FRESH, %49 ], [ @H2O_CACHE_DIGESTS_STATE_STALE, %50 ]\n  br label %64\n"
    },
    {
        "unoptimized": "br label %69\n",
        "optimized": "br label %53\n"
    },
    {
        "unoptimized": "%70 = load i64, ptr %17, align 8\n  %71 = add i64 %70, 1\n  store i64 %71, ptr %17, align 8\n  %72 = load ptr, ptr %9, align 8\n  %73 = getelementptr inbounds %struct.TYPE_6__, ptr %72, i32 0, i32 0\n  %74 = load i64, ptr %73, align 8\n  %75 = icmp ne i64 %71, %74\n  br i1 %75, label %30, label %76, !llvm.loop !6\n",
        "optimized": "%54 = load i64, ptr %16, align 8\n  %55 = add i64 %54, 1\n  store i64 %55, ptr %16, align 8\n  %56 = load ptr, ptr %8, align 8\n  %57 = load i64, ptr %56, align 8\n  %.not3 = icmp eq i64 %55, %57\n  br i1 %.not3, label %58, label %27, !llvm.loop !6\n"
    },
    {
        "unoptimized": "br label %77\n",
        "optimized": "br label %59\n"
    },
    {
        "unoptimized": "%78 = load i32, ptr %15, align 4\n  %79 = icmp ne i32 %78, 0\n  br i1 %79, label %80, label %82\n",
        "optimized": "%60 = load i32, ptr %14, align 4\n  %.not1 = icmp eq i32 %60, 0\n  br i1 %.not1, label %62, label %61\n"
    },
    {
        "unoptimized": "%81 = load i32, ptr @H2O_CACHE_DIGESTS_STATE_NOT_CACHED, align 4\n  br label %84\n",
        "optimized": "br label %63\n"
    },
    {
        "unoptimized": "%83 = load i32, ptr @H2O_CACHE_DIGESTS_STATE_UNKNOWN, align 4\n  br label %84\n",
        "optimized": "br label %63\n"
    },
    {
        "unoptimized": "%85 = phi i32 [ %81, %80 ], [ %83, %82 ]\n  store i32 %85, ptr %8, align 4\n  br label %86\n",
        "optimized": "%.in = phi ptr [ @H2O_CACHE_DIGESTS_STATE_NOT_CACHED, %61 ], [ @H2O_CACHE_DIGESTS_STATE_UNKNOWN, %62 ]\n  br label %64\n"
    },
    {
        "unoptimized": "%87 = load i32, ptr %8, align 4\n  ret i32 %87\n}",
        "optimized": "%storemerge.in = phi ptr [ %.in, %63 ], [ %.in6, %51 ]\n  %storemerge = load i32, ptr %storemerge.in, align 4\n  ret i32 %storemerge\n}"
    }
]