[
    {
        "unoptimized": "%6 = alloca i32, align 4\n  %7 = alloca ptr, align 8\n  %8 = alloca ptr, align 8\n  %9 = alloca i32, align 4\n  %10 = alloca ptr, align 8\n  %11 = alloca ptr, align 8\n  %12 = alloca i32, align 4\n  %13 = alloca i32, align 4\n  %14 = alloca i32, align 4\n  %15 = alloca i32, align 4\n  store ptr %0, ptr %7, align 8\n  store ptr %1, ptr %8, align 8\n  store i32 %2, ptr %9, align 4\n  store ptr %3, ptr %10, align 8\n  store ptr %4, ptr %11, align 8\n  %16 = load ptr, ptr %7, align 8\n  %17 = load ptr, ptr %8, align 8\n  %18 = getelementptr inbounds %struct.st_h2o_qpack_decode_header_ctx_t, ptr %17, i32 0, i32 2\n  store ptr %16, ptr %18, align 8\n  %19 = load ptr, ptr %8, align 8\n  %20 = getelementptr inbounds %struct.st_h2o_qpack_decode_header_ctx_t, ptr %19, i32 0, i32 0\n  %21 = load ptr, ptr %10, align 8\n  %22 = load ptr, ptr %11, align 8\n  %23 = call i64 @decode_int(ptr noundef %20, ptr noundef %21, ptr noundef %22, i32 noundef 8)\n  %24 = icmp ne i64 %23, 0\n  br i1 %24, label %25, label %27\n",
        "optimized": "%6 = alloca i32, align 4\n  %7 = alloca ptr, align 8\n  %8 = alloca ptr, align 8\n  %9 = alloca i32, align 4\n  %10 = alloca ptr, align 8\n  %11 = alloca ptr, align 8\n  %12 = alloca i32, align 4\n  %13 = alloca i32, align 4\n  %14 = alloca i32, align 4\n  store ptr %0, ptr %7, align 8\n  store ptr %1, ptr %8, align 8\n  store i32 %2, ptr %9, align 4\n  store ptr %3, ptr %10, align 8\n  store ptr %4, ptr %11, align 8\n  %15 = getelementptr inbounds %struct.st_h2o_qpack_decode_header_ctx_t, ptr %1, i64 0, i32 2\n  store ptr %0, ptr %15, align 8\n  %16 = call i64 @decode_int(ptr noundef %1, ptr noundef %3, ptr noundef %4, i32 noundef 8) #2\n  %.not = icmp eq i64 %16, 0\n  br i1 %.not, label %19, label %17\n"
    },
    {
        "unoptimized": "%26 = load i32, ptr @H2O_HTTP3_ERROR_QPACK_DECOMPRESSION_FAILED, align 4\n  store i32 %26, ptr %6, align 4\n  br label %174\n",
        "optimized": "%18 = load i32, ptr @H2O_HTTP3_ERROR_QPACK_DECOMPRESSION_FAILED, align 4\n  store i32 %18, ptr %6, align 4\n  br label %127\n"
    },
    {
        "unoptimized": "%28 = load ptr, ptr %8, align 8\n  %29 = getelementptr inbounds %struct.st_h2o_qpack_decode_header_ctx_t, ptr %28, i32 0, i32 0\n  %30 = load i32, ptr %29, align 8\n  %31 = icmp sgt i32 %30, 0\n  br i1 %31, label %32, label %86\n",
        "optimized": "%20 = load ptr, ptr %8, align 8\n  %21 = load i32, ptr %20, align 8\n  %22 = icmp sgt i32 %21, 0\n  br i1 %22, label %23, label %60\n"
    },
    {
        "unoptimized": "%33 = load ptr, ptr %7, align 8\n  %34 = getelementptr inbounds %struct.TYPE_10__, ptr %33, i32 0, i32 0\n  %35 = load i32, ptr %34, align 8\n  %36 = icmp eq i32 %35, 0\n  br i1 %36, label %37, label %39\n",
        "optimized": "%24 = load ptr, ptr %7, align 8\n  %25 = load i32, ptr %24, align 8\n  %26 = icmp eq i32 %25, 0\n  br i1 %26, label %27, label %29\n"
    },
    {
        "unoptimized": "%38 = load i32, ptr @H2O_HTTP3_ERROR_QPACK_DECOMPRESSION_FAILED, align 4\n  store i32 %38, ptr %6, align 4\n  br label %174\n",
        "optimized": "%28 = load i32, ptr @H2O_HTTP3_ERROR_QPACK_DECOMPRESSION_FAILED, align 4\n  store i32 %28, ptr %6, align 4\n  br label %127\n"
    },
    {
        "unoptimized": "%40 = load ptr, ptr %7, align 8\n  %41 = getelementptr inbounds %struct.TYPE_10__, ptr %40, i32 0, i32 0\n  %42 = load i32, ptr %41, align 8\n  %43 = mul nsw i32 2, %42\n  store i32 %43, ptr %12, align 4\n  %44 = load ptr, ptr %7, align 8\n  %45 = getelementptr inbounds %struct.TYPE_10__, ptr %44, i32 0, i32 1\n  %46 = load i32, ptr %45, align 4\n  %47 = load ptr, ptr %7, align 8\n  %48 = getelementptr inbounds %struct.TYPE_10__, ptr %47, i32 0, i32 0\n  %49 = load i32, ptr %48, align 8\n  %50 = add nsw i32 %46, %49\n  store i32 %50, ptr %13, align 4\n  %51 = load i32, ptr %13, align 4\n  %52 = load i32, ptr %12, align 4\n  %53 = sdiv i32 %51, %52\n  %54 = load i32, ptr %12, align 4\n  %55 = mul nsw i32 %53, %54\n  store i32 %55, ptr %14, align 4\n  %56 = load i32, ptr %14, align 4\n  %57 = sub nsw i32 %56, 1\n  %58 = load ptr, ptr %8, align 8\n  %59 = getelementptr inbounds %struct.st_h2o_qpack_decode_header_ctx_t, ptr %58, i32 0, i32 0\n  %60 = load i32, ptr %59, align 8\n  %61 = add nsw i32 %60, %57\n  store i32 %61, ptr %59, align 8\n  %62 = load ptr, ptr %8, align 8\n  %63 = getelementptr inbounds %struct.st_h2o_qpack_decode_header_ctx_t, ptr %62, i32 0, i32 0\n  %64 = load i32, ptr %63, align 8\n  %65 = load i32, ptr %13, align 4\n  %66 = icmp sgt i32 %64, %65\n  br i1 %66, label %67, label %79\n",
        "optimized": "%30 = load ptr, ptr %7, align 8\n  %31 = load i32, ptr %30, align 8\n  %32 = shl nsw i32 %31, 1\n  store i32 %32, ptr %12, align 4\n  %33 = getelementptr inbounds %struct.TYPE_10__, ptr %30, i64 0, i32 1\n  %34 = load i32, ptr %33, align 4\n  %35 = add nsw i32 %34, %31\n  %.fr = freeze i32 %35\n  store i32 %.fr, ptr %13, align 4\n  %36 = srem i32 %.fr, %32\n  %37 = xor i32 %36, -1\n  %38 = add i32 %.fr, %37\n  %39 = load ptr, ptr %8, align 8\n  %40 = load i32, ptr %39, align 8\n  %41 = add nsw i32 %40, %38\n  store i32 %41, ptr %39, align 8\n  %42 = load i32, ptr %13, align 4\n  %43 = icmp sgt i32 %41, %42\n  br i1 %43, label %44, label %54\n"
    },
    {
        "unoptimized": "%68 = load ptr, ptr %8, align 8\n  %69 = getelementptr inbounds %struct.st_h2o_qpack_decode_header_ctx_t, ptr %68, i32 0, i32 0\n  %70 = load i32, ptr %69, align 8\n  %71 = load i32, ptr %12, align 4\n  %72 = icmp sgt i32 %70, %71\n  br i1 %72, label %73, label %79\n",
        "optimized": "%45 = load ptr, ptr %8, align 8\n  %46 = load i32, ptr %45, align 8\n  %47 = load i32, ptr %12, align 4\n  %48 = icmp sgt i32 %46, %47\n  br i1 %48, label %49, label %54\n"
    },
    {
        "unoptimized": "%74 = load i32, ptr %12, align 4\n  %75 = load ptr, ptr %8, align 8\n  %76 = getelementptr inbounds %struct.st_h2o_qpack_decode_header_ctx_t, ptr %75, i32 0, i32 0\n  %77 = load i32, ptr %76, align 8\n  %78 = sub nsw i32 %77, %74\n  store i32 %78, ptr %76, align 8\n  br label %79\n",
        "optimized": "%50 = load i32, ptr %12, align 4\n  %51 = load ptr, ptr %8, align 8\n  %52 = load i32, ptr %51, align 8\n  %53 = sub nsw i32 %52, %50\n  store i32 %53, ptr %51, align 8\n  br label %54\n"
    },
    {
        "unoptimized": "%80 = load ptr, ptr %8, align 8\n  %81 = getelementptr inbounds %struct.st_h2o_qpack_decode_header_ctx_t, ptr %80, i32 0, i32 0\n  %82 = load i32, ptr %81, align 8\n  %83 = icmp ne i32 %82, 0\n  %84 = zext i1 %83 to i32\n  %85 = call i32 @assert(i32 noundef %84)\n  br label %86\n",
        "optimized": "%55 = load ptr, ptr %8, align 8\n  %56 = load i32, ptr %55, align 8\n  %57 = icmp ne i32 %56, 0\n  %58 = zext i1 %57 to i32\n  %59 = call i32 @assert(i32 noundef %58) #2\n  br label %60\n"
    },
    {
        "unoptimized": "%87 = load ptr, ptr %10, align 8\n  %88 = load ptr, ptr %87, align 8\n  %89 = load ptr, ptr %11, align 8\n  %90 = icmp uge ptr %88, %89\n  br i1 %90, label %91, label %93\n",
        "optimized": "%61 = load ptr, ptr %10, align 8\n  %62 = load ptr, ptr %61, align 8\n  %63 = load ptr, ptr %11, align 8\n  %.not1 = icmp ult ptr %62, %63\n  br i1 %.not1, label %66, label %64\n"
    },
    {
        "unoptimized": "%92 = load i32, ptr @H2O_HTTP3_ERROR_QPACK_DECOMPRESSION_FAILED, align 4\n  store i32 %92, ptr %6, align 4\n  br label %174\n",
        "optimized": "%65 = load i32, ptr @H2O_HTTP3_ERROR_QPACK_DECOMPRESSION_FAILED, align 4\n  store i32 %65, ptr %6, align 4\n  br label %127\n"
    },
    {
        "unoptimized": "%94 = load ptr, ptr %10, align 8\n  %95 = load ptr, ptr %94, align 8\n  %96 = load i32, ptr %95, align 4\n  %97 = and i32 %96, 128\n  %98 = icmp ne i32 %97, 0\n  %99 = zext i1 %98 to i32\n  store i32 %99, ptr %15, align 4\n  %100 = load ptr, ptr %8, align 8\n  %101 = getelementptr inbounds %struct.st_h2o_qpack_decode_header_ctx_t, ptr %100, i32 0, i32 1\n  %102 = load ptr, ptr %10, align 8\n  %103 = load ptr, ptr %11, align 8\n  %104 = call i64 @decode_int(ptr noundef %101, ptr noundef %102, ptr noundef %103, i32 noundef 7)\n  %105 = icmp ne i64 %104, 0\n  br i1 %105, label %106, label %108\n",
        "optimized": "%67 = load ptr, ptr %10, align 8\n  %68 = load ptr, ptr %67, align 8\n  %69 = load i32, ptr %68, align 4\n  %70 = lshr i32 %69, 7\n  %.lobit = and i32 %70, 1\n  store i32 %.lobit, ptr %14, align 4\n  %71 = load ptr, ptr %8, align 8\n  %72 = getelementptr inbounds %struct.st_h2o_qpack_decode_header_ctx_t, ptr %71, i64 0, i32 1\n  %73 = load ptr, ptr %10, align 8\n  %74 = load ptr, ptr %11, align 8\n  %75 = call i64 @decode_int(ptr noundef nonnull %72, ptr noundef %73, ptr noundef %74, i32 noundef 7) #2\n  %.not2 = icmp eq i64 %75, 0\n  br i1 %.not2, label %78, label %76\n"
    },
    {
        "unoptimized": "%107 = load i32, ptr @H2O_HTTP3_ERROR_QPACK_DECOMPRESSION_FAILED, align 4\n  store i32 %107, ptr %6, align 4\n  br label %174\n",
        "optimized": "%77 = load i32, ptr @H2O_HTTP3_ERROR_QPACK_DECOMPRESSION_FAILED, align 4\n  store i32 %77, ptr %6, align 4\n  br label %127\n"
    },
    {
        "unoptimized": "%109 = load i32, ptr %15, align 4\n  %110 = icmp eq i32 %109, 0\n  br i1 %110, label %111, label %119\n",
        "optimized": "%79 = load i32, ptr %14, align 4\n  %80 = icmp eq i32 %79, 0\n  br i1 %80, label %81, label %87\n"
    },
    {
        "unoptimized": "%112 = load ptr, ptr %8, align 8\n  %113 = getelementptr inbounds %struct.st_h2o_qpack_decode_header_ctx_t, ptr %112, i32 0, i32 0\n  %114 = load i32, ptr %113, align 8\n  %115 = load ptr, ptr %8, align 8\n  %116 = getelementptr inbounds %struct.st_h2o_qpack_decode_header_ctx_t, ptr %115, i32 0, i32 1\n  %117 = load i32, ptr %116, align 4\n  %118 = add nsw i32 %114, %117\n  br label %128\n",
        "optimized": "%82 = load ptr, ptr %8, align 8\n  %83 = load i32, ptr %82, align 8\n  %84 = getelementptr inbounds %struct.st_h2o_qpack_decode_header_ctx_t, ptr %82, i64 0, i32 1\n  %85 = load i32, ptr %84, align 4\n  %86 = add nsw i32 %83, %85\n  br label %94\n"
    },
    {
        "unoptimized": "%120 = load ptr, ptr %8, align 8\n  %121 = getelementptr inbounds %struct.st_h2o_qpack_decode_header_ctx_t, ptr %120, i32 0, i32 0\n  %122 = load i32, ptr %121, align 8\n  %123 = load ptr, ptr %8, align 8\n  %124 = getelementptr inbounds %struct.st_h2o_qpack_decode_header_ctx_t, ptr %123, i32 0, i32 1\n  %125 = load i32, ptr %124, align 4\n  %126 = sub nsw i32 %122, %125\n  %127 = sub nsw i32 %126, 1\n  br label %128\n",
        "optimized": "%88 = load ptr, ptr %8, align 8\n  %89 = load i32, ptr %88, align 8\n  %90 = getelementptr inbounds %struct.st_h2o_qpack_decode_header_ctx_t, ptr %88, i64 0, i32 1\n  %91 = load i32, ptr %90, align 4\n  %92 = xor i32 %91, -1\n  %93 = add i32 %89, %92\n  br label %94\n"
    },
    {
        "unoptimized": "%129 = phi i32 [ %118, %111 ], [ %127, %119 ]\n  %130 = load ptr, ptr %8, align 8\n  %131 = getelementptr inbounds %struct.st_h2o_qpack_decode_header_ctx_t, ptr %130, i32 0, i32 1\n  store i32 %129, ptr %131, align 4\n  %132 = load ptr, ptr %8, align 8\n  %133 = getelementptr inbounds %struct.st_h2o_qpack_decode_header_ctx_t, ptr %132, i32 0, i32 0\n  %134 = load i32, ptr %133, align 8\n  %135 = sext i32 %134 to i64\n  %136 = load ptr, ptr %7, align 8\n  %137 = getelementptr inbounds %struct.TYPE_10__, ptr %136, i32 0, i32 4\n  %138 = getelementptr inbounds %struct.TYPE_7__, ptr %137, i32 0, i32 0\n  %139 = load i64, ptr %138, align 8\n  %140 = load ptr, ptr %7, align 8\n  %141 = getelementptr inbounds %struct.TYPE_10__, ptr %140, i32 0, i32 4\n  %142 = getelementptr inbounds %struct.TYPE_7__, ptr %141, i32 0, i32 1\n  %143 = load i64, ptr %142, align 8\n  %144 = add nsw i64 %139, %143\n  %145 = load ptr, ptr %7, align 8\n  %146 = getelementptr inbounds %struct.TYPE_10__, ptr %145, i32 0, i32 4\n  %147 = getelementptr inbounds %struct.TYPE_7__, ptr %146, i32 0, i32 2\n  %148 = load i64, ptr %147, align 8\n  %149 = sub nsw i64 %144, %148\n  %150 = icmp sge i64 %135, %149\n  br i1 %150, label %151, label %173\n",
        "optimized": "%95 = phi i32 [ %86, %81 ], [ %93, %87 ]\n  %96 = load ptr, ptr %8, align 8\n  %97 = getelementptr inbounds %struct.st_h2o_qpack_decode_header_ctx_t, ptr %96, i64 0, i32 1\n  store i32 %95, ptr %97, align 4\n  %98 = load i32, ptr %96, align 8\n  %99 = sext i32 %98 to i64\n  %100 = load ptr, ptr %7, align 8\n  %101 = getelementptr inbounds %struct.TYPE_10__, ptr %100, i64 0, i32 4\n  %102 = load i64, ptr %101, align 8\n  %103 = getelementptr inbounds %struct.TYPE_10__, ptr %100, i64 0, i32 4, i32 1\n  %104 = load i64, ptr %103, align 8\n  %105 = add nsw i64 %102, %104\n  %106 = getelementptr inbounds %struct.TYPE_10__, ptr %100, i64 0, i32 4, i32 2\n  %107 = load i64, ptr %106, align 8\n  %108 = sub nsw i64 %105, %107\n  %.not3 = icmp sgt i64 %108, %99\n  br i1 %.not3, label %126, label %109\n"
    },
    {
        "unoptimized": "%152 = load ptr, ptr %7, align 8\n  %153 = getelementptr inbounds %struct.TYPE_10__, ptr %152, i32 0, i32 3\n  %154 = getelementptr inbounds %struct.TYPE_9__, ptr %153, i32 0, i32 0\n  %155 = getelementptr inbounds %struct.TYPE_8__, ptr %154, i32 0, i32 0\n  %156 = load i64, ptr %155, align 8\n  %157 = add nsw i64 %156, 1\n  %158 = load ptr, ptr %7, align 8\n  %159 = getelementptr inbounds %struct.TYPE_10__, ptr %158, i32 0, i32 2\n  %160 = load i64, ptr %159, align 8\n  %161 = icmp sge i64 %157, %160\n  br i1 %161, label %162, label %164\n",
        "optimized": "%110 = load ptr, ptr %7, align 8\n  %111 = getelementptr inbounds %struct.TYPE_10__, ptr %110, i64 0, i32 3\n  %112 = load i64, ptr %111, align 8\n  %113 = add nsw i64 %112, 1\n  %114 = getelementptr inbounds %struct.TYPE_10__, ptr %110, i64 0, i32 2\n  %115 = load i64, ptr %114, align 8\n  %.not4 = icmp slt i64 %113, %115\n  br i1 %.not4, label %118, label %116\n"
    },
    {
        "unoptimized": "%163 = load i32, ptr @H2O_HTTP3_ERROR_QPACK_DECOMPRESSION_FAILED, align 4\n  store i32 %163, ptr %6, align 4\n  br label %174\n",
        "optimized": "%117 = load i32, ptr @H2O_HTTP3_ERROR_QPACK_DECOMPRESSION_FAILED, align 4\n  store i32 %117, ptr %6, align 4\n  br label %127\n"
    },
    {
        "unoptimized": "%165 = load ptr, ptr %7, align 8\n  %166 = load i32, ptr %9, align 4\n  %167 = load ptr, ptr %8, align 8\n  %168 = getelementptr inbounds %struct.st_h2o_qpack_decode_header_ctx_t, ptr %167, i32 0, i32 0\n  %169 = load i32, ptr %168, align 8\n  %170 = sext i32 %169 to i64\n  %171 = call i32 @decoder_link_blocked(ptr noundef %165, i32 noundef %166, i64 noundef %170)\n  %172 = load i32, ptr @H2O_HTTP3_ERROR_INCOMPLETE, align 4\n  store i32 %172, ptr %6, align 4\n  br label %174\n",
        "optimized": "%119 = load ptr, ptr %7, align 8\n  %120 = load i32, ptr %9, align 4\n  %121 = load ptr, ptr %8, align 8\n  %122 = load i32, ptr %121, align 8\n  %123 = sext i32 %122 to i64\n  %124 = call i32 @decoder_link_blocked(ptr noundef %119, i32 noundef %120, i64 noundef %123) #2\n  %125 = load i32, ptr @H2O_HTTP3_ERROR_INCOMPLETE, align 4\n  store i32 %125, ptr %6, align 4\n  br label %127\n"
    },
    {
        "unoptimized": "store i32 0, ptr %6, align 4\n  br label %174\n",
        "optimized": "store i32 0, ptr %6, align 4\n  br label %127\n"
    },
    {
        "unoptimized": "%175 = load i32, ptr %6, align 4\n  ret i32 %175\n}",
        "optimized": "%128 = load i32, ptr %6, align 4\n  ret i32 %128\n}"
    }
]