[
    {
        "unoptimized": "%2 = alloca ptr, align 8\n  %3 = alloca ptr, align 8\n  store ptr %0, ptr %3, align 8\n  %4 = load ptr, ptr %3, align 8\n  %5 = getelementptr inbounds %struct.ptr_ring, ptr %4, i32 0, i32 2\n  %6 = load i32, ptr %5, align 8\n  %7 = call i64 @likely(i32 noundef %6)\n  %8 = icmp ne i64 %7, 0\n  br i1 %8, label %9, label %19\n",
        "optimized": "%2 = alloca ptr, align 8\n  store ptr %0, ptr %2, align 8\n  %3 = getelementptr inbounds %struct.ptr_ring, ptr %0, i64 0, i32 2\n  %4 = load i32, ptr %3, align 8\n  %5 = call i64 @likely(i32 noundef %4) #2\n  %.not = icmp eq i64 %5, 0\n  br i1 %.not, label %14, label %6\n"
    },
    {
        "unoptimized": "%10 = load ptr, ptr %3, align 8\n  %11 = getelementptr inbounds %struct.ptr_ring, ptr %10, i32 0, i32 1\n  %12 = load ptr, ptr %11, align 8\n  %13 = load ptr, ptr %3, align 8\n  %14 = getelementptr inbounds %struct.ptr_ring, ptr %13, i32 0, i32 0\n  %15 = load i64, ptr %14, align 8\n  %16 = getelementptr inbounds i32, ptr %12, i64 %15\n  %17 = load i32, ptr %16, align 4\n  %18 = call ptr @READ_ONCE(i32 noundef %17)\n  store ptr %18, ptr %2, align 8\n  br label %20\n",
        "optimized": "%7 = load ptr, ptr %2, align 8\n  %8 = getelementptr inbounds %struct.ptr_ring, ptr %7, i64 0, i32 1\n  %9 = load ptr, ptr %8, align 8\n  %10 = load i64, ptr %7, align 8\n  %11 = getelementptr inbounds i32, ptr %9, i64 %10\n  %12 = load i32, ptr %11, align 4\n  %13 = call ptr @READ_ONCE(i32 noundef %12) #2\n  br label %15\n"
    },
    {
        "unoptimized": "store ptr null, ptr %2, align 8\n  br label %20\n",
        "optimized": "br label %15\n"
    },
    {
        "unoptimized": "%21 = load ptr, ptr %2, align 8\n  ret ptr %21\n}",
        "optimized": "%storemerge = phi ptr [ null, %14 ], [ %13, %6 ]\n  ret ptr %storemerge\n}"
    }
]