[
    {
        "unoptimized": "%5 = alloca i32, align 4\n  %6 = alloca ptr, align 8\n  %7 = alloca ptr, align 8\n  %8 = alloca ptr, align 8\n  %9 = alloca ptr, align 8\n  %10 = alloca i32, align 4\n  %11 = alloca ptr, align 8\n  %12 = alloca i32, align 4\n  store ptr %0, ptr %6, align 8\n  store ptr %1, ptr %7, align 8\n  store ptr %2, ptr %8, align 8\n  store ptr %3, ptr %9, align 8\n  %13 = call ptr @quic_get_address_token_encryptor(ptr noundef %10)\n  store ptr %13, ptr %11, align 8\n  %14 = load ptr, ptr %8, align 8\n  %15 = call i32 @ptls_buffer_reserve(ptr noundef %14, i32 noundef 1)\n  store i32 %15, ptr %12, align 4\n  %16 = icmp ne i32 %15, 0\n  br i1 %16, label %17, label %19\n",
        "optimized": "%5 = alloca ptr, align 8\n  %6 = alloca ptr, align 8\n  %7 = alloca i32, align 4\n  %8 = alloca ptr, align 8\n  %9 = alloca i32, align 4\n  store ptr %2, ptr %5, align 8\n  store ptr %3, ptr %6, align 8\n  %10 = call ptr @quic_get_address_token_encryptor(ptr noundef nonnull %7) #2\n  store ptr %10, ptr %8, align 8\n  %11 = call i32 @ptls_buffer_reserve(ptr noundef %2, i32 noundef 1) #2\n  store i32 %11, ptr %9, align 4\n  %.not = icmp eq i32 %11, 0\n  br i1 %.not, label %14, label %12\n"
    },
    {
        "unoptimized": "%18 = load i32, ptr %12, align 4\n  store i32 %18, ptr %5, align 4\n  br label %38\n",
        "optimized": "%13 = load i32, ptr %9, align 4\n  br label %29\n"
    },
    {
        "unoptimized": "%20 = load i32, ptr %10, align 4\n  %21 = load ptr, ptr %8, align 8\n  %22 = getelementptr inbounds %struct.TYPE_5__, ptr %21, i32 0, i32 1\n  %23 = load ptr, ptr %22, align 8\n  %24 = load ptr, ptr %8, align 8\n  %25 = getelementptr inbounds %struct.TYPE_5__, ptr %24, i32 0, i32 0\n  %26 = load i64, ptr %25, align 8\n  %27 = add nsw i64 %26, 1\n  store i64 %27, ptr %25, align 8\n  %28 = getelementptr inbounds i32, ptr %23, i64 %26\n  store i32 %20, ptr %28, align 4\n  %29 = load i32, ptr @ptls_openssl_random_bytes, align 4\n  %30 = load ptr, ptr %11, align 8\n  %31 = load ptr, ptr %8, align 8\n  %32 = load ptr, ptr %8, align 8\n  %33 = getelementptr inbounds %struct.TYPE_5__, ptr %32, i32 0, i32 0\n  %34 = load i64, ptr %33, align 8\n  %35 = sub nsw i64 %34, 1\n  %36 = load ptr, ptr %9, align 8\n  %37 = call i32 @quicly_encrypt_address_token(i32 noundef %29, ptr noundef %30, ptr noundef %31, i64 noundef %35, ptr noundef %36)\n  store i32 %37, ptr %5, align 4\n  br label %38\n",
        "optimized": "%15 = load i32, ptr %7, align 4\n  %16 = load ptr, ptr %5, align 8\n  %17 = getelementptr inbounds %struct.TYPE_5__, ptr %16, i64 0, i32 1\n  %18 = load ptr, ptr %17, align 8\n  %19 = load i64, ptr %16, align 8\n  %20 = add nsw i64 %19, 1\n  store i64 %20, ptr %16, align 8\n  %21 = getelementptr inbounds i32, ptr %18, i64 %19\n  store i32 %15, ptr %21, align 4\n  %22 = load i32, ptr @ptls_openssl_random_bytes, align 4\n  %23 = load ptr, ptr %8, align 8\n  %24 = load ptr, ptr %5, align 8\n  %25 = load i64, ptr %24, align 8\n  %26 = add nsw i64 %25, -1\n  %27 = load ptr, ptr %6, align 8\n  %28 = call i32 @quicly_encrypt_address_token(i32 noundef %22, ptr noundef %23, ptr noundef nonnull %24, i64 noundef %26, ptr noundef %27) #2\n  br label %29\n"
    },
    {
        "unoptimized": "%39 = load i32, ptr %5, align 4\n  ret i32 %39\n}",
        "optimized": "%storemerge = phi i32 [ %28, %14 ], [ %13, %12 ]\n  ret i32 %storemerge\n}"
    }
]