[
    {
        "unoptimized": "%2 = alloca i32, align 4\n  %3 = alloca ptr, align 8\n  store ptr %0, ptr %3, align 8\n  %4 = load ptr, ptr %3, align 8\n  %5 = getelementptr inbounds %struct.insn, ptr %4, i32 0, i32 0\n  %6 = getelementptr inbounds %struct.TYPE_2__, ptr %5, i32 0, i32 0\n  %7 = load i32, ptr %6, align 8\n  %8 = icmp eq i32 %7, 2\n  br i1 %8, label %9, label %11\n",
        "optimized": "%2 = alloca i32, align 4\n  %3 = alloca ptr, align 8\n  store ptr %0, ptr %3, align 8\n  %4 = load i32, ptr %0, align 8\n  %5 = icmp eq i32 %4, 2\n  br i1 %5, label %6, label %8\n"
    },
    {
        "unoptimized": "%10 = load i32, ptr @X86_VEX2_M, align 4\n  store i32 %10, ptr %2, align 4\n  br label %33\n",
        "optimized": "%7 = load i32, ptr @X86_VEX2_M, align 4\n  store i32 %7, ptr %2, align 4\n  br label %26\n"
    },
    {
        "unoptimized": "%12 = load ptr, ptr %3, align 8\n  %13 = getelementptr inbounds %struct.insn, ptr %12, i32 0, i32 0\n  %14 = getelementptr inbounds %struct.TYPE_2__, ptr %13, i32 0, i32 0\n  %15 = load i32, ptr %14, align 8\n  %16 = icmp eq i32 %15, 3\n  br i1 %16, label %17, label %25\n",
        "optimized": "%9 = load ptr, ptr %3, align 8\n  %10 = load i32, ptr %9, align 8\n  %11 = icmp eq i32 %10, 3\n  br i1 %11, label %12, label %19\n"
    },
    {
        "unoptimized": "%18 = load ptr, ptr %3, align 8\n  %19 = getelementptr inbounds %struct.insn, ptr %18, i32 0, i32 0\n  %20 = getelementptr inbounds %struct.TYPE_2__, ptr %19, i32 0, i32 1\n  %21 = load ptr, ptr %20, align 8\n  %22 = getelementptr inbounds i32, ptr %21, i64 1\n  %23 = load i32, ptr %22, align 4\n  %24 = call i32 @X86_VEX3_M(i32 noundef %23)\n  store i32 %24, ptr %2, align 4\n  br label %33\n",
        "optimized": "%13 = load ptr, ptr %3, align 8\n  %14 = getelementptr inbounds %struct.TYPE_2__, ptr %13, i64 0, i32 1\n  %15 = load ptr, ptr %14, align 8\n  %16 = getelementptr inbounds i32, ptr %15, i64 1\n  %17 = load i32, ptr %16, align 4\n  %18 = call i32 @X86_VEX3_M(i32 noundef %17) #2\n  store i32 %18, ptr %2, align 4\n  br label %26\n"
    },
    {
        "unoptimized": "%26 = load ptr, ptr %3, align 8\n  %27 = getelementptr inbounds %struct.insn, ptr %26, i32 0, i32 0\n  %28 = getelementptr inbounds %struct.TYPE_2__, ptr %27, i32 0, i32 1\n  %29 = load ptr, ptr %28, align 8\n  %30 = getelementptr inbounds i32, ptr %29, i64 1\n  %31 = load i32, ptr %30, align 4\n  %32 = call i32 @X86_EVEX_M(i32 noundef %31)\n  store i32 %32, ptr %2, align 4\n  br label %33\n",
        "optimized": "%20 = load ptr, ptr %3, align 8\n  %21 = getelementptr inbounds %struct.TYPE_2__, ptr %20, i64 0, i32 1\n  %22 = load ptr, ptr %21, align 8\n  %23 = getelementptr inbounds i32, ptr %22, i64 1\n  %24 = load i32, ptr %23, align 4\n  %25 = call i32 @X86_EVEX_M(i32 noundef %24) #2\n  store i32 %25, ptr %2, align 4\n  br label %26\n"
    },
    {
        "unoptimized": "%34 = load i32, ptr %2, align 4\n  ret i32 %34\n}",
        "optimized": "%27 = load i32, ptr %2, align 4\n  ret i32 %27\n}"
    }
]