[
    {
        "unoptimized": "%1 = load i32, ptr @VIDEO_TYPE_VLFB, align 4\n  store i32 %1, ptr getelementptr inbounds (%struct.TYPE_5__, ptr @boot_params, i32 0, i32 9), align 4\n  %2 = load i32, ptr getelementptr inbounds (%struct.TYPE_6__, ptr @vminfo, i32 0, i32 7), align 4\n  store i32 %2, ptr getelementptr inbounds (%struct.TYPE_5__, ptr @boot_params, i32 0, i32 8), align 4\n  %3 = load i32, ptr getelementptr inbounds (%struct.TYPE_6__, ptr @vminfo, i32 0, i32 6), align 4\n  store i32 %3, ptr getelementptr inbounds (%struct.TYPE_5__, ptr @boot_params, i32 0, i32 7), align 4\n  %4 = load i32, ptr getelementptr inbounds (%struct.TYPE_6__, ptr @vminfo, i32 0, i32 5), align 4\n  store i32 %4, ptr getelementptr inbounds (%struct.TYPE_5__, ptr @boot_params, i32 0, i32 6), align 4\n  %5 = load i32, ptr getelementptr inbounds (%struct.TYPE_6__, ptr @vminfo, i32 0, i32 4), align 4\n  store i32 %5, ptr getelementptr inbounds (%struct.TYPE_5__, ptr @boot_params, i32 0, i32 5), align 4\n  %6 = load i32, ptr @vminfo, align 4\n  store i32 %6, ptr @boot_params, align 4\n  %7 = load i32, ptr getelementptr inbounds (%struct.TYPE_6__, ptr @vminfo, i32 0, i32 3), align 4\n  store i32 %7, ptr getelementptr inbounds (%struct.TYPE_5__, ptr @boot_params, i32 0, i32 4), align 4\n  %8 = load i32, ptr getelementptr inbounds (%struct.TYPE_6__, ptr @vminfo, i32 0, i32 2), align 4\n  store i32 %8, ptr getelementptr inbounds (%struct.TYPE_5__, ptr @boot_params, i32 0, i32 3), align 4\n  %9 = call i32 @memcpy(ptr noundef getelementptr inbounds (%struct.TYPE_5__, ptr @boot_params, i32 0, i32 2), ptr noundef getelementptr inbounds (%struct.TYPE_6__, ptr @vminfo, i32 0, i32 1), i32 noundef 8)\n  %10 = load i32, ptr @vginfo, align 4\n  store i32 %10, ptr getelementptr inbounds (%struct.TYPE_5__, ptr @boot_params, i32 0, i32 1), align 4\n  %11 = load i32, ptr @vminfo, align 4\n  %12 = icmp sle i32 %11, 8\n  br i1 %12, label %13, label %15\n",
        "optimized": "%1 = load i32, ptr @VIDEO_TYPE_VLFB, align 4\n  store i32 %1, ptr getelementptr inbounds (%struct.TYPE_8__, ptr @boot_params, i64 0, i32 0, i32 9), align 4\n  %2 = load i32, ptr getelementptr inbounds (%struct.TYPE_6__, ptr @vminfo, i64 0, i32 7), align 4\n  store i32 %2, ptr getelementptr inbounds (%struct.TYPE_8__, ptr @boot_params, i64 0, i32 0, i32 8), align 4\n  %3 = load i32, ptr getelementptr inbounds (%struct.TYPE_6__, ptr @vminfo, i64 0, i32 6), align 4\n  store i32 %3, ptr getelementptr inbounds (%struct.TYPE_8__, ptr @boot_params, i64 0, i32 0, i32 7), align 4\n  %4 = load i32, ptr getelementptr inbounds (%struct.TYPE_6__, ptr @vminfo, i64 0, i32 5), align 4\n  store i32 %4, ptr getelementptr inbounds (%struct.TYPE_8__, ptr @boot_params, i64 0, i32 0, i32 6), align 4\n  %5 = load i32, ptr getelementptr inbounds (%struct.TYPE_6__, ptr @vminfo, i64 0, i32 4), align 4\n  store i32 %5, ptr getelementptr inbounds (%struct.TYPE_8__, ptr @boot_params, i64 0, i32 0, i32 5), align 4\n  %6 = load i32, ptr @vminfo, align 4\n  store i32 %6, ptr @boot_params, align 4\n  %7 = load i32, ptr getelementptr inbounds (%struct.TYPE_6__, ptr @vminfo, i64 0, i32 3), align 4\n  store i32 %7, ptr getelementptr inbounds (%struct.TYPE_8__, ptr @boot_params, i64 0, i32 0, i32 4), align 4\n  %8 = load i32, ptr getelementptr inbounds (%struct.TYPE_6__, ptr @vminfo, i64 0, i32 2), align 4\n  store i32 %8, ptr getelementptr inbounds (%struct.TYPE_8__, ptr @boot_params, i64 0, i32 0, i32 3), align 4\n  %9 = call i32 @memcpy(ptr noundef nonnull getelementptr inbounds (%struct.TYPE_8__, ptr @boot_params, i64 0, i32 0, i32 2), ptr noundef nonnull getelementptr inbounds (%struct.TYPE_6__, ptr @vminfo, i64 0, i32 1), i32 noundef 8) #2\n  %10 = load i32, ptr @vginfo, align 4\n  store i32 %10, ptr getelementptr inbounds (%struct.TYPE_8__, ptr @boot_params, i64 0, i32 0, i32 1), align 4\n  %11 = load i32, ptr @vminfo, align 4\n  %12 = icmp slt i32 %11, 9\n  br i1 %12, label %13, label %15\n"
    },
    {
        "unoptimized": "%14 = call i32 (...) @vesa_dac_set_8bits()\n  br label %15\n",
        "optimized": "%14 = call i32 (...) @vesa_dac_set_8bits() #2\n  br label %15\n"
    },
    {
        "unoptimized": "%16 = call i32 (...) @vesa_store_pm_info()\n  ret void\n}",
        "optimized": "%16 = call i32 (...) @vesa_store_pm_info() #2\n  ret void\n}"
    }
]