[
    {
        "unoptimized": "%2 = alloca i32, align 4\n  %3 = alloca i32, align 4\n  store i32 %0, ptr %2, align 4\n  store i32 0, ptr %3, align 4\n  %4 = load i32, ptr %2, align 4\n  %5 = load i32, ptr @PF_R, align 4\n  %6 = and i32 %4, %5\n  %7 = icmp ne i32 %6, 0\n  br i1 %7, label %8, label %12\n",
        "optimized": "%2 = alloca i32, align 4\n  %3 = alloca i32, align 4\n  store i32 %0, ptr %2, align 4\n  store i32 0, ptr %3, align 4\n  %4 = load i32, ptr @PF_R, align 4\n  %5 = and i32 %4, %0\n  %.not = icmp eq i32 %5, 0\n  br i1 %.not, label %10, label %6\n"
    },
    {
        "unoptimized": "%9 = load i32, ptr @PROT_READ, align 4\n  %10 = load i32, ptr %3, align 4\n  %11 = or i32 %10, %9\n  store i32 %11, ptr %3, align 4\n  br label %12\n",
        "optimized": "%7 = load i32, ptr @PROT_READ, align 4\n  %8 = load i32, ptr %3, align 4\n  %9 = or i32 %8, %7\n  store i32 %9, ptr %3, align 4\n  br label %10\n"
    },
    {
        "unoptimized": "%13 = load i32, ptr %2, align 4\n  %14 = load i32, ptr @PF_W, align 4\n  %15 = and i32 %13, %14\n  %16 = icmp ne i32 %15, 0\n  br i1 %16, label %17, label %21\n",
        "optimized": "%11 = load i32, ptr %2, align 4\n  %12 = load i32, ptr @PF_W, align 4\n  %13 = and i32 %11, %12\n  %.not1 = icmp eq i32 %13, 0\n  br i1 %.not1, label %18, label %14\n"
    },
    {
        "unoptimized": "%18 = load i32, ptr @PROT_WRITE, align 4\n  %19 = load i32, ptr %3, align 4\n  %20 = or i32 %19, %18\n  store i32 %20, ptr %3, align 4\n  br label %21\n",
        "optimized": "%15 = load i32, ptr @PROT_WRITE, align 4\n  %16 = load i32, ptr %3, align 4\n  %17 = or i32 %16, %15\n  store i32 %17, ptr %3, align 4\n  br label %18\n"
    },
    {
        "unoptimized": "%22 = load i32, ptr %2, align 4\n  %23 = load i32, ptr @PF_X, align 4\n  %24 = and i32 %22, %23\n  %25 = icmp ne i32 %24, 0\n  br i1 %25, label %26, label %30\n",
        "optimized": "%19 = load i32, ptr %2, align 4\n  %20 = load i32, ptr @PF_X, align 4\n  %21 = and i32 %19, %20\n  %.not2 = icmp eq i32 %21, 0\n  br i1 %.not2, label %26, label %22\n"
    },
    {
        "unoptimized": "%27 = load i32, ptr @PROT_EXEC, align 4\n  %28 = load i32, ptr %3, align 4\n  %29 = or i32 %28, %27\n  store i32 %29, ptr %3, align 4\n  br label %30\n",
        "optimized": "%23 = load i32, ptr @PROT_EXEC, align 4\n  %24 = load i32, ptr %3, align 4\n  %25 = or i32 %24, %23\n  store i32 %25, ptr %3, align 4\n  br label %26\n"
    },
    {
        "unoptimized": "%31 = load i32, ptr %3, align 4\n  ret i32 %31\n}",
        "optimized": "%27 = load i32, ptr %3, align 4\n  ret i32 %27\n}"
    }
]