[
    {
        "unoptimized": "%2 = alloca ptr, align 8\n  %3 = alloca ptr, align 8\n  %4 = alloca i32, align 4\n  store ptr %0, ptr %2, align 8\n  %5 = load ptr, ptr %2, align 8\n  %6 = getelementptr inbounds %struct.st_h2o_evloop_socket_t, ptr %5, i32 0, i32 2\n  %7 = load i64, ptr %6, align 8\n  %8 = inttoptr i64 %7 to ptr\n  store ptr %8, ptr %3, align 8\n  %9 = load ptr, ptr %2, align 8\n  %10 = getelementptr inbounds %struct.st_h2o_evloop_socket_t, ptr %9, i32 0, i32 0\n  %11 = load i32, ptr %10, align 8\n  %12 = load i32, ptr @H2O_SOCKET_FLAG__EPOLL_IS_REGISTERED, align 4\n  %13 = and i32 %11, %12\n  %14 = icmp eq i32 %13, 0\n  br i1 %14, label %15, label %16\n",
        "optimized": "%2 = alloca ptr, align 8\n  %3 = alloca ptr, align 8\n  %4 = alloca i32, align 4\n  store ptr %0, ptr %2, align 8\n  %5 = getelementptr inbounds %struct.st_h2o_evloop_socket_t, ptr %0, i64 0, i32 2\n  %6 = load i64, ptr %5, align 8\n  %7 = inttoptr i64 %6 to ptr\n  store ptr %7, ptr %3, align 8\n  %8 = load i32, ptr %0, align 8\n  %9 = load i32, ptr @H2O_SOCKET_FLAG__EPOLL_IS_REGISTERED, align 4\n  %10 = and i32 %8, %9\n  %11 = icmp eq i32 %10, 0\n  br i1 %11, label %12, label %13\n"
    },
    {
        "unoptimized": "br label %43\n",
        "optimized": "br label %37\n"
    },
    {
        "unoptimized": "br label %17\n",
        "optimized": "br label %14\n"
    },
    {
        "unoptimized": "%18 = load ptr, ptr %3, align 8\n  %19 = getelementptr inbounds %struct.st_h2o_evloop_epoll_t, ptr %18, i32 0, i32 0\n  %20 = load i32, ptr %19, align 4\n  %21 = load i32, ptr @EPOLL_CTL_DEL, align 4\n  %22 = load ptr, ptr %2, align 8\n  %23 = getelementptr inbounds %struct.st_h2o_evloop_socket_t, ptr %22, i32 0, i32 1\n  %24 = load i32, ptr %23, align 4\n  %25 = call i32 @epoll_ctl(i32 noundef %20, i32 noundef %21, i32 noundef %24, ptr noundef null)\n  store i32 %25, ptr %4, align 4\n  %26 = icmp ne i32 %25, 0\n  br i1 %26, label %27, label %31\n",
        "optimized": "%15 = load ptr, ptr %3, align 8\n  %16 = load i32, ptr %15, align 4\n  %17 = load i32, ptr @EPOLL_CTL_DEL, align 4\n  %18 = load ptr, ptr %2, align 8\n  %19 = getelementptr inbounds %struct.st_h2o_evloop_socket_t, ptr %18, i64 0, i32 1\n  %20 = load i32, ptr %19, align 4\n  %21 = call i32 @epoll_ctl(i32 noundef %16, i32 noundef %17, i32 noundef %20, ptr noundef null) #2\n  store i32 %21, ptr %4, align 4\n  %.not = icmp eq i32 %21, 0\n  br i1 %.not, label %26, label %22\n"
    },
    {
        "unoptimized": "%28 = load i64, ptr @errno, align 8\n  %29 = load i64, ptr @EINTR, align 8\n  %30 = icmp eq i64 %28, %29\n  br label %31\n",
        "optimized": "%23 = load i64, ptr @errno, align 8\n  %24 = load i64, ptr @EINTR, align 8\n  %25 = icmp eq i64 %23, %24\n  br label %26\n"
    },
    {
        "unoptimized": "%32 = phi i1 [ false, %17 ], [ %30, %27 ]\n  br i1 %32, label %33, label %34\n",
        "optimized": "%27 = phi i1 [ false, %14 ], [ %25, %22 ]\n  br i1 %27, label %28, label %29\n"
    },
    {
        "unoptimized": "br label %17, !llvm.loop !6\n",
        "optimized": "br label %14, !llvm.loop !6\n"
    },
    {
        "unoptimized": "%35 = load i32, ptr %4, align 4\n  %36 = icmp ne i32 %35, 0\n  br i1 %36, label %37, label %43\n",
        "optimized": "%30 = load i32, ptr %4, align 4\n  %.not1 = icmp eq i32 %30, 0\n  br i1 %.not1, label %37, label %31\n"
    },
    {
        "unoptimized": "%38 = load i64, ptr @errno, align 8\n  %39 = load ptr, ptr %2, align 8\n  %40 = getelementptr inbounds %struct.st_h2o_evloop_socket_t, ptr %39, i32 0, i32 1\n  %41 = load i32, ptr %40, align 4\n  %42 = call i32 @h2o_error_printf(ptr noundef @.str, i64 noundef %38, i32 noundef %41)\n  br label %43\n",
        "optimized": "%32 = load i64, ptr @errno, align 8\n  %33 = load ptr, ptr %2, align 8\n  %34 = getelementptr inbounds %struct.st_h2o_evloop_socket_t, ptr %33, i64 0, i32 1\n  %35 = load i32, ptr %34, align 4\n  %36 = call i32 @h2o_error_printf(ptr noundef nonnull @.str, i64 noundef %32, i32 noundef %35) #2\n  br label %37\n"
    },
    {
        "unoptimized": "ret void\n}",
        "optimized": "ret void\n}"
    }
]