[
    {
        "unoptimized": "%4 = alloca i32, align 4\n  %5 = alloca ptr, align 8\n  %6 = alloca i64, align 8\n  %7 = alloca ptr, align 8\n  %8 = alloca i64, align 8\n  store ptr %0, ptr %5, align 8\n  store i64 %1, ptr %6, align 8\n  store ptr %2, ptr %7, align 8\n  %9 = load i64, ptr %6, align 8\n  %10 = icmp eq i64 %9, 0\n  br i1 %10, label %11, label %12\n",
        "optimized": "%4 = alloca ptr, align 8\n  %5 = alloca i64, align 8\n  %6 = alloca ptr, align 8\n  %7 = alloca i64, align 8\n  store ptr %0, ptr %4, align 8\n  store i64 %1, ptr %5, align 8\n  store ptr %2, ptr %6, align 8\n  %8 = icmp eq i64 %1, 0\n  br i1 %8, label %9, label %10\n"
    },
    {
        "unoptimized": "br label %39\n",
        "optimized": "br label %28\n"
    },
    {
        "unoptimized": "%13 = load ptr, ptr %5, align 8\n  %14 = getelementptr inbounds %struct.TYPE_5__, ptr %13, i32 0, i32 0\n  %15 = load i64, ptr %14, align 8\n  %16 = load i64, ptr %6, align 8\n  %17 = add nsw i64 %15, %16\n  store i64 %17, ptr %8, align 8\n  %18 = load i64, ptr %8, align 8\n  %19 = load ptr, ptr %5, align 8\n  %20 = getelementptr inbounds %struct.TYPE_5__, ptr %19, i32 0, i32 1\n  %21 = getelementptr inbounds %struct.TYPE_4__, ptr %20, i32 0, i32 0\n  %22 = load i64, ptr %21, align 8\n  %23 = load ptr, ptr %5, align 8\n  %24 = getelementptr inbounds %struct.TYPE_5__, ptr %23, i32 0, i32 1\n  %25 = getelementptr inbounds %struct.TYPE_4__, ptr %24, i32 0, i32 1\n  %26 = load i64, ptr %25, align 8\n  %27 = add nsw i64 %22, %26\n  %28 = load ptr, ptr %5, align 8\n  %29 = getelementptr inbounds %struct.TYPE_5__, ptr %28, i32 0, i32 1\n  %30 = getelementptr inbounds %struct.TYPE_4__, ptr %29, i32 0, i32 2\n  %31 = load i64, ptr %30, align 8\n  %32 = sub nsw i64 %27, %31\n  %33 = icmp sge i64 %18, %32\n  br i1 %33, label %34, label %35\n",
        "optimized": "%11 = load ptr, ptr %4, align 8\n  %12 = load i64, ptr %11, align 8\n  %13 = load i64, ptr %5, align 8\n  %14 = add nsw i64 %12, %13\n  store i64 %14, ptr %7, align 8\n  %15 = getelementptr inbounds %struct.TYPE_5__, ptr %11, i64 0, i32 1\n  %16 = load i64, ptr %15, align 8\n  %17 = load ptr, ptr %4, align 8\n  %18 = getelementptr inbounds %struct.TYPE_5__, ptr %17, i64 0, i32 1, i32 1\n  %19 = load i64, ptr %18, align 8\n  %20 = add nsw i64 %16, %19\n  %21 = getelementptr inbounds %struct.TYPE_5__, ptr %17, i64 0, i32 1, i32 2\n  %22 = load i64, ptr %21, align 8\n  %23 = sub nsw i64 %20, %22\n  %.not = icmp slt i64 %14, %23\n  br i1 %.not, label %25, label %24\n"
    },
    {
        "unoptimized": "br label %39\n",
        "optimized": "br label %28\n"
    },
    {
        "unoptimized": "%36 = load i64, ptr %8, align 8\n  %37 = load ptr, ptr %5, align 8\n  %38 = getelementptr inbounds %struct.TYPE_5__, ptr %37, i32 0, i32 0\n  store i64 %36, ptr %38, align 8\n  store i32 0, ptr %4, align 4\n  br label %42\n",
        "optimized": "%26 = load i64, ptr %7, align 8\n  %27 = load ptr, ptr %4, align 8\n  store i64 %26, ptr %27, align 8\n  br label %31\n"
    },
    {
        "unoptimized": "%40 = load ptr, ptr %7, align 8\n  store ptr @.str, ptr %40, align 8\n  %41 = load i32, ptr @H2O_HTTP3_ERROR_QPACK_DECOMPRESSION_FAILED, align 4\n  store i32 %41, ptr %4, align 4\n  br label %42\n",
        "optimized": "%29 = load ptr, ptr %6, align 8\n  store ptr @.str, ptr %29, align 8\n  %30 = load i32, ptr @H2O_HTTP3_ERROR_QPACK_DECOMPRESSION_FAILED, align 4\n  br label %31\n"
    },
    {
        "unoptimized": "%43 = load i32, ptr %4, align 4\n  ret i32 %43\n}",
        "optimized": "%storemerge = phi i32 [ 0, %25 ], [ %30, %28 ]\n  ret i32 %storemerge\n}"
    }
]