[
    {
        "unoptimized": "%8 = alloca i32, align 4\n  %9 = alloca ptr, align 8\n  %10 = alloca ptr, align 8\n  %11 = alloca ptr, align 8\n  %12 = alloca i64, align 8\n  %13 = alloca i32, align 4\n  %14 = alloca ptr, align 8\n  %15 = alloca ptr, align 8\n  %16 = alloca %struct.TYPE_14__, align 8\n  store ptr %0, ptr %9, align 8\n  store ptr %1, ptr %10, align 8\n  store ptr %2, ptr %11, align 8\n  store i64 %3, ptr %12, align 8\n  store i32 %4, ptr %13, align 4\n  store ptr %5, ptr %14, align 8\n  store ptr %6, ptr %15, align 8\n  %17 = load i64, ptr %12, align 8\n  %18 = icmp ne i64 %17, 0\n  br i1 %18, label %19, label %86\n",
        "optimized": "%8 = alloca ptr, align 8\n  %9 = alloca ptr, align 8\n  %10 = alloca ptr, align 8\n  %11 = alloca i64, align 8\n  %12 = alloca i32, align 4\n  %13 = alloca ptr, align 8\n  %14 = alloca ptr, align 8\n  %15 = alloca %struct.TYPE_14__, align 8\n  store ptr %0, ptr %8, align 8\n  store ptr %1, ptr %9, align 8\n  store ptr %2, ptr %10, align 8\n  store i64 %3, ptr %11, align 8\n  store i32 %4, ptr %12, align 4\n  store ptr %5, ptr %13, align 8\n  store ptr %6, ptr %14, align 8\n  %.not = icmp eq i64 %3, 0\n  br i1 %.not, label %71, label %16\n"
    },
    {
        "unoptimized": "%20 = load ptr, ptr %11, align 8\n  %21 = getelementptr inbounds %struct.TYPE_14__, ptr %20, i32 0, i32 1\n  %22 = load ptr, ptr %21, align 8\n  %23 = getelementptr inbounds %struct.TYPE_13__, ptr %22, i32 0, i32 0\n  %24 = load ptr, ptr %23, align 8\n  %25 = icmp ne ptr %24, @h2o_sendvec_flatten_raw\n  br i1 %25, label %26, label %86\n",
        "optimized": "%17 = load ptr, ptr %10, align 8\n  %18 = getelementptr inbounds %struct.TYPE_14__, ptr %17, i64 0, i32 1\n  %19 = load ptr, ptr %18, align 8\n  %20 = load ptr, ptr %19, align 8\n  %.not1 = icmp eq ptr %20, @h2o_sendvec_flatten_raw\n  br i1 %.not1, label %71, label %21\n"
    },
    {
        "unoptimized": "%27 = load i64, ptr %12, align 8\n  %28 = icmp eq i64 %27, 1\n  %29 = zext i1 %28 to i32\n  %30 = call i32 @assert(i32 noundef %29)\n  %31 = load ptr, ptr %11, align 8\n  %32 = getelementptr inbounds %struct.TYPE_14__, ptr %31, i32 0, i32 0\n  %33 = load i32, ptr %32, align 8\n  %34 = load i32, ptr @H2O_PULL_SENDVEC_MAX_SIZE, align 4\n  %35 = icmp sle i32 %33, %34\n  %36 = zext i1 %35 to i32\n  %37 = call i32 @assert(i32 noundef %36)\n  %38 = load ptr, ptr %9, align 8\n  %39 = getelementptr inbounds %struct.TYPE_15__, ptr %38, i32 0, i32 1\n  %40 = load ptr, ptr %39, align 8\n  %41 = icmp eq ptr %40, null\n  br i1 %41, label %42, label %57\n",
        "optimized": "%22 = load i64, ptr %11, align 8\n  %23 = icmp eq i64 %22, 1\n  %24 = zext i1 %23 to i32\n  %25 = call i32 @assert(i32 noundef %24) #2\n  %26 = load ptr, ptr %10, align 8\n  %27 = load i32, ptr %26, align 8\n  %28 = load i32, ptr @H2O_PULL_SENDVEC_MAX_SIZE, align 4\n  %29 = icmp sle i32 %27, %28\n  %30 = zext i1 %29 to i32\n  %31 = call i32 @assert(i32 noundef %30) #2\n  %32 = load ptr, ptr %8, align 8\n  %33 = getelementptr inbounds %struct.TYPE_15__, ptr %32, i64 0, i32 1\n  %34 = load ptr, ptr %33, align 8\n  %35 = icmp eq ptr %34, null\n  br i1 %35, label %36, label %47\n"
    },
    {
        "unoptimized": "%43 = load i32, ptr %13, align 4\n  %44 = call i64 @h2o_send_state_is_in_progress(i32 noundef %43)\n  %45 = icmp ne i64 %44, 0\n  br i1 %45, label %46, label %48\n",
        "optimized": "%37 = load i32, ptr %12, align 4\n  %38 = call i64 @h2o_send_state_is_in_progress(i32 noundef %37) #2\n  %.not3 = icmp eq i64 %38, 0\n  br i1 %.not3, label %40, label %39\n"
    },
    {
        "unoptimized": "%47 = load i32, ptr @H2O_PULL_SENDVEC_MAX_SIZE, align 4\n  br label %52\n",
        "optimized": "br label %42\n"
    },
    {
        "unoptimized": "%49 = load ptr, ptr %11, align 8\n  %50 = getelementptr inbounds %struct.TYPE_14__, ptr %49, i32 0, i32 0\n  %51 = load i32, ptr %50, align 8\n  br label %52\n",
        "optimized": "%41 = load ptr, ptr %10, align 8\n  br label %42\n"
    },
    {
        "unoptimized": "%53 = phi i32 [ %47, %46 ], [ %51, %48 ]\n  %54 = call ptr @h2o_mem_alloc(i32 noundef %53)\n  %55 = load ptr, ptr %9, align 8\n  %56 = getelementptr inbounds %struct.TYPE_15__, ptr %55, i32 0, i32 1\n  store ptr %54, ptr %56, align 8\n  br label %57\n",
        "optimized": "%.in = phi ptr [ @H2O_PULL_SENDVEC_MAX_SIZE, %39 ], [ %41, %40 ]\n  %43 = load i32, ptr %.in, align 4\n  %44 = call ptr @h2o_mem_alloc(i32 noundef %43) #2\n  %45 = load ptr, ptr %8, align 8\n  %46 = getelementptr inbounds %struct.TYPE_15__, ptr %45, i64 0, i32 1\n  store ptr %44, ptr %46, align 8\n  br label %47\n"
    },
    {
        "unoptimized": "%58 = load ptr, ptr %11, align 8\n  %59 = getelementptr inbounds %struct.TYPE_14__, ptr %58, i32 0, i32 1\n  %60 = load ptr, ptr %59, align 8\n  %61 = getelementptr inbounds %struct.TYPE_13__, ptr %60, i32 0, i32 0\n  %62 = load ptr, ptr %61, align 8\n  %63 = load ptr, ptr %11, align 8\n  %64 = load ptr, ptr %10, align 8\n  %65 = load ptr, ptr %9, align 8\n  %66 = getelementptr inbounds %struct.TYPE_15__, ptr %65, i32 0, i32 1\n  %67 = load ptr, ptr %66, align 8\n  %68 = load ptr, ptr %11, align 8\n  %69 = getelementptr inbounds %struct.TYPE_14__, ptr %68, i32 0, i32 0\n  %70 = load i32, ptr %69, align 8\n  %71 = call i32 @h2o_iovec_init(ptr noundef %67, i32 noundef %70)\n  %72 = call i32 %62(ptr noundef %63, ptr noundef %64, i32 noundef %71, i32 noundef 0)\n  %73 = icmp ne i32 %72, 0\n  br i1 %73, label %78, label %74\n",
        "optimized": "%48 = load ptr, ptr %10, align 8\n  %49 = getelementptr inbounds %struct.TYPE_14__, ptr %48, i64 0, i32 1\n  %50 = load ptr, ptr %49, align 8\n  %51 = load ptr, ptr %50, align 8\n  %52 = load ptr, ptr %9, align 8\n  %53 = load ptr, ptr %8, align 8\n  %54 = getelementptr inbounds %struct.TYPE_15__, ptr %53, i64 0, i32 1\n  %55 = load ptr, ptr %54, align 8\n  %56 = load ptr, ptr %10, align 8\n  %57 = load i32, ptr %56, align 8\n  %58 = call i32 @h2o_iovec_init(ptr noundef %55, i32 noundef %57) #2\n  %59 = call i32 %51(ptr noundef %48, ptr noundef %52, i32 noundef %58, i32 noundef 0) #2\n  %.not2 = icmp eq i32 %59, 0\n  br i1 %.not2, label %60, label %64\n"
    },
    {
        "unoptimized": "%75 = load ptr, ptr %14, align 8\n  store ptr null, ptr %75, align 8\n  %76 = load ptr, ptr %15, align 8\n  store i64 0, ptr %76, align 8\n  %77 = load i32, ptr @H2O_SEND_STATE_ERROR, align 4\n  store i32 %77, ptr %8, align 4\n  br label %97\n",
        "optimized": "%61 = load ptr, ptr %13, align 8\n  store ptr null, ptr %61, align 8\n  %62 = load ptr, ptr %14, align 8\n  store i64 0, ptr %62, align 8\n  %63 = load i32, ptr @H2O_SEND_STATE_ERROR, align 4\n  br label %80\n"
    },
    {
        "unoptimized": "%79 = load ptr, ptr %9, align 8\n  %80 = getelementptr inbounds %struct.TYPE_15__, ptr %79, i32 0, i32 1\n  %81 = load ptr, ptr %80, align 8\n  %82 = load ptr, ptr %11, align 8\n  %83 = getelementptr inbounds %struct.TYPE_14__, ptr %82, i32 0, i32 0\n  %84 = load i32, ptr %83, align 8\n  %85 = call i32 @h2o_sendvec_init_raw(ptr noundef %16, ptr noundef %81, i32 noundef %84)\n  store ptr %16, ptr %11, align 8\n  br label %86\n",
        "optimized": "%65 = load ptr, ptr %8, align 8\n  %66 = getelementptr inbounds %struct.TYPE_15__, ptr %65, i64 0, i32 1\n  %67 = load ptr, ptr %66, align 8\n  %68 = load ptr, ptr %10, align 8\n  %69 = load i32, ptr %68, align 8\n  %70 = call i32 @h2o_sendvec_init_raw(ptr noundef nonnull %15, ptr noundef %67, i32 noundef %69) #2\n  store ptr %15, ptr %10, align 8\n  br label %71\n"
    },
    {
        "unoptimized": "%87 = load ptr, ptr %9, align 8\n  %88 = getelementptr inbounds %struct.TYPE_15__, ptr %87, i32 0, i32 0\n  %89 = load ptr, ptr %88, align 8\n  %90 = load ptr, ptr %9, align 8\n  %91 = load ptr, ptr %11, align 8\n  %92 = load i64, ptr %12, align 8\n  %93 = load i32, ptr %13, align 4\n  %94 = load ptr, ptr %14, align 8\n  %95 = load ptr, ptr %15, align 8\n  %96 = call i32 %89(ptr noundef %90, ptr noundef %91, i64 noundef %92, i32 noundef %93, ptr noundef %94, ptr noundef %95)\n  store i32 %96, ptr %8, align 4\n  br label %97\n",
        "optimized": "%72 = load ptr, ptr %8, align 8\n  %73 = load ptr, ptr %72, align 8\n  %74 = load ptr, ptr %10, align 8\n  %75 = load i64, ptr %11, align 8\n  %76 = load i32, ptr %12, align 4\n  %77 = load ptr, ptr %13, align 8\n  %78 = load ptr, ptr %14, align 8\n  %79 = call i32 %73(ptr noundef nonnull %72, ptr noundef %74, i64 noundef %75, i32 noundef %76, ptr noundef %77, ptr noundef %78) #2\n  br label %80\n"
    },
    {
        "unoptimized": "%98 = load i32, ptr %8, align 4\n  ret i32 %98\n}",
        "optimized": "%storemerge = phi i32 [ %79, %71 ], [ %63, %60 ]\n  ret i32 %storemerge\n}"
    }
]