[
    {
        "unoptimized": "%5 = alloca ptr, align 8\n  %6 = alloca ptr, align 8\n  %7 = alloca ptr, align 8\n  %8 = alloca ptr, align 8\n  %9 = alloca ptr, align 8\n  %10 = alloca %struct.TYPE_10__, align 4\n  store ptr %0, ptr %5, align 8\n  store ptr %1, ptr %6, align 8\n  store ptr %2, ptr %7, align 8\n  store ptr %3, ptr %8, align 8\n  %11 = load ptr, ptr %7, align 8\n  store ptr %11, ptr %9, align 8\n  %12 = load ptr, ptr %9, align 8\n  %13 = getelementptr inbounds %struct.st_fcgi_generator_t, ptr %12, i32 0, i32 3\n  store ptr null, ptr %13, align 8\n  %14 = load ptr, ptr %5, align 8\n  %15 = icmp eq ptr %14, null\n  br i1 %15, label %16, label %25\n",
        "optimized": "%5 = alloca ptr, align 8\n  %6 = alloca ptr, align 8\n  %7 = alloca ptr, align 8\n  %8 = alloca %struct.TYPE_10__, align 4\n  store ptr %0, ptr %5, align 8\n  store ptr %1, ptr %6, align 8\n  store ptr %2, ptr %7, align 8\n  %9 = getelementptr inbounds %struct.st_fcgi_generator_t, ptr %2, i64 0, i32 3\n  store ptr null, ptr %9, align 8\n  %10 = icmp eq ptr %0, null\n  br i1 %10, label %11, label %19\n"
    },
    {
        "unoptimized": "%17 = load ptr, ptr %9, align 8\n  %18 = getelementptr inbounds %struct.st_fcgi_generator_t, ptr %17, i32 0, i32 2\n  %19 = load i32, ptr %18, align 8\n  %20 = load i32, ptr @MODULE_NAME, align 4\n  %21 = load ptr, ptr %6, align 8\n  %22 = call i32 @h2o_req_log_error(i32 noundef %19, i32 noundef %20, ptr noundef @.str, ptr noundef %21)\n  %23 = load ptr, ptr %9, align 8\n  %24 = call i32 @errorclose(ptr noundef %23)\n  br label %61\n",
        "optimized": "%12 = load ptr, ptr %7, align 8\n  %13 = getelementptr inbounds %struct.st_fcgi_generator_t, ptr %12, i64 0, i32 2\n  %14 = load i32, ptr %13, align 8\n  %15 = load i32, ptr @MODULE_NAME, align 4\n  %16 = load ptr, ptr %6, align 8\n  %17 = call i32 @h2o_req_log_error(i32 noundef %14, i32 noundef %15, ptr noundef nonnull @.str, ptr noundef %16) #2\n  %18 = call i32 @errorclose(ptr noundef %12) #2\n  br label %43\n"
    },
    {
        "unoptimized": "%26 = load ptr, ptr %5, align 8\n  %27 = load ptr, ptr %9, align 8\n  %28 = getelementptr inbounds %struct.st_fcgi_generator_t, ptr %27, i32 0, i32 1\n  store ptr %26, ptr %28, align 8\n  %29 = load ptr, ptr %9, align 8\n  %30 = load ptr, ptr %5, align 8\n  %31 = getelementptr inbounds %struct.TYPE_11__, ptr %30, i32 0, i32 0\n  store ptr %29, ptr %31, align 8\n  %32 = load ptr, ptr %9, align 8\n  %33 = getelementptr inbounds %struct.st_fcgi_generator_t, ptr %32, i32 0, i32 2\n  %34 = load i32, ptr %33, align 8\n  %35 = load ptr, ptr %9, align 8\n  %36 = getelementptr inbounds %struct.st_fcgi_generator_t, ptr %35, i32 0, i32 0\n  %37 = load ptr, ptr %36, align 8\n  %38 = getelementptr inbounds %struct.TYPE_9__, ptr %37, i32 0, i32 0\n  %39 = call i32 @build_request(i32 noundef %34, ptr noundef %10, i32 noundef 1, i32 noundef 65535, ptr noundef %38)\n  %40 = load ptr, ptr %9, align 8\n  %41 = getelementptr inbounds %struct.st_fcgi_generator_t, ptr %40, i32 0, i32 1\n  %42 = load ptr, ptr %41, align 8\n  %43 = getelementptr inbounds %struct.TYPE_10__, ptr %10, i32 0, i32 1\n  %44 = load i32, ptr %43, align 4\n  %45 = getelementptr inbounds %struct.TYPE_10__, ptr %10, i32 0, i32 0\n  %46 = load i32, ptr %45, align 4\n  %47 = load i32, ptr @on_send_complete, align 4\n  %48 = call i32 @h2o_socket_write(ptr noundef %42, i32 noundef %44, i32 noundef %46, i32 noundef %47)\n  %49 = load ptr, ptr %9, align 8\n  %50 = load ptr, ptr %9, align 8\n  %51 = getelementptr inbounds %struct.st_fcgi_generator_t, ptr %50, i32 0, i32 0\n  %52 = load ptr, ptr %51, align 8\n  %53 = getelementptr inbounds %struct.TYPE_9__, ptr %52, i32 0, i32 0\n  %54 = getelementptr inbounds %struct.TYPE_12__, ptr %53, i32 0, i32 0\n  %55 = load i32, ptr %54, align 4\n  %56 = load i32, ptr @on_rw_timeout, align 4\n  %57 = call i32 @set_timeout(ptr noundef %49, i32 noundef %55, i32 noundef %56)\n  %58 = load ptr, ptr %5, align 8\n  %59 = load i32, ptr @on_read, align 4\n  %60 = call i32 @h2o_socket_read_start(ptr noundef %58, i32 noundef %59)\n  br label %61\n",
        "optimized": "%20 = load ptr, ptr %5, align 8\n  %21 = load ptr, ptr %7, align 8\n  %22 = getelementptr inbounds %struct.st_fcgi_generator_t, ptr %21, i64 0, i32 1\n  store ptr %20, ptr %22, align 8\n  store ptr %21, ptr %20, align 8\n  %23 = getelementptr inbounds %struct.st_fcgi_generator_t, ptr %21, i64 0, i32 2\n  %24 = load i32, ptr %23, align 8\n  %25 = load ptr, ptr %21, align 8\n  %26 = call i32 @build_request(i32 noundef %24, ptr noundef nonnull %8, i32 noundef 1, i32 noundef 65535, ptr noundef %25) #2\n  %27 = load ptr, ptr %7, align 8\n  %28 = getelementptr inbounds %struct.st_fcgi_generator_t, ptr %27, i64 0, i32 1\n  %29 = load ptr, ptr %28, align 8\n  %30 = getelementptr inbounds %struct.TYPE_10__, ptr %8, i64 0, i32 1\n  %31 = load i32, ptr %30, align 4\n  %32 = load i32, ptr %8, align 4\n  %33 = load i32, ptr @on_send_complete, align 4\n  %34 = call i32 @h2o_socket_write(ptr noundef %29, i32 noundef %31, i32 noundef %32, i32 noundef %33) #2\n  %35 = load ptr, ptr %7, align 8\n  %36 = load ptr, ptr %35, align 8\n  %37 = load i32, ptr %36, align 4\n  %38 = load i32, ptr @on_rw_timeout, align 4\n  %39 = call i32 @set_timeout(ptr noundef nonnull %35, i32 noundef %37, i32 noundef %38) #2\n  %40 = load ptr, ptr %5, align 8\n  %41 = load i32, ptr @on_read, align 4\n  %42 = call i32 @h2o_socket_read_start(ptr noundef %40, i32 noundef %41) #2\n  br label %43\n"
    },
    {
        "unoptimized": "ret void\n}",
        "optimized": "ret void\n}"
    }
]