[
    {
        "unoptimized": "%3 = alloca i32, align 4\n  %4 = alloca ptr, align 8\n  %5 = alloca ptr, align 8\n  store ptr %0, ptr %4, align 8\n  store ptr %1, ptr %5, align 8\n  %6 = load ptr, ptr %4, align 8\n  %7 = getelementptr inbounds %struct.pci_dev, ptr %6, i32 0, i32 0\n  %8 = load i32, ptr %7, align 8\n  %9 = ashr i32 %8, 8\n  %10 = load i32, ptr @PCI_CLASS_BRIDGE_CARDBUS, align 4\n  %11 = icmp eq i32 %9, %10\n  br i1 %11, label %12, label %15\n",
        "optimized": "%3 = alloca ptr, align 8\n  store ptr %1, ptr %3, align 8\n  %4 = load i32, ptr %0, align 8\n  %5 = ashr i32 %4, 8\n  %6 = load i32, ptr @PCI_CLASS_BRIDGE_CARDBUS, align 4\n  %7 = icmp eq i32 %5, %6\n  br i1 %7, label %8, label %11\n"
    },
    {
        "unoptimized": "%13 = load ptr, ptr %5, align 8\n  %14 = call i32 @pci_cardbus_resource_alignment(ptr noundef %13)\n  store i32 %14, ptr %3, align 4\n  br label %18\n",
        "optimized": "%9 = load ptr, ptr %3, align 8\n  %10 = call i32 @pci_cardbus_resource_alignment(ptr noundef %9) #2\n  br label %14\n"
    },
    {
        "unoptimized": "%16 = load ptr, ptr %5, align 8\n  %17 = call i32 @resource_alignment(ptr noundef %16)\n  store i32 %17, ptr %3, align 4\n  br label %18\n",
        "optimized": "%12 = load ptr, ptr %3, align 8\n  %13 = call i32 @resource_alignment(ptr noundef %12) #2\n  br label %14\n"
    },
    {
        "unoptimized": "%19 = load i32, ptr %3, align 4\n  ret i32 %19\n}",
        "optimized": "%storemerge = phi i32 [ %13, %11 ], [ %10, %8 ]\n  ret i32 %storemerge\n}"
    }
]