[
    {
        "unoptimized": "%7 = alloca i32, align 4\n  %8 = alloca ptr, align 8\n  %9 = alloca ptr, align 8\n  %10 = alloca ptr, align 8\n  %11 = alloca ptr, align 8\n  %12 = alloca i64, align 8\n  %13 = alloca i32, align 4\n  %14 = alloca i32, align 4\n  store ptr %0, ptr %8, align 8\n  store ptr %1, ptr %9, align 8\n  store ptr %2, ptr %10, align 8\n  store ptr %3, ptr %11, align 8\n  store i64 %4, ptr %12, align 8\n  store i32 %5, ptr %13, align 4\n  %15 = load ptr, ptr %9, align 8\n  %16 = load ptr, ptr %10, align 8\n  %17 = call i32 @h2o_find_header(ptr noundef %15, ptr noundef %16, i32 noundef -1)\n  store i32 %17, ptr %14, align 4\n  %18 = load i32, ptr %14, align 4\n  %19 = icmp ne i32 %18, -1\n  br i1 %19, label %20, label %36\n",
        "optimized": "%7 = alloca ptr, align 8\n  %8 = alloca ptr, align 8\n  %9 = alloca ptr, align 8\n  %10 = alloca ptr, align 8\n  %11 = alloca i64, align 8\n  %12 = alloca i32, align 4\n  %13 = alloca i32, align 4\n  store ptr %0, ptr %7, align 8\n  store ptr %1, ptr %8, align 8\n  store ptr %2, ptr %9, align 8\n  store ptr %3, ptr %10, align 8\n  store i64 %4, ptr %11, align 8\n  store i32 %5, ptr %12, align 4\n  %14 = call i32 @h2o_find_header(ptr noundef %1, ptr noundef %2, i32 noundef -1) #2\n  store i32 %14, ptr %13, align 4\n  %.not = icmp eq i32 %14, -1\n  br i1 %.not, label %28, label %15\n"
    },
    {
        "unoptimized": "%21 = load i32, ptr %13, align 4\n  %22 = icmp ne i32 %21, 0\n  br i1 %22, label %23, label %34\n",
        "optimized": "%16 = load i32, ptr %12, align 4\n  %.not1 = icmp eq i32 %16, 0\n  br i1 %.not1, label %26, label %17\n"
    },
    {
        "unoptimized": "%24 = load ptr, ptr %11, align 8\n  %25 = load i64, ptr %12, align 8\n  %26 = call i32 @h2o_iovec_init(ptr noundef %24, i64 noundef %25)\n  %27 = load ptr, ptr %9, align 8\n  %28 = getelementptr inbounds %struct.TYPE_7__, ptr %27, i32 0, i32 0\n  %29 = load ptr, ptr %28, align 8\n  %30 = load i32, ptr %14, align 4\n  %31 = sext i32 %30 to i64\n  %32 = getelementptr inbounds %struct.TYPE_6__, ptr %29, i64 %31\n  %33 = getelementptr inbounds %struct.TYPE_6__, ptr %32, i32 0, i32 0\n  store i32 %26, ptr %33, align 4\n  br label %34\n",
        "optimized": "%18 = load ptr, ptr %10, align 8\n  %19 = load i64, ptr %11, align 8\n  %20 = call i32 @h2o_iovec_init(ptr noundef %18, i64 noundef %19) #2\n  %21 = load ptr, ptr %8, align 8\n  %22 = load ptr, ptr %21, align 8\n  %23 = load i32, ptr %13, align 4\n  %24 = sext i32 %23 to i64\n  %25 = getelementptr inbounds %struct.TYPE_6__, ptr %22, i64 %24\n  store i32 %20, ptr %25, align 4\n  br label %26\n"
    },
    {
        "unoptimized": "%35 = load i32, ptr %14, align 4\n  store i32 %35, ptr %7, align 4\n  br label %43\n",
        "optimized": "%27 = load i32, ptr %13, align 4\n  br label %35\n"
    },
    {
        "unoptimized": "%37 = load ptr, ptr %8, align 8\n  %38 = load ptr, ptr %9, align 8\n  %39 = load ptr, ptr %10, align 8\n  %40 = load ptr, ptr %11, align 8\n  %41 = load i64, ptr %12, align 8\n  %42 = call i32 @h2o_add_header(ptr noundef %37, ptr noundef %38, ptr noundef %39, ptr noundef null, ptr noundef %40, i64 noundef %41)\n  store i32 %42, ptr %7, align 4\n  br label %43\n",
        "optimized": "%29 = load ptr, ptr %7, align 8\n  %30 = load ptr, ptr %8, align 8\n  %31 = load ptr, ptr %9, align 8\n  %32 = load ptr, ptr %10, align 8\n  %33 = load i64, ptr %11, align 8\n  %34 = call i32 @h2o_add_header(ptr noundef %29, ptr noundef %30, ptr noundef %31, ptr noundef null, ptr noundef %32, i64 noundef %33) #2\n  br label %35\n"
    },
    {
        "unoptimized": "%44 = load i32, ptr %7, align 4\n  ret i32 %44\n}",
        "optimized": "%storemerge = phi i32 [ %34, %28 ], [ %27, %26 ]\n  ret i32 %storemerge\n}"
    }
]