[
    {
        "unoptimized": "%4 = alloca ptr, align 8\n  %5 = alloca i32, align 4\n  %6 = alloca ptr, align 8\n  %7 = alloca i32, align 4\n  store ptr %0, ptr %4, align 8\n  store i32 %1, ptr %5, align 4\n  store ptr %2, ptr %6, align 8\n  %8 = load ptr, ptr %4, align 8\n  %9 = load i8, ptr %8, align 1\n  %10 = sext i8 %9 to i32\n  %11 = icmp eq i32 %10, 45\n  br i1 %11, label %12, label %26\n",
        "optimized": "%4 = alloca ptr, align 8\n  %5 = alloca i32, align 4\n  %6 = alloca ptr, align 8\n  %7 = alloca i32, align 4\n  store ptr %0, ptr %4, align 8\n  store i32 %1, ptr %5, align 4\n  store ptr %2, ptr %6, align 8\n  %8 = load i8, ptr %0, align 1\n  %9 = icmp eq i8 %8, 45\n  br i1 %9, label %10, label %21\n"
    },
    {
        "unoptimized": "%13 = load ptr, ptr %4, align 8\n  %14 = getelementptr inbounds i8, ptr %13, i64 1\n  %15 = load i32, ptr %5, align 4\n  %16 = load ptr, ptr %6, align 8\n  %17 = call i32 @strict_strtoul(ptr noundef %14, i32 noundef %15, ptr noundef %16)\n  store i32 %17, ptr %7, align 4\n  %18 = load i32, ptr %7, align 4\n  %19 = icmp ne i32 %18, 0\n  br i1 %19, label %25, label %20\n",
        "optimized": "%11 = load ptr, ptr %4, align 8\n  %12 = getelementptr inbounds i8, ptr %11, i64 1\n  %13 = load i32, ptr %5, align 4\n  %14 = load ptr, ptr %6, align 8\n  %15 = call i32 @strict_strtoul(ptr noundef nonnull %12, i32 noundef %13, ptr noundef %14) #2\n  store i32 %15, ptr %7, align 4\n  %.not = icmp eq i32 %15, 0\n  br i1 %.not, label %16, label %20\n"
    },
    {
        "unoptimized": "%21 = load ptr, ptr %6, align 8\n  %22 = load i64, ptr %21, align 8\n  %23 = sub nsw i64 0, %22\n  %24 = load ptr, ptr %6, align 8\n  store i64 %23, ptr %24, align 8\n  br label %25\n",
        "optimized": "%17 = load ptr, ptr %6, align 8\n  %18 = load i64, ptr %17, align 8\n  %19 = sub nsw i64 0, %18\n  store i64 %19, ptr %17, align 8\n  br label %20\n"
    },
    {
        "unoptimized": "br label %31\n",
        "optimized": "br label %26\n"
    },
    {
        "unoptimized": "%27 = load ptr, ptr %4, align 8\n  %28 = load i32, ptr %5, align 4\n  %29 = load ptr, ptr %6, align 8\n  %30 = call i32 @strict_strtoul(ptr noundef %27, i32 noundef %28, ptr noundef %29)\n  store i32 %30, ptr %7, align 4\n  br label %31\n",
        "optimized": "%22 = load ptr, ptr %4, align 8\n  %23 = load i32, ptr %5, align 4\n  %24 = load ptr, ptr %6, align 8\n  %25 = call i32 @strict_strtoul(ptr noundef %22, i32 noundef %23, ptr noundef %24) #2\n  store i32 %25, ptr %7, align 4\n  br label %26\n"
    },
    {
        "unoptimized": "%32 = load i32, ptr %7, align 4\n  ret i32 %32\n}",
        "optimized": "%27 = load i32, ptr %7, align 4\n  ret i32 %27\n}"
    }
]