[
    {
        "unoptimized": "%2 = alloca ptr, align 8\n  %3 = alloca i64, align 8\n  %4 = alloca ptr, align 8\n  %5 = alloca ptr, align 8\n  store ptr %0, ptr %2, align 8\n  %6 = load ptr, ptr %2, align 8\n  %7 = getelementptr inbounds %struct.TYPE_5__, ptr %6, i32 0, i32 0\n  %8 = load i32, ptr %7, align 4\n  %9 = call i64 @kh_begin(i32 noundef %8)\n  store i64 %9, ptr %3, align 8\n  br label %10\n",
        "optimized": "%2 = alloca ptr, align 8\n  %3 = alloca i64, align 8\n  %4 = alloca ptr, align 8\n  store ptr %0, ptr %2, align 8\n  %5 = load i32, ptr %0, align 4\n  %6 = call i64 @kh_begin(i32 noundef %5) #2\n  br label %7\n"
    },
    {
        "unoptimized": "%11 = load i64, ptr %3, align 8\n  %12 = load ptr, ptr %2, align 8\n  %13 = getelementptr inbounds %struct.TYPE_5__, ptr %12, i32 0, i32 0\n  %14 = load i32, ptr %13, align 4\n  %15 = call i64 @kh_end(i32 noundef %14)\n  %16 = icmp ne i64 %11, %15\n  br i1 %16, label %17, label %52\n",
        "optimized": "%storemerge = phi i64 [ %6, %1 ], [ %35, %33 ]\n  store i64 %storemerge, ptr %3, align 8\n  %8 = load ptr, ptr %2, align 8\n  %9 = load i32, ptr %8, align 4\n  %10 = call i64 @kh_end(i32 noundef %9) #2\n  %.not = icmp eq i64 %storemerge, %10\n  br i1 %.not, label %36, label %11\n"
    },
    {
        "unoptimized": "%18 = load ptr, ptr %2, align 8\n  %19 = getelementptr inbounds %struct.TYPE_5__, ptr %18, i32 0, i32 0\n  %20 = load i32, ptr %19, align 4\n  %21 = load i64, ptr %3, align 8\n  %22 = call i32 @kh_exist(i32 noundef %20, i64 noundef %21)\n  %23 = icmp ne i32 %22, 0\n  br i1 %23, label %25, label %24\n",
        "optimized": "%12 = load ptr, ptr %2, align 8\n  %13 = load i32, ptr %12, align 4\n  %14 = load i64, ptr %3, align 8\n  %15 = call i32 @kh_exist(i32 noundef %13, i64 noundef %14) #2\n  %.not1 = icmp eq i32 %15, 0\n  br i1 %.not1, label %16, label %17\n"
    },
    {
        "unoptimized": "br label %49\n",
        "optimized": "br label %33\n"
    },
    {
        "unoptimized": "%26 = load ptr, ptr %2, align 8\n  %27 = getelementptr inbounds %struct.TYPE_5__, ptr %26, i32 0, i32 0\n  %28 = load i32, ptr %27, align 4\n  %29 = load i64, ptr %3, align 8\n  %30 = call ptr @kh_key(i32 noundef %28, i64 noundef %29)\n  store ptr %30, ptr %4, align 8\n  %31 = load ptr, ptr %2, align 8\n  %32 = getelementptr inbounds %struct.TYPE_5__, ptr %31, i32 0, i32 0\n  %33 = load i32, ptr %32, align 4\n  %34 = load i64, ptr %3, align 8\n  %35 = call ptr @kh_val(i32 noundef %33, i64 noundef %34)\n  store ptr %35, ptr %5, align 8\n  %36 = load ptr, ptr %2, align 8\n  %37 = load ptr, ptr %5, align 8\n  %38 = call i32 @on_unlink(ptr noundef %36, ptr noundef %37)\n  %39 = load ptr, ptr %5, align 8\n  %40 = call i32 @h2o_mem_release_shared(ptr noundef %39)\n  %41 = load i32, ptr @extmap, align 4\n  %42 = load ptr, ptr %2, align 8\n  %43 = getelementptr inbounds %struct.TYPE_5__, ptr %42, i32 0, i32 0\n  %44 = load i32, ptr %43, align 4\n  %45 = load i64, ptr %3, align 8\n  %46 = call i32 @kh_del(i32 noundef %41, i32 noundef %44, i64 noundef %45)\n  %47 = load ptr, ptr %4, align 8\n  %48 = call i32 @h2o_mem_release_shared(ptr noundef %47)\n  br label %49\n",
        "optimized": "%18 = load ptr, ptr %2, align 8\n  %19 = load i32, ptr %18, align 4\n  %20 = load i64, ptr %3, align 8\n  %21 = call ptr @kh_key(i32 noundef %19, i64 noundef %20) #2\n  store ptr %21, ptr %4, align 8\n  %22 = load i32, ptr %18, align 4\n  %23 = call ptr @kh_val(i32 noundef %22, i64 noundef %20) #2\n  %24 = load ptr, ptr %2, align 8\n  %25 = call i32 @on_unlink(ptr noundef %24, ptr noundef %23) #2\n  %26 = call i32 @h2o_mem_release_shared(ptr noundef %23) #2\n  %27 = load i32, ptr @extmap, align 4\n  %28 = load i32, ptr %24, align 4\n  %29 = load i64, ptr %3, align 8\n  %30 = call i32 @kh_del(i32 noundef %27, i32 noundef %28, i64 noundef %29) #2\n  %31 = load ptr, ptr %4, align 8\n  %32 = call i32 @h2o_mem_release_shared(ptr noundef %31) #2\n  br label %33\n"
    },
    {
        "unoptimized": "%50 = load i64, ptr %3, align 8\n  %51 = add nsw i64 %50, 1\n  store i64 %51, ptr %3, align 8\n  br label %10, !llvm.loop !6\n",
        "optimized": "%34 = load i64, ptr %3, align 8\n  %35 = add nsw i64 %34, 1\n  br label %7, !llvm.loop !6\n"
    },
    {
        "unoptimized": "%53 = load ptr, ptr %2, align 8\n  %54 = call i32 @rebuild_typeset(ptr noundef %53)\n  ret void\n}",
        "optimized": "%37 = load ptr, ptr %2, align 8\n  %38 = call i32 @rebuild_typeset(ptr noundef %37) #2\n  ret void\n}"
    }
]