[
    {
        "unoptimized": "%3 = alloca i32, align 4\n  %4 = alloca ptr, align 8\n  %5 = alloca ptr, align 8\n  %6 = alloca [31 x i8], align 16\n  %7 = alloca i32, align 4\n  store ptr %0, ptr %4, align 8\n  store ptr %1, ptr %5, align 8\n  %8 = load ptr, ptr %4, align 8\n  %9 = getelementptr inbounds [31 x i8], ptr %6, i64 0, i64 0\n  %10 = call i32 @read_file(ptr noundef %8, ptr noundef %9, i32 noundef 30)\n  store i32 %10, ptr %7, align 4\n  %11 = load i32, ptr %7, align 4\n  %12 = call i64 @unlikely(i32 noundef %11)\n  %13 = icmp ne i64 %12, 0\n  br i1 %13, label %14, label %17\n",
        "optimized": "%3 = alloca ptr, align 8\n  %4 = alloca [31 x i8], align 16\n  %5 = alloca i32, align 4\n  store ptr %1, ptr %3, align 8\n  %6 = call i32 @read_file(ptr noundef %0, ptr noundef nonnull %4, i32 noundef 30) #2\n  store i32 %6, ptr %5, align 4\n  %7 = call i64 @unlikely(i32 noundef %6) #2\n  %.not = icmp eq i64 %7, 0\n  br i1 %.not, label %11, label %8\n"
    },
    {
        "unoptimized": "%15 = load ptr, ptr %5, align 8\n  store i64 0, ptr %15, align 8\n  %16 = load i32, ptr %7, align 4\n  store i32 %16, ptr %3, align 4\n  br label %22\n",
        "optimized": "%9 = load ptr, ptr %3, align 8\n  store i64 0, ptr %9, align 8\n  %10 = load i32, ptr %5, align 4\n  br label %15\n"
    },
    {
        "unoptimized": "%18 = getelementptr inbounds [31 x i8], ptr %6, i64 0, i64 30\n  store i8 0, ptr %18, align 2\n  %19 = getelementptr inbounds [31 x i8], ptr %6, i64 0, i64 0\n  %20 = call i64 @str2ull(ptr noundef %19)\n  %21 = load ptr, ptr %5, align 8\n  store i64 %20, ptr %21, align 8\n  store i32 0, ptr %3, align 4\n  br label %22\n",
        "optimized": "%12 = getelementptr inbounds [31 x i8], ptr %4, i64 0, i64 30\n  store i8 0, ptr %12, align 2\n  %13 = call i64 @str2ull(ptr noundef nonnull %4) #2\n  %14 = load ptr, ptr %3, align 8\n  store i64 %13, ptr %14, align 8\n  br label %15\n"
    },
    {
        "unoptimized": "%23 = load i32, ptr %3, align 4\n  ret i32 %23\n}",
        "optimized": "%storemerge = phi i32 [ 0, %11 ], [ %10, %8 ]\n  ret i32 %storemerge\n}"
    }
]