[
    {
        "unoptimized": "%2 = alloca ptr, align 8\n  store ptr %0, ptr %2, align 8\n  %3 = load ptr, ptr %2, align 8\n  %4 = getelementptr inbounds %struct.insn, ptr %3, i32 0, i32 1\n  %5 = getelementptr inbounds %struct.TYPE_3__, ptr %4, i32 0, i32 0\n  %6 = load ptr, ptr %5, align 8\n  %7 = getelementptr inbounds i64, ptr %6, i64 0\n  %8 = load i64, ptr %7, align 8\n  %9 = load i64, ptr @POP_SS_OPCODE, align 8\n  %10 = icmp eq i64 %8, %9\n  br i1 %10, label %31, label %11\n",
        "optimized": "%2 = alloca ptr, align 8\n  store ptr %0, ptr %2, align 8\n  %3 = getelementptr inbounds %struct.insn, ptr %0, i64 0, i32 1\n  %4 = load ptr, ptr %3, align 8\n  %5 = load i64, ptr %4, align 8\n  %6 = load i64, ptr @POP_SS_OPCODE, align 8\n  %7 = icmp eq i64 %5, %6\n  br i1 %7, label %23, label %8\n"
    },
    {
        "unoptimized": "%12 = load ptr, ptr %2, align 8\n  %13 = getelementptr inbounds %struct.insn, ptr %12, i32 0, i32 1\n  %14 = getelementptr inbounds %struct.TYPE_3__, ptr %13, i32 0, i32 0\n  %15 = load ptr, ptr %14, align 8\n  %16 = getelementptr inbounds i64, ptr %15, i64 0\n  %17 = load i64, ptr %16, align 8\n  %18 = load i64, ptr @MOV_SREG_OPCODE, align 8\n  %19 = icmp eq i64 %17, %18\n  br i1 %19, label %20, label %29\n",
        "optimized": "%9 = load ptr, ptr %2, align 8\n  %10 = getelementptr inbounds %struct.insn, ptr %9, i64 0, i32 1\n  %11 = load ptr, ptr %10, align 8\n  %12 = load i64, ptr %11, align 8\n  %13 = load i64, ptr @MOV_SREG_OPCODE, align 8\n  %14 = icmp eq i64 %12, %13\n  br i1 %14, label %15, label %21\n"
    },
    {
        "unoptimized": "%21 = load ptr, ptr %2, align 8\n  %22 = getelementptr inbounds %struct.insn, ptr %21, i32 0, i32 0\n  %23 = getelementptr inbounds %struct.TYPE_4__, ptr %22, i32 0, i32 0\n  %24 = load ptr, ptr %23, align 8\n  %25 = getelementptr inbounds i32, ptr %24, i64 0\n  %26 = load i32, ptr %25, align 4\n  %27 = call i32 @X86_MODRM_REG(i32 noundef %26)\n  %28 = icmp eq i32 %27, 2\n  br label %29\n",
        "optimized": "%16 = load ptr, ptr %2, align 8\n  %17 = load ptr, ptr %16, align 8\n  %18 = load i32, ptr %17, align 4\n  %19 = call i32 @X86_MODRM_REG(i32 noundef %18) #2\n  %20 = icmp eq i32 %19, 2\n  br label %21\n"
    },
    {
        "unoptimized": "%30 = phi i1 [ false, %11 ], [ %28, %20 ]\n  br label %31\n",
        "optimized": "%22 = phi i1 [ false, %8 ], [ %20, %15 ]\n  br label %23\n"
    },
    {
        "unoptimized": "%32 = phi i1 [ true, %1 ], [ %30, %29 ]\n  %33 = zext i1 %32 to i32\n  ret i32 %33\n}",
        "optimized": "%24 = phi i1 [ true, %1 ], [ %22, %21 ]\n  %25 = zext i1 %24 to i32\n  ret i32 %25\n}"
    }
]