[
    {
        "unoptimized": "%2 = alloca ptr, align 8\n  %3 = alloca ptr, align 8\n  %4 = alloca i32, align 4\n  store ptr %0, ptr %2, align 8\n  %5 = load ptr, ptr %2, align 8\n  %6 = getelementptr inbounds %struct.xarray, ptr %5, i32 0, i32 1\n  %7 = load ptr, ptr %6, align 8\n  store ptr %7, ptr %3, align 8\n  store i32 0, ptr %4, align 4\n  %8 = load ptr, ptr %2, align 8\n  %9 = load ptr, ptr %3, align 8\n  %10 = load ptr, ptr %2, align 8\n  %11 = getelementptr inbounds %struct.xarray, ptr %10, i32 0, i32 0\n  %12 = load i32, ptr %11, align 8\n  %13 = load ptr, ptr %2, align 8\n  %14 = load i32, ptr @XA_MARK_0, align 4\n  %15 = call i32 @xa_marked(ptr noundef %13, i32 noundef %14)\n  %16 = load ptr, ptr %2, align 8\n  %17 = load i32, ptr @XA_MARK_1, align 4\n  %18 = call i32 @xa_marked(ptr noundef %16, i32 noundef %17)\n  %19 = load ptr, ptr %2, align 8\n  %20 = load i32, ptr @XA_MARK_2, align 4\n  %21 = call i32 @xa_marked(ptr noundef %19, i32 noundef %20)\n  %22 = call i32 @pr_info(ptr noundef @.str, ptr noundef %8, ptr noundef %9, i32 noundef %12, i32 noundef %15, i32 noundef %18, i32 noundef %21)\n  %23 = load ptr, ptr %3, align 8\n  %24 = call i64 @xa_is_node(ptr noundef %23)\n  %25 = icmp ne i64 %24, 0\n  br i1 %25, label %26, label %33\n",
        "optimized": "%2 = alloca ptr, align 8\n  %3 = alloca ptr, align 8\n  %4 = alloca i32, align 4\n  store ptr %0, ptr %2, align 8\n  %5 = getelementptr inbounds %struct.xarray, ptr %0, i64 0, i32 1\n  %6 = load ptr, ptr %5, align 8\n  store ptr %6, ptr %3, align 8\n  store i32 0, ptr %4, align 4\n  %7 = load i32, ptr %0, align 8\n  %8 = load i32, ptr @XA_MARK_0, align 4\n  %9 = call i32 @xa_marked(ptr noundef nonnull %0, i32 noundef %8) #2\n  %10 = load ptr, ptr %2, align 8\n  %11 = load i32, ptr @XA_MARK_1, align 4\n  %12 = call i32 @xa_marked(ptr noundef %10, i32 noundef %11) #2\n  %13 = load i32, ptr @XA_MARK_2, align 4\n  %14 = call i32 @xa_marked(ptr noundef %10, i32 noundef %13) #2\n  %15 = call i32 @pr_info(ptr noundef nonnull @.str, ptr noundef nonnull %0, ptr noundef %6, i32 noundef %7, i32 noundef %9, i32 noundef %12, i32 noundef %14) #2\n  %16 = load ptr, ptr %3, align 8\n  %17 = call i64 @xa_is_node(ptr noundef %16) #2\n  %.not = icmp eq i64 %17, 0\n  br i1 %.not, label %24, label %18\n"
    },
    {
        "unoptimized": "%27 = load ptr, ptr %3, align 8\n  %28 = call ptr @xa_to_node(ptr noundef %27)\n  %29 = getelementptr inbounds %struct.TYPE_2__, ptr %28, i32 0, i32 0\n  %30 = load i32, ptr %29, align 4\n  %31 = load i32, ptr @XA_CHUNK_SHIFT, align 4\n  %32 = add i32 %30, %31\n  store i32 %32, ptr %4, align 4\n  br label %33\n",
        "optimized": "%19 = load ptr, ptr %3, align 8\n  %20 = call ptr @xa_to_node(ptr noundef %19) #2\n  %21 = load i32, ptr %20, align 4\n  %22 = load i32, ptr @XA_CHUNK_SHIFT, align 4\n  %23 = add i32 %21, %22\n  store i32 %23, ptr %4, align 4\n  br label %24\n"
    },
    {
        "unoptimized": "%34 = load ptr, ptr %3, align 8\n  %35 = load i32, ptr %4, align 4\n  %36 = call i32 @xa_dump_entry(ptr noundef %34, i32 noundef 0, i32 noundef %35)\n  ret void\n}",
        "optimized": "%25 = load ptr, ptr %3, align 8\n  %26 = load i32, ptr %4, align 4\n  %27 = call i32 @xa_dump_entry(ptr noundef %25, i32 noundef 0, i32 noundef %26) #2\n  ret void\n}"
    }
]