[
    {
        "unoptimized": "%6 = alloca ptr, align 8\n  %7 = alloca ptr, align 8\n  %8 = alloca i64, align 8\n  %9 = alloca ptr, align 8\n  %10 = alloca ptr, align 8\n  %11 = alloca ptr, align 8\n  %12 = alloca ptr, align 8\n  store ptr %0, ptr %7, align 8\n  store i64 %1, ptr %8, align 8\n  store ptr %2, ptr %9, align 8\n  store ptr %3, ptr %10, align 8\n  store ptr %4, ptr %11, align 8\n  %13 = load ptr, ptr @huff_decode_table, align 8\n  %14 = load ptr, ptr %9, align 8\n  %15 = load i64, ptr %14, align 8\n  %16 = getelementptr inbounds ptr, ptr %13, i64 %15\n  %17 = load ptr, ptr %16, align 8\n  %18 = load i64, ptr %8, align 8\n  %19 = getelementptr inbounds %struct.TYPE_3__, ptr %17, i64 %18\n  store ptr %19, ptr %12, align 8\n  %20 = load ptr, ptr %12, align 8\n  %21 = getelementptr inbounds %struct.TYPE_3__, ptr %20, i32 0, i32 0\n  %22 = load i32, ptr %21, align 8\n  %23 = load i32, ptr @NGHTTP2_HUFF_FAIL, align 4\n  %24 = and i32 %22, %23\n  %25 = icmp ne i32 %24, 0\n  br i1 %25, label %26, label %27\n",
        "optimized": "%6 = alloca ptr, align 8\n  %7 = alloca i64, align 8\n  %8 = alloca ptr, align 8\n  %9 = alloca ptr, align 8\n  %10 = alloca ptr, align 8\n  %11 = alloca ptr, align 8\n  store ptr %0, ptr %6, align 8\n  store i64 %1, ptr %7, align 8\n  store ptr %2, ptr %8, align 8\n  store ptr %3, ptr %9, align 8\n  store ptr %4, ptr %10, align 8\n  %12 = load ptr, ptr @huff_decode_table, align 8\n  %13 = load i64, ptr %2, align 8\n  %14 = getelementptr inbounds ptr, ptr %12, i64 %13\n  %15 = load ptr, ptr %14, align 8\n  %16 = load i64, ptr %7, align 8\n  %17 = getelementptr inbounds %struct.TYPE_3__, ptr %15, i64 %16\n  store ptr %17, ptr %11, align 8\n  %18 = load i32, ptr %17, align 8\n  %19 = load i32, ptr @NGHTTP2_HUFF_FAIL, align 4\n  %20 = and i32 %18, %19\n  %.not = icmp eq i32 %20, 0\n  br i1 %.not, label %22, label %21\n"
    },
    {
        "unoptimized": "store ptr null, ptr %6, align 8\n  br label %64\n",
        "optimized": "br label %54\n"
    },
    {
        "unoptimized": "%28 = load ptr, ptr %12, align 8\n  %29 = getelementptr inbounds %struct.TYPE_3__, ptr %28, i32 0, i32 0\n  %30 = load i32, ptr %29, align 8\n  %31 = load i32, ptr @NGHTTP2_HUFF_SYM, align 4\n  %32 = and i32 %30, %31\n  %33 = icmp ne i32 %32, 0\n  br i1 %33, label %34, label %50\n",
        "optimized": "%23 = load ptr, ptr %11, align 8\n  %24 = load i32, ptr %23, align 8\n  %25 = load i32, ptr @NGHTTP2_HUFF_SYM, align 4\n  %26 = and i32 %24, %25\n  %.not1 = icmp eq i32 %26, 0\n  br i1 %.not1, label %42, label %27\n"
    },
    {
        "unoptimized": "%35 = load ptr, ptr %12, align 8\n  %36 = getelementptr inbounds %struct.TYPE_3__, ptr %35, i32 0, i32 2\n  %37 = load i32, ptr %36, align 8\n  %38 = trunc i32 %37 to i8\n  %39 = load ptr, ptr %7, align 8\n  %40 = getelementptr inbounds i8, ptr %39, i32 1\n  store ptr %40, ptr %7, align 8\n  store i8 %38, ptr %39, align 1\n  %41 = load ptr, ptr %12, align 8\n  %42 = getelementptr inbounds %struct.TYPE_3__, ptr %41, i32 0, i32 0\n  %43 = load i32, ptr %42, align 8\n  %44 = sext i32 %43 to i64\n  %45 = load i64, ptr @NGHTTP2_HUFF_INVALID_CHARS, align 8\n  %46 = and i64 %44, %45\n  %47 = load ptr, ptr %11, align 8\n  %48 = load i64, ptr %47, align 8\n  %49 = or i64 %48, %46\n  store i64 %49, ptr %47, align 8\n  br label %50\n",
        "optimized": "%28 = load ptr, ptr %11, align 8\n  %29 = getelementptr inbounds %struct.TYPE_3__, ptr %28, i64 0, i32 2\n  %30 = load i32, ptr %29, align 8\n  %31 = trunc i32 %30 to i8\n  %32 = load ptr, ptr %6, align 8\n  %33 = getelementptr inbounds i8, ptr %32, i64 1\n  store ptr %33, ptr %6, align 8\n  store i8 %31, ptr %32, align 1\n  %34 = load ptr, ptr %11, align 8\n  %35 = load i32, ptr %34, align 8\n  %36 = sext i32 %35 to i64\n  %37 = load i64, ptr @NGHTTP2_HUFF_INVALID_CHARS, align 8\n  %38 = and i64 %37, %36\n  %39 = load ptr, ptr %10, align 8\n  %40 = load i64, ptr %39, align 8\n  %41 = or i64 %40, %38\n  store i64 %41, ptr %39, align 8\n  br label %42\n"
    },
    {
        "unoptimized": "%51 = load ptr, ptr %12, align 8\n  %52 = getelementptr inbounds %struct.TYPE_3__, ptr %51, i32 0, i32 1\n  %53 = load i64, ptr %52, align 8\n  %54 = load ptr, ptr %9, align 8\n  store i64 %53, ptr %54, align 8\n  %55 = load ptr, ptr %12, align 8\n  %56 = getelementptr inbounds %struct.TYPE_3__, ptr %55, i32 0, i32 0\n  %57 = load i32, ptr %56, align 8\n  %58 = load i32, ptr @NGHTTP2_HUFF_ACCEPTED, align 4\n  %59 = and i32 %57, %58\n  %60 = icmp ne i32 %59, 0\n  %61 = zext i1 %60 to i32\n  %62 = load ptr, ptr %10, align 8\n  store i32 %61, ptr %62, align 4\n  %63 = load ptr, ptr %7, align 8\n  store ptr %63, ptr %6, align 8\n  br label %64\n",
        "optimized": "%43 = load ptr, ptr %11, align 8\n  %44 = getelementptr inbounds %struct.TYPE_3__, ptr %43, i64 0, i32 1\n  %45 = load i64, ptr %44, align 8\n  %46 = load ptr, ptr %8, align 8\n  store i64 %45, ptr %46, align 8\n  %47 = load i32, ptr %43, align 8\n  %48 = load i32, ptr @NGHTTP2_HUFF_ACCEPTED, align 4\n  %49 = and i32 %47, %48\n  %50 = icmp ne i32 %49, 0\n  %51 = zext i1 %50 to i32\n  %52 = load ptr, ptr %9, align 8\n  store i32 %51, ptr %52, align 4\n  %53 = load ptr, ptr %6, align 8\n  br label %54\n"
    },
    {
        "unoptimized": "%65 = load ptr, ptr %6, align 8\n  ret ptr %65\n}",
        "optimized": "%storemerge = phi ptr [ %53, %42 ], [ null, %21 ]\n  ret ptr %storemerge\n}"
    }
]