[
    {
        "unoptimized": "%3 = alloca ptr, align 8\n  %4 = alloca ptr, align 8\n  %5 = alloca i32, align 4\n  %6 = alloca i8, align 1\n  store ptr %0, ptr %3, align 8\n  store ptr %1, ptr %4, align 8\n  store i32 0, ptr %5, align 4\n  %7 = load ptr, ptr %3, align 8\n  %8 = getelementptr inbounds %struct.TYPE_10__, ptr %7, i32 0, i32 0\n  %9 = load ptr, ptr %8, align 8\n  %10 = getelementptr inbounds %struct.TYPE_9__, ptr %9, i32 0, i32 1\n  %11 = call i32 @pthread_mutex_lock(ptr noundef %10)\n  %12 = load ptr, ptr %4, align 8\n  %13 = icmp ne ptr %12, null\n  br i1 %13, label %14, label %44\n",
        "optimized": "%3 = alloca ptr, align 8\n  %4 = alloca ptr, align 8\n  %5 = alloca i32, align 4\n  %6 = alloca i8, align 1\n  store ptr %0, ptr %3, align 8\n  store ptr %1, ptr %4, align 8\n  store i32 0, ptr %5, align 4\n  %7 = load ptr, ptr %0, align 8\n  %8 = getelementptr inbounds %struct.TYPE_9__, ptr %7, i64 0, i32 1\n  %9 = call i32 @pthread_mutex_lock(ptr noundef nonnull %8) #2\n  %.not = icmp eq ptr %1, null\n  br i1 %.not, label %31, label %10\n"
    },
    {
        "unoptimized": "%15 = load ptr, ptr %4, align 8\n  %16 = getelementptr inbounds %struct.TYPE_11__, ptr %15, i32 0, i32 0\n  %17 = call i32 @h2o_linklist_is_linked(ptr noundef %16)\n  %18 = icmp ne i32 %17, 0\n  %19 = xor i1 %18, true\n  %20 = zext i1 %19 to i32\n  %21 = call i32 @assert(i32 noundef %20)\n  %22 = load ptr, ptr %3, align 8\n  %23 = getelementptr inbounds %struct.TYPE_10__, ptr %22, i32 0, i32 1\n  %24 = call i64 @h2o_linklist_is_empty(ptr noundef %23)\n  %25 = icmp ne i64 %24, 0\n  br i1 %25, label %26, label %38\n",
        "optimized": "%11 = load ptr, ptr %4, align 8\n  %12 = call i32 @h2o_linklist_is_linked(ptr noundef %11) #2\n  %.not3 = icmp eq i32 %12, 0\n  %13 = zext i1 %.not3 to i32\n  %14 = call i32 @assert(i32 noundef %13) #2\n  %15 = load ptr, ptr %3, align 8\n  %16 = getelementptr inbounds %struct.TYPE_10__, ptr %15, i64 0, i32 1\n  %17 = call i64 @h2o_linklist_is_empty(ptr noundef nonnull %16) #2\n  %.not4 = icmp eq i64 %17, 0\n  br i1 %.not4, label %26, label %18\n"
    },
    {
        "unoptimized": "%27 = load ptr, ptr %3, align 8\n  %28 = getelementptr inbounds %struct.TYPE_10__, ptr %27, i32 0, i32 2\n  %29 = call i32 @h2o_linklist_unlink(ptr noundef %28)\n  %30 = load ptr, ptr %3, align 8\n  %31 = getelementptr inbounds %struct.TYPE_10__, ptr %30, i32 0, i32 0\n  %32 = load ptr, ptr %31, align 8\n  %33 = getelementptr inbounds %struct.TYPE_9__, ptr %32, i32 0, i32 2\n  %34 = getelementptr inbounds %struct.TYPE_8__, ptr %33, i32 0, i32 0\n  %35 = load ptr, ptr %3, align 8\n  %36 = getelementptr inbounds %struct.TYPE_10__, ptr %35, i32 0, i32 2\n  %37 = call i32 @h2o_linklist_insert(ptr noundef %34, ptr noundef %36)\n  store i32 1, ptr %5, align 4\n  br label %38\n",
        "optimized": "%19 = load ptr, ptr %3, align 8\n  %20 = getelementptr inbounds %struct.TYPE_10__, ptr %19, i64 0, i32 2\n  %21 = call i32 @h2o_linklist_unlink(ptr noundef nonnull %20) #2\n  %22 = load ptr, ptr %19, align 8\n  %23 = getelementptr inbounds %struct.TYPE_9__, ptr %22, i64 0, i32 2\n  %24 = getelementptr inbounds %struct.TYPE_10__, ptr %19, i64 0, i32 2\n  %25 = call i32 @h2o_linklist_insert(ptr noundef nonnull %23, ptr noundef nonnull %24) #2\n  store i32 1, ptr %5, align 4\n  br label %26\n"
    },
    {
        "unoptimized": "%39 = load ptr, ptr %3, align 8\n  %40 = getelementptr inbounds %struct.TYPE_10__, ptr %39, i32 0, i32 1\n  %41 = load ptr, ptr %4, align 8\n  %42 = getelementptr inbounds %struct.TYPE_11__, ptr %41, i32 0, i32 0\n  %43 = call i32 @h2o_linklist_insert(ptr noundef %40, ptr noundef %42)\n  br label %51\n",
        "optimized": "%27 = load ptr, ptr %3, align 8\n  %28 = getelementptr inbounds %struct.TYPE_10__, ptr %27, i64 0, i32 1\n  %29 = load ptr, ptr %4, align 8\n  %30 = call i32 @h2o_linklist_insert(ptr noundef nonnull %28, ptr noundef %29) #2\n  br label %37\n"
    },
    {
        "unoptimized": "%45 = load ptr, ptr %3, align 8\n  %46 = getelementptr inbounds %struct.TYPE_10__, ptr %45, i32 0, i32 1\n  %47 = call i64 @h2o_linklist_is_empty(ptr noundef %46)\n  %48 = icmp ne i64 %47, 0\n  br i1 %48, label %49, label %50\n",
        "optimized": "%32 = load ptr, ptr %3, align 8\n  %33 = getelementptr inbounds %struct.TYPE_10__, ptr %32, i64 0, i32 1\n  %34 = call i64 @h2o_linklist_is_empty(ptr noundef nonnull %33) #2\n  %.not1 = icmp eq i64 %34, 0\n  br i1 %.not1, label %36, label %35\n"
    },
    {
        "unoptimized": "store i32 1, ptr %5, align 4\n  br label %50\n",
        "optimized": "store i32 1, ptr %5, align 4\n  br label %36\n"
    },
    {
        "unoptimized": "br label %51\n",
        "optimized": "br label %37\n"
    },
    {
        "unoptimized": "%52 = load ptr, ptr %3, align 8\n  %53 = getelementptr inbounds %struct.TYPE_10__, ptr %52, i32 0, i32 0\n  %54 = load ptr, ptr %53, align 8\n  %55 = getelementptr inbounds %struct.TYPE_9__, ptr %54, i32 0, i32 1\n  %56 = call i32 @pthread_mutex_unlock(ptr noundef %55)\n  %57 = load i32, ptr %5, align 4\n  %58 = icmp ne i32 %57, 0\n  br i1 %58, label %59, label %77\n",
        "optimized": "%38 = load ptr, ptr %3, align 8\n  %39 = load ptr, ptr %38, align 8\n  %40 = getelementptr inbounds %struct.TYPE_9__, ptr %39, i64 0, i32 1\n  %41 = call i32 @pthread_mutex_unlock(ptr noundef nonnull %40) #2\n  %42 = load i32, ptr %5, align 4\n  %.not2 = icmp eq i32 %42, 0\n  br i1 %.not2, label %58, label %43\n"
    },
    {
        "unoptimized": "store i8 1, ptr %6, align 1\n  br label %60\n",
        "optimized": "store i8 1, ptr %6, align 1\n  br label %44\n"
    },
    {
        "unoptimized": "%61 = load ptr, ptr %3, align 8\n  %62 = getelementptr inbounds %struct.TYPE_10__, ptr %61, i32 0, i32 0\n  %63 = load ptr, ptr %62, align 8\n  %64 = getelementptr inbounds %struct.TYPE_9__, ptr %63, i32 0, i32 0\n  %65 = getelementptr inbounds %struct.TYPE_12__, ptr %64, i32 0, i32 0\n  %66 = load i32, ptr %65, align 4\n  %67 = call i32 @write(i32 noundef %66, ptr noundef %6, i32 noundef 1)\n  %68 = icmp eq i32 %67, -1\n  br i1 %68, label %69, label %73\n",
        "optimized": "%45 = load ptr, ptr %3, align 8\n  %46 = load ptr, ptr %45, align 8\n  %47 = load i32, ptr %46, align 4\n  %48 = call i32 @write(i32 noundef %47, ptr noundef nonnull %6, i32 noundef 1) #2\n  %49 = icmp eq i32 %48, -1\n  br i1 %49, label %50, label %54\n"
    },
    {
        "unoptimized": "%70 = load i64, ptr @errno, align 8\n  %71 = load i64, ptr @EINTR, align 8\n  %72 = icmp eq i64 %70, %71\n  br label %73\n",
        "optimized": "%51 = load i64, ptr @errno, align 8\n  %52 = load i64, ptr @EINTR, align 8\n  %53 = icmp eq i64 %51, %52\n  br label %54\n"
    },
    {
        "unoptimized": "%74 = phi i1 [ false, %60 ], [ %72, %69 ]\n  br i1 %74, label %75, label %76\n",
        "optimized": "%55 = phi i1 [ false, %44 ], [ %53, %50 ]\n  br i1 %55, label %56, label %57\n"
    },
    {
        "unoptimized": "br label %60, !llvm.loop !6\n",
        "optimized": "br label %44, !llvm.loop !6\n"
    },
    {
        "unoptimized": "br label %77\n",
        "optimized": "br label %58\n"
    },
    {
        "unoptimized": "ret void\n}",
        "optimized": "ret void\n}"
    }
]