[
    {
        "unoptimized": "%5 = alloca %struct.TYPE_12__, align 4\n  %6 = alloca ptr, align 8\n  %7 = alloca i32, align 4\n  %8 = alloca i64, align 8\n  %9 = alloca %struct.TYPE_14__, align 8\n  %10 = alloca i32, align 4\n  store i64 %2, ptr %5, align 4\n  store ptr %0, ptr %6, align 8\n  store i32 %1, ptr %7, align 4\n  store i64 %3, ptr %8, align 8\n  %11 = load i64, ptr %8, align 8\n  %12 = icmp eq i64 %11, 0\n  br i1 %12, label %13, label %19\n",
        "optimized": "%5 = alloca %struct.TYPE_12__, align 8\n  %6 = alloca ptr, align 8\n  %7 = alloca i32, align 4\n  %8 = alloca i64, align 8\n  %9 = alloca %struct.TYPE_14__, align 8\n  %10 = alloca i32, align 4\n  store i64 %2, ptr %5, align 8\n  store ptr %0, ptr %6, align 8\n  store i32 %1, ptr %7, align 4\n  store i64 %3, ptr %8, align 8\n  %11 = icmp eq i64 %3, 0\n  br i1 %11, label %12, label %17\n"
    },
    {
        "unoptimized": "%14 = getelementptr inbounds %struct.TYPE_12__, ptr %5, i32 0, i32 1\n  %15 = load i32, ptr %14, align 4\n  %16 = getelementptr inbounds %struct.TYPE_12__, ptr %5, i32 0, i32 0\n  %17 = load i32, ptr %16, align 4\n  %18 = call i64 @h2o_cache_calchash(i32 noundef %15, i32 noundef %17)\n  store i64 %18, ptr %8, align 8\n  br label %19\n",
        "optimized": "%13 = getelementptr inbounds %struct.TYPE_12__, ptr %5, i64 0, i32 1\n  %14 = load i32, ptr %13, align 4\n  %15 = load i32, ptr %5, align 8\n  %16 = call i64 @h2o_cache_calchash(i32 noundef %14, i32 noundef %15) #3\n  store i64 %16, ptr %8, align 8\n  br label %17\n"
    },
    {
        "unoptimized": "%20 = getelementptr inbounds %struct.TYPE_14__, ptr %9, i32 0, i32 1\n  call void @llvm.memcpy.p0.p0.i64(ptr align 8 %20, ptr align 4 %5, i64 8, i1 false)\n  %21 = load i64, ptr %8, align 8\n  %22 = getelementptr inbounds %struct.TYPE_14__, ptr %9, i32 0, i32 0\n  store i64 %21, ptr %22, align 8\n  %23 = load ptr, ptr %6, align 8\n  %24 = call i32 @lock_cache(ptr noundef %23)\n  %25 = load ptr, ptr %6, align 8\n  %26 = load i32, ptr %7, align 4\n  %27 = call i32 @purge(ptr noundef %25, i32 noundef %26)\n  %28 = load ptr, ptr %6, align 8\n  %29 = load ptr, ptr %6, align 8\n  %30 = getelementptr inbounds %struct.TYPE_13__, ptr %29, i32 0, i32 0\n  %31 = load i32, ptr %30, align 4\n  %32 = call i32 @kh_get(ptr noundef %28, i32 noundef %31, ptr noundef %9)\n  store i32 %32, ptr %10, align 4\n  %33 = load ptr, ptr %6, align 8\n  %34 = getelementptr inbounds %struct.TYPE_13__, ptr %33, i32 0, i32 0\n  %35 = load i32, ptr %34, align 4\n  %36 = call i32 @kh_end(i32 noundef %35)\n  %37 = icmp ne i32 %32, %36\n  br i1 %37, label %38, label %42\n",
        "optimized": "%18 = getelementptr inbounds %struct.TYPE_14__, ptr %9, i64 0, i32 1\n  %19 = load i64, ptr %5, align 8\n  store i64 %19, ptr %18, align 8\n  %20 = load i64, ptr %8, align 8\n  store i64 %20, ptr %9, align 8\n  %21 = load ptr, ptr %6, align 8\n  %22 = call i32 @lock_cache(ptr noundef %21) #3\n  %23 = load i32, ptr %7, align 4\n  %24 = call i32 @purge(ptr noundef %21, i32 noundef %23) #3\n  %25 = load i32, ptr %21, align 4\n  %26 = call i32 @kh_get(ptr noundef nonnull %21, i32 noundef %25, ptr noundef nonnull %9) #3\n  store i32 %26, ptr %10, align 4\n  %27 = load ptr, ptr %6, align 8\n  %28 = load i32, ptr %27, align 4\n  %29 = call i32 @kh_end(i32 noundef %28) #3\n  %.not = icmp eq i32 %26, %29\n  br i1 %.not, label %34, label %30\n"
    },
    {
        "unoptimized": "%39 = load ptr, ptr %6, align 8\n  %40 = load i32, ptr %10, align 4\n  %41 = call i32 @erase_ref(ptr noundef %39, i32 noundef %40, i32 noundef 0)\n  br label %42\n",
        "optimized": "%31 = load ptr, ptr %6, align 8\n  %32 = load i32, ptr %10, align 4\n  %33 = call i32 @erase_ref(ptr noundef %31, i32 noundef %32, i32 noundef 0) #3\n  br label %34\n"
    },
    {
        "unoptimized": "%43 = load ptr, ptr %6, align 8\n  %44 = call i32 @unlock_cache(ptr noundef %43)\n  ret void\n}",
        "optimized": "%35 = load ptr, ptr %6, align 8\n  %36 = call i32 @unlock_cache(ptr noundef %35) #3\n  ret void\n}"
    }
]