[
    {
        "unoptimized": "%2 = alloca ptr, align 8\n  %3 = alloca i64, align 8\n  %4 = alloca ptr, align 8\n  store ptr %0, ptr %2, align 8\n  %5 = load ptr, ptr %2, align 8\n  %6 = load ptr, ptr @xas, align 8\n  %7 = call i32 @XA_STATE(ptr %6, ptr noundef %5, i32 noundef 0)\n  store ptr null, ptr @xas, align 8\n  %8 = load i64, ptr %3, align 8\n  %9 = call i32 @xas_lock_irqsave(ptr noundef @xas, i64 noundef %8)\n  %10 = load ptr, ptr %2, align 8\n  %11 = call ptr @xa_head_locked(ptr noundef %10)\n  store ptr %11, ptr %4, align 8\n  %12 = load ptr, ptr %2, align 8\n  %13 = getelementptr inbounds %struct.xarray, ptr %12, i32 0, i32 0\n  %14 = load i32, ptr %13, align 4\n  %15 = call i32 @RCU_INIT_POINTER(i32 noundef %14, ptr noundef null)\n  %16 = call i32 @xas_init_marks(ptr noundef @xas)\n  %17 = load ptr, ptr %2, align 8\n  %18 = call i64 @xa_zero_busy(ptr noundef %17)\n  %19 = icmp ne i64 %18, 0\n  br i1 %19, label %20, label %24\n",
        "optimized": "%2 = alloca ptr, align 8\n  %3 = alloca i64, align 8\n  %4 = alloca ptr, align 8\n  store ptr %0, ptr %2, align 8\n  %5 = load ptr, ptr @xas, align 8\n  %6 = call i32 @XA_STATE(ptr %5, ptr noundef %0, i32 noundef 0) #2\n  store ptr null, ptr @xas, align 8\n  %7 = load i64, ptr %3, align 8\n  %8 = call i32 @xas_lock_irqsave(ptr noundef nonnull @xas, i64 noundef %7) #2\n  %9 = call ptr @xa_head_locked(ptr noundef %0) #2\n  store ptr %9, ptr %4, align 8\n  %10 = load ptr, ptr %2, align 8\n  %11 = load i32, ptr %10, align 4\n  %12 = call i32 @RCU_INIT_POINTER(i32 noundef %11, ptr noundef null) #2\n  %13 = call i32 @xas_init_marks(ptr noundef nonnull @xas) #2\n  %14 = call i64 @xa_zero_busy(ptr noundef nonnull %10) #2\n  %.not = icmp eq i64 %14, 0\n  br i1 %.not, label %19, label %15\n"
    },
    {
        "unoptimized": "%21 = load ptr, ptr %2, align 8\n  %22 = load i32, ptr @XA_FREE_MARK, align 4\n  %23 = call i32 @xa_mark_clear(ptr noundef %21, i32 noundef %22)\n  br label %24\n",
        "optimized": "%16 = load ptr, ptr %2, align 8\n  %17 = load i32, ptr @XA_FREE_MARK, align 4\n  %18 = call i32 @xa_mark_clear(ptr noundef %16, i32 noundef %17) #2\n  br label %19\n"
    },
    {
        "unoptimized": "%25 = load ptr, ptr %4, align 8\n  %26 = call i64 @xa_is_node(ptr noundef %25)\n  %27 = icmp ne i64 %26, 0\n  br i1 %27, label %28, label %32\n",
        "optimized": "%20 = load ptr, ptr %4, align 8\n  %21 = call i64 @xa_is_node(ptr noundef %20) #2\n  %.not1 = icmp eq i64 %21, 0\n  br i1 %.not1, label %26, label %22\n"
    },
    {
        "unoptimized": "%29 = load ptr, ptr %4, align 8\n  %30 = call i32 @xa_to_node(ptr noundef %29)\n  %31 = call i32 @xas_free_nodes(ptr noundef @xas, i32 noundef %30)\n  br label %32\n",
        "optimized": "%23 = load ptr, ptr %4, align 8\n  %24 = call i32 @xa_to_node(ptr noundef %23) #2\n  %25 = call i32 @xas_free_nodes(ptr noundef nonnull @xas, i32 noundef %24) #2\n  br label %26\n"
    },
    {
        "unoptimized": "%33 = load i64, ptr %3, align 8\n  %34 = call i32 @xas_unlock_irqrestore(ptr noundef @xas, i64 noundef %33)\n  ret void\n}",
        "optimized": "%27 = load i64, ptr %3, align 8\n  %28 = call i32 @xas_unlock_irqrestore(ptr noundef nonnull @xas, i64 noundef %27) #2\n  ret void\n}"
    }
]