[
    {
        "unoptimized": "%3 = alloca ptr, align 8\n  %4 = alloca %struct.TYPE_6__, align 4\n  %5 = alloca ptr, align 8\n  %6 = alloca [256 x i8], align 16\n  %7 = alloca i64, align 8\n  store i64 %1, ptr %4, align 4\n  store ptr %0, ptr %5, align 8\n  %8 = getelementptr inbounds %struct.TYPE_6__, ptr %4, i32 0, i32 0\n  %9 = load i32, ptr %8, align 4\n  %10 = icmp slt i32 0, %9\n  br i1 %10, label %11, label %50\n",
        "optimized": "%3 = alloca %struct.TYPE_6__, align 8\n  %4 = alloca ptr, align 8\n  %5 = alloca [256 x i8], align 16\n  %6 = alloca i64, align 8\n  store i64 %1, ptr %3, align 8\n  store ptr %0, ptr %4, align 8\n  %7 = load i32, ptr %3, align 8\n  %8 = icmp sgt i32 %7, 0\n  br i1 %8, label %9, label %35\n"
    },
    {
        "unoptimized": "%12 = getelementptr inbounds %struct.TYPE_6__, ptr %4, i32 0, i32 0\n  %13 = load i32, ptr %12, align 4\n  %14 = sext i32 %13 to i64\n  %15 = icmp ult i64 %14, 256\n  br i1 %15, label %16, label %50\n",
        "optimized": "%10 = load i32, ptr %3, align 8\n  %11 = icmp ult i32 %10, 256\n  br i1 %11, label %12, label %35\n"
    },
    {
        "unoptimized": "%17 = getelementptr inbounds [256 x i8], ptr %6, i64 0, i64 0\n  %18 = getelementptr inbounds %struct.TYPE_6__, ptr %4, i32 0, i32 1\n  %19 = load i32, ptr %18, align 4\n  %20 = getelementptr inbounds %struct.TYPE_6__, ptr %4, i32 0, i32 0\n  %21 = load i32, ptr %20, align 4\n  %22 = call i32 @memcpy(ptr noundef %17, i32 noundef %19, i32 noundef %21)\n  %23 = getelementptr inbounds [256 x i8], ptr %6, i64 0, i64 0\n  %24 = getelementptr inbounds %struct.TYPE_6__, ptr %4, i32 0, i32 0\n  %25 = load i32, ptr %24, align 4\n  %26 = call i32 @h2o_strtolower(ptr noundef %23, i32 noundef %25)\n  %27 = getelementptr inbounds %struct.TYPE_6__, ptr %4, i32 0, i32 0\n  %28 = load i32, ptr %27, align 4\n  %29 = sext i32 %28 to i64\n  %30 = getelementptr inbounds [256 x i8], ptr %6, i64 0, i64 %29\n  store i8 0, ptr %30, align 1\n  %31 = load i32, ptr @extmap, align 4\n  %32 = load ptr, ptr %5, align 8\n  %33 = getelementptr inbounds %struct.TYPE_5__, ptr %32, i32 0, i32 1\n  %34 = load i32, ptr %33, align 8\n  %35 = getelementptr inbounds [256 x i8], ptr %6, i64 0, i64 0\n  %36 = call i64 @kh_get(i32 noundef %31, i32 noundef %34, ptr noundef %35)\n  store i64 %36, ptr %7, align 8\n  %37 = load i64, ptr %7, align 8\n  %38 = load ptr, ptr %5, align 8\n  %39 = getelementptr inbounds %struct.TYPE_5__, ptr %38, i32 0, i32 1\n  %40 = load i32, ptr %39, align 8\n  %41 = call i64 @kh_end(i32 noundef %40)\n  %42 = icmp ne i64 %37, %41\n  br i1 %42, label %43, label %49\n",
        "optimized": "%13 = getelementptr inbounds %struct.TYPE_6__, ptr %3, i64 0, i32 1\n  %14 = load i32, ptr %13, align 4\n  %15 = load i32, ptr %3, align 8\n  %16 = call i32 @memcpy(ptr noundef nonnull %5, i32 noundef %14, i32 noundef %15) #2\n  %17 = call i32 @h2o_strtolower(ptr noundef nonnull %5, i32 noundef %15) #2\n  %18 = sext i32 %15 to i64\n  %19 = getelementptr inbounds [256 x i8], ptr %5, i64 0, i64 %18\n  store i8 0, ptr %19, align 1\n  %20 = load i32, ptr @extmap, align 4\n  %21 = load ptr, ptr %4, align 8\n  %22 = getelementptr inbounds %struct.TYPE_5__, ptr %21, i64 0, i32 1\n  %23 = load i32, ptr %22, align 8\n  %24 = call i64 @kh_get(i32 noundef %20, i32 noundef %23, ptr noundef nonnull %5) #2\n  store i64 %24, ptr %6, align 8\n  %25 = getelementptr inbounds %struct.TYPE_5__, ptr %21, i64 0, i32 1\n  %26 = load i32, ptr %25, align 8\n  %27 = call i64 @kh_end(i32 noundef %26) #2\n  %.not = icmp eq i64 %24, %27\n  br i1 %.not, label %34, label %28\n"
    },
    {
        "unoptimized": "%44 = load ptr, ptr %5, align 8\n  %45 = getelementptr inbounds %struct.TYPE_5__, ptr %44, i32 0, i32 1\n  %46 = load i32, ptr %45, align 8\n  %47 = load i64, ptr %7, align 8\n  %48 = call ptr @kh_val(i32 noundef %46, i64 noundef %47)\n  store ptr %48, ptr %3, align 8\n  br label %54\n",
        "optimized": "%29 = load ptr, ptr %4, align 8\n  %30 = getelementptr inbounds %struct.TYPE_5__, ptr %29, i64 0, i32 1\n  %31 = load i32, ptr %30, align 8\n  %32 = load i64, ptr %6, align 8\n  %33 = call ptr @kh_val(i32 noundef %31, i64 noundef %32) #2\n  br label %38\n"
    },
    {
        "unoptimized": "br label %50\n",
        "optimized": "br label %35\n"
    },
    {
        "unoptimized": "%51 = load ptr, ptr %5, align 8\n  %52 = getelementptr inbounds %struct.TYPE_5__, ptr %51, i32 0, i32 0\n  %53 = load ptr, ptr %52, align 8\n  store ptr %53, ptr %3, align 8\n  br label %54\n",
        "optimized": "%36 = load ptr, ptr %4, align 8\n  %37 = load ptr, ptr %36, align 8\n  br label %38\n"
    },
    {
        "unoptimized": "%55 = load ptr, ptr %3, align 8\n  ret ptr %55\n}",
        "optimized": "%storemerge = phi ptr [ %37, %35 ], [ %33, %28 ]\n  ret ptr %storemerge\n}"
    }
]