[
    {
        "unoptimized": "%7 = alloca i32, align 4\n  %8 = alloca ptr, align 8\n  %9 = alloca ptr, align 8\n  %10 = alloca i32, align 4\n  %11 = alloca ptr, align 8\n  %12 = alloca i64, align 8\n  %13 = alloca ptr, align 8\n  store ptr %0, ptr %8, align 8\n  store ptr %1, ptr %9, align 8\n  store i32 %2, ptr %10, align 4\n  store ptr %3, ptr %11, align 8\n  store i64 %4, ptr %12, align 8\n  store ptr %5, ptr %13, align 8\n  %14 = load i32, ptr %10, align 4\n  %15 = load ptr, ptr %11, align 8\n  %16 = load i64, ptr %12, align 8\n  %17 = load ptr, ptr %9, align 8\n  %18 = getelementptr inbounds %struct.st_h2o_qpack_header_t, ptr %17, i32 0, i32 2\n  %19 = load i32, ptr %18, align 8\n  %20 = load ptr, ptr %13, align 8\n  %21 = call i64 @decode_value(i32 noundef %14, ptr noundef %15, i64 noundef %16, i32 noundef %19, ptr noundef %20)\n  %22 = load ptr, ptr %9, align 8\n  %23 = getelementptr inbounds %struct.st_h2o_qpack_header_t, ptr %22, i32 0, i32 0\n  store i64 %21, ptr %23, align 8\n  %24 = load i64, ptr @SIZE_MAX, align 8\n  %25 = icmp eq i64 %21, %24\n  br i1 %25, label %26, label %27\n",
        "optimized": "%7 = alloca ptr, align 8\n  %8 = alloca ptr, align 8\n  %9 = alloca ptr, align 8\n  store ptr %0, ptr %7, align 8\n  store ptr %1, ptr %8, align 8\n  store ptr %5, ptr %9, align 8\n  %10 = getelementptr inbounds %struct.st_h2o_qpack_header_t, ptr %1, i64 0, i32 2\n  %11 = load i32, ptr %10, align 8\n  %12 = call i64 @decode_value(i32 noundef %2, ptr noundef %3, i64 noundef %4, i32 noundef %11, ptr noundef %5) #2\n  store i64 %12, ptr %1, align 8\n  %13 = load i64, ptr @SIZE_MAX, align 8\n  %14 = icmp eq i64 %12, %13\n  br i1 %14, label %15, label %16\n"
    },
    {
        "unoptimized": "br label %51\n",
        "optimized": "br label %35\n"
    },
    {
        "unoptimized": "%28 = load ptr, ptr %9, align 8\n  %29 = getelementptr inbounds %struct.st_h2o_qpack_header_t, ptr %28, i32 0, i32 1\n  %30 = load ptr, ptr %29, align 8\n  %31 = getelementptr inbounds %struct.TYPE_6__, ptr %30, i32 0, i32 0\n  %32 = load i64, ptr %31, align 8\n  %33 = load ptr, ptr %9, align 8\n  %34 = getelementptr inbounds %struct.st_h2o_qpack_header_t, ptr %33, i32 0, i32 0\n  %35 = load i64, ptr %34, align 8\n  %36 = add nsw i64 %32, %35\n  %37 = load i64, ptr @HEADER_ENTRY_SIZE_OFFSET, align 8\n  %38 = add nsw i64 %36, %37\n  %39 = load ptr, ptr %8, align 8\n  %40 = getelementptr inbounds %struct.TYPE_8__, ptr %39, i32 0, i32 0\n  %41 = getelementptr inbounds %struct.TYPE_7__, ptr %40, i32 0, i32 0\n  %42 = load i64, ptr %41, align 8\n  %43 = icmp sgt i64 %38, %42\n  br i1 %43, label %44, label %47\n",
        "optimized": "%17 = load ptr, ptr %8, align 8\n  %18 = getelementptr inbounds %struct.st_h2o_qpack_header_t, ptr %17, i64 0, i32 1\n  %19 = load ptr, ptr %18, align 8\n  %20 = load i64, ptr %19, align 8\n  %21 = load i64, ptr %17, align 8\n  %22 = add nsw i64 %20, %21\n  %23 = load i64, ptr @HEADER_ENTRY_SIZE_OFFSET, align 8\n  %24 = add nsw i64 %22, %23\n  %25 = load ptr, ptr %7, align 8\n  %26 = load i64, ptr %25, align 8\n  %27 = icmp sgt i64 %24, %26\n  br i1 %27, label %28, label %31\n"
    },
    {
        "unoptimized": "%45 = load ptr, ptr @h2o_qpack_err_header_exceeds_table_size, align 8\n  %46 = load ptr, ptr %13, align 8\n  store ptr %45, ptr %46, align 8\n  br label %51\n",
        "optimized": "%29 = load ptr, ptr @h2o_qpack_err_header_exceeds_table_size, align 8\n  %30 = load ptr, ptr %9, align 8\n  store ptr %29, ptr %30, align 8\n  br label %35\n"
    },
    {
        "unoptimized": "%48 = load ptr, ptr %8, align 8\n  %49 = load ptr, ptr %9, align 8\n  %50 = call i32 @decoder_insert(ptr noundef %48, ptr noundef %49)\n  store i32 0, ptr %7, align 4\n  br label %55\n",
        "optimized": "%32 = load ptr, ptr %7, align 8\n  %33 = load ptr, ptr %8, align 8\n  %34 = call i32 @decoder_insert(ptr noundef %32, ptr noundef %33) #2\n  br label %39\n"
    },
    {
        "unoptimized": "%52 = load ptr, ptr %9, align 8\n  %53 = call i32 @h2o_mem_release_shared(ptr noundef %52)\n  %54 = load i32, ptr @H2O_HTTP3_ERROR_QPACK_DECOMPRESSION_FAILED, align 4\n  store i32 %54, ptr %7, align 4\n  br label %55\n",
        "optimized": "%36 = load ptr, ptr %8, align 8\n  %37 = call i32 @h2o_mem_release_shared(ptr noundef %36) #2\n  %38 = load i32, ptr @H2O_HTTP3_ERROR_QPACK_DECOMPRESSION_FAILED, align 4\n  br label %39\n"
    },
    {
        "unoptimized": "%56 = load i32, ptr %7, align 4\n  ret i32 %56\n}",
        "optimized": "%storemerge = phi i32 [ 0, %31 ], [ %38, %35 ]\n  ret i32 %storemerge\n}"
    }
]