[
    {
        "unoptimized": "%2 = alloca i32, align 4\n  %3 = alloca ptr, align 8\n  store ptr %0, ptr %3, align 8\n  %4 = load ptr, ptr %3, align 8\n  %5 = call i64 @insn_is_avx(ptr noundef %4)\n  %6 = icmp ne i64 %5, 0\n  br i1 %6, label %7, label %10\n",
        "optimized": "%2 = alloca i32, align 4\n  %3 = alloca ptr, align 8\n  store ptr %0, ptr %3, align 8\n  %4 = call i64 @insn_is_avx(ptr noundef %0) #2\n  %.not = icmp eq i64 %4, 0\n  br i1 %.not, label %8, label %5\n"
    },
    {
        "unoptimized": "%8 = load ptr, ptr %3, align 8\n  %9 = call i32 @insn_vex_p_bits(ptr noundef %8)\n  store i32 %9, ptr %2, align 4\n  br label %27\n",
        "optimized": "%6 = load ptr, ptr %3, align 8\n  %7 = call i32 @insn_vex_p_bits(ptr noundef %6) #2\n  store i32 %7, ptr %2, align 4\n  br label %20\n"
    },
    {
        "unoptimized": "%11 = load ptr, ptr %3, align 8\n  %12 = getelementptr inbounds %struct.insn, ptr %11, i32 0, i32 0\n  %13 = getelementptr inbounds %struct.TYPE_2__, ptr %12, i32 0, i32 0\n  %14 = load ptr, ptr %13, align 8\n  %15 = getelementptr inbounds i64, ptr %14, i64 3\n  %16 = load i64, ptr %15, align 8\n  %17 = icmp ne i64 %16, 0\n  br i1 %17, label %18, label %26\n",
        "optimized": "%9 = load ptr, ptr %3, align 8\n  %10 = load ptr, ptr %9, align 8\n  %11 = getelementptr inbounds i64, ptr %10, i64 3\n  %12 = load i64, ptr %11, align 8\n  %.not1 = icmp eq i64 %12, 0\n  br i1 %.not1, label %19, label %13\n"
    },
    {
        "unoptimized": "%19 = load ptr, ptr %3, align 8\n  %20 = getelementptr inbounds %struct.insn, ptr %19, i32 0, i32 0\n  %21 = getelementptr inbounds %struct.TYPE_2__, ptr %20, i32 0, i32 0\n  %22 = load ptr, ptr %21, align 8\n  %23 = getelementptr inbounds i64, ptr %22, i64 3\n  %24 = load i64, ptr %23, align 8\n  %25 = call i32 @inat_get_last_prefix_id(i64 noundef %24)\n  store i32 %25, ptr %2, align 4\n  br label %27\n",
        "optimized": "%14 = load ptr, ptr %3, align 8\n  %15 = load ptr, ptr %14, align 8\n  %16 = getelementptr inbounds i64, ptr %15, i64 3\n  %17 = load i64, ptr %16, align 8\n  %18 = call i32 @inat_get_last_prefix_id(i64 noundef %17) #2\n  store i32 %18, ptr %2, align 4\n  br label %20\n"
    },
    {
        "unoptimized": "store i32 0, ptr %2, align 4\n  br label %27\n",
        "optimized": "store i32 0, ptr %2, align 4\n  br label %20\n"
    },
    {
        "unoptimized": "%28 = load i32, ptr %2, align 4\n  ret i32 %28\n}",
        "optimized": "%21 = load i32, ptr %2, align 4\n  ret i32 %21\n}"
    }
]