[
    {
        "unoptimized": "%4 = alloca ptr, align 8\n  %5 = alloca i64, align 8\n  %6 = alloca ptr, align 8\n  %7 = alloca i64, align 8\n  store ptr %0, ptr %4, align 8\n  store i64 %1, ptr %5, align 8\n  store ptr %2, ptr %6, align 8\n  store i64 0, ptr %7, align 8\n  br label %8\n",
        "optimized": "%4 = alloca ptr, align 8\n  %5 = alloca i64, align 8\n  %6 = alloca i64, align 8\n  store ptr %0, ptr %4, align 8\n  store i64 %1, ptr %5, align 8\n  store i64 0, ptr %6, align 8\n  br label %7\n"
    },
    {
        "unoptimized": "%9 = load i64, ptr %7, align 8\n  %10 = load ptr, ptr %4, align 8\n  %11 = getelementptr inbounds %struct.TYPE_8__, ptr %10, i32 0, i32 0\n  %12 = getelementptr inbounds %struct.TYPE_7__, ptr %11, i32 0, i32 0\n  %13 = load i64, ptr %12, align 8\n  %14 = icmp ult i64 %9, %13\n  br i1 %14, label %15, label %34\n",
        "optimized": "%8 = load i64, ptr %6, align 8\n  %9 = load ptr, ptr %4, align 8\n  %10 = load i64, ptr %9, align 8\n  %11 = icmp ult i64 %8, %10\n  br i1 %11, label %12, label %29\n"
    },
    {
        "unoptimized": "%16 = load ptr, ptr %4, align 8\n  %17 = getelementptr inbounds %struct.TYPE_8__, ptr %16, i32 0, i32 0\n  %18 = getelementptr inbounds %struct.TYPE_7__, ptr %17, i32 0, i32 1\n  %19 = load ptr, ptr %18, align 8\n  %20 = load i64, ptr %7, align 8\n  %21 = getelementptr inbounds %struct.TYPE_6__, ptr %19, i64 %20\n  %22 = getelementptr inbounds %struct.TYPE_6__, ptr %21, i32 0, i32 0\n  %23 = load i64, ptr %22, align 8\n  %24 = load i64, ptr %5, align 8\n  %25 = icmp eq i64 %23, %24\n  br i1 %25, label %26, label %30\n",
        "optimized": "%13 = load ptr, ptr %4, align 8\n  %14 = getelementptr inbounds %struct.TYPE_7__, ptr %13, i64 0, i32 1\n  %15 = load ptr, ptr %14, align 8\n  %16 = load i64, ptr %6, align 8\n  %17 = getelementptr inbounds %struct.TYPE_6__, ptr %15, i64 %16\n  %18 = load i64, ptr %17, align 8\n  %19 = load i64, ptr %5, align 8\n  %20 = icmp eq i64 %18, %19\n  br i1 %20, label %21, label %25\n"
    },
    {
        "unoptimized": "%27 = load ptr, ptr %4, align 8\n  %28 = load i64, ptr %7, align 8\n  %29 = call i32 @evict_inflight_by_index(ptr noundef %27, i64 noundef %28)\n  br label %33\n",
        "optimized": "%22 = load ptr, ptr %4, align 8\n  %23 = load i64, ptr %6, align 8\n  %24 = call i32 @evict_inflight_by_index(ptr noundef %22, i64 noundef %23) #2\n  br label %28\n"
    },
    {
        "unoptimized": "%31 = load i64, ptr %7, align 8\n  %32 = add i64 %31, 1\n  store i64 %32, ptr %7, align 8\n  br label %33\n",
        "optimized": "%26 = load i64, ptr %6, align 8\n  %27 = add i64 %26, 1\n  store i64 %27, ptr %6, align 8\n  br label %28\n"
    },
    {
        "unoptimized": "br label %8, !llvm.loop !6\n",
        "optimized": "br label %7, !llvm.loop !6\n"
    },
    {
        "unoptimized": "ret i32 0\n}",
        "optimized": "ret i32 0\n}"
    }
]