[
    {
        "unoptimized": "%5 = alloca ptr, align 8\n  %6 = alloca ptr, align 8\n  %7 = alloca ptr, align 8\n  %8 = alloca ptr, align 8\n  %9 = alloca i64, align 8\n  %10 = alloca i64, align 8\n  store ptr %0, ptr %6, align 8\n  store ptr %1, ptr %7, align 8\n  store ptr %2, ptr %8, align 8\n  store i64 %3, ptr %9, align 8\n  store i64 0, ptr %10, align 8\n  br label %11\n",
        "optimized": "%5 = alloca ptr, align 8\n  %6 = alloca ptr, align 8\n  %7 = alloca ptr, align 8\n  %8 = alloca i64, align 8\n  %9 = alloca i64, align 8\n  store ptr %0, ptr %5, align 8\n  store ptr %1, ptr %6, align 8\n  store ptr %2, ptr %7, align 8\n  store i64 %3, ptr %8, align 8\n  br label %10\n"
    },
    {
        "unoptimized": "%12 = load i64, ptr %10, align 8\n  %13 = load i64, ptr %9, align 8\n  %14 = icmp ult i64 %12, %13\n  br i1 %14, label %15, label %65\n",
        "optimized": "%storemerge = phi i64 [ 0, %4 ], [ %54, %52 ]\n  store i64 %storemerge, ptr %9, align 8\n  %11 = load i64, ptr %8, align 8\n  %12 = icmp ult i64 %storemerge, %11\n  br i1 %12, label %13, label %55\n"
    },
    {
        "unoptimized": "%16 = load ptr, ptr %6, align 8\n  %17 = getelementptr inbounds i32, ptr %16, i32 1\n  store ptr %17, ptr %6, align 8\n  %18 = load ptr, ptr %7, align 8\n  %19 = icmp uge ptr %17, %18\n  br i1 %19, label %20, label %22\n",
        "optimized": "%14 = load ptr, ptr %5, align 8\n  %15 = getelementptr inbounds i32, ptr %14, i64 1\n  store ptr %15, ptr %5, align 8\n  %16 = load ptr, ptr %6, align 8\n  %.not = icmp ult ptr %15, %16\n  br i1 %.not, label %19, label %17\n"
    },
    {
        "unoptimized": "%21 = load ptr, ptr %6, align 8\n  store ptr %21, ptr %5, align 8\n  br label %67\n",
        "optimized": "%18 = load ptr, ptr %5, align 8\n  br label %57\n"
    },
    {
        "unoptimized": "%23 = load ptr, ptr %8, align 8\n  %24 = load i32, ptr %23, align 4\n  %25 = shl i32 %24, 1\n  %26 = load ptr, ptr %6, align 8\n  %27 = load i32, ptr %26, align 4\n  %28 = icmp ne i32 %27, 0\n  %29 = xor i1 %28, true\n  %30 = zext i1 %29 to i32\n  %31 = or i32 %25, %30\n  %32 = load ptr, ptr %8, align 8\n  store i32 %31, ptr %32, align 4\n  %33 = load ptr, ptr %6, align 8\n  %34 = load i32, ptr %33, align 4\n  %35 = icmp eq i32 %34, 3\n  br i1 %35, label %36, label %61\n",
        "optimized": "%20 = load ptr, ptr %7, align 8\n  %21 = load i32, ptr %20, align 4\n  %22 = shl i32 %21, 1\n  %23 = load ptr, ptr %5, align 8\n  %24 = load i32, ptr %23, align 4\n  %.not2 = icmp eq i32 %24, 0\n  %25 = zext i1 %.not2 to i32\n  %26 = or i32 %22, %25\n  %27 = load ptr, ptr %7, align 8\n  store i32 %26, ptr %27, align 4\n  %28 = load ptr, ptr %5, align 8\n  %29 = load i32, ptr %28, align 4\n  %30 = icmp eq i32 %29, 3\n  br i1 %30, label %31, label %51\n"
    },
    {
        "unoptimized": "%37 = load ptr, ptr %6, align 8\n  %38 = getelementptr inbounds i32, ptr %37, i64 1\n  %39 = load ptr, ptr %7, align 8\n  %40 = icmp ne ptr %38, %39\n  br i1 %40, label %41, label %61\n",
        "optimized": "%32 = load ptr, ptr %5, align 8\n  %33 = getelementptr inbounds i32, ptr %32, i64 1\n  %34 = load ptr, ptr %6, align 8\n  %.not3 = icmp eq ptr %33, %34\n  br i1 %.not3, label %51, label %35\n"
    },
    {
        "unoptimized": "%42 = load ptr, ptr %8, align 8\n  %43 = load i32, ptr %42, align 4\n  %44 = and i32 %43, 6\n  %45 = icmp eq i32 %44, 6\n  br i1 %45, label %46, label %60\n",
        "optimized": "%36 = load ptr, ptr %7, align 8\n  %37 = load i32, ptr %36, align 4\n  %38 = and i32 %37, 6\n  %39 = icmp eq i32 %38, 6\n  br i1 %39, label %40, label %50\n"
    },
    {
        "unoptimized": "%47 = load ptr, ptr %6, align 8\n  %48 = getelementptr inbounds i32, ptr %47, i32 1\n  store ptr %48, ptr %6, align 8\n  %49 = load ptr, ptr %8, align 8\n  %50 = load i32, ptr %49, align 4\n  %51 = lshr i32 %50, 1\n  %52 = shl i32 %51, 1\n  %53 = load ptr, ptr %6, align 8\n  %54 = load i32, ptr %53, align 4\n  %55 = icmp ne i32 %54, 0\n  %56 = xor i1 %55, true\n  %57 = zext i1 %56 to i32\n  %58 = or i32 %52, %57\n  %59 = load ptr, ptr %8, align 8\n  store i32 %58, ptr %59, align 4\n  br label %60\n",
        "optimized": "%41 = load ptr, ptr %5, align 8\n  %42 = getelementptr inbounds i32, ptr %41, i64 1\n  store ptr %42, ptr %5, align 8\n  %43 = load ptr, ptr %7, align 8\n  %44 = load i32, ptr %43, align 4\n  %45 = and i32 %44, -2\n  %46 = load i32, ptr %42, align 4\n  %.not4 = icmp eq i32 %46, 0\n  %47 = zext i1 %.not4 to i32\n  %48 = or i32 %45, %47\n  %49 = load ptr, ptr %7, align 8\n  store i32 %48, ptr %49, align 4\n  br label %50\n"
    },
    {
        "unoptimized": "br label %61\n",
        "optimized": "br label %51\n"
    },
    {
        "unoptimized": "br label %62\n",
        "optimized": "br label %52\n"
    },
    {
        "unoptimized": "%63 = load i64, ptr %10, align 8\n  %64 = add i64 %63, 1\n  store i64 %64, ptr %10, align 8\n  br label %11, !llvm.loop !6\n",
        "optimized": "%53 = load i64, ptr %9, align 8\n  %54 = add i64 %53, 1\n  br label %10, !llvm.loop !6\n"
    },
    {
        "unoptimized": "%66 = load ptr, ptr %6, align 8\n  store ptr %66, ptr %5, align 8\n  br label %67\n",
        "optimized": "%56 = load ptr, ptr %5, align 8\n  br label %57\n"
    },
    {
        "unoptimized": "%68 = load ptr, ptr %5, align 8\n  ret ptr %68\n}",
        "optimized": "%storemerge1 = phi ptr [ %56, %55 ], [ %18, %17 ]\n  ret ptr %storemerge1\n}"
    }
]