[
    {
        "unoptimized": "%1 = alloca i32, align 4\n  %2 = load i32, ptr @init_data_structures_once.rcu_head_initialized, align 4\n  %3 = call i64 @likely(i32 noundef %2)\n  %4 = icmp ne i64 %3, 0\n  br i1 %4, label %5, label %6\n",
        "optimized": "%1 = alloca i32, align 4\n  %2 = load i32, ptr @init_data_structures_once.rcu_head_initialized, align 4\n  %3 = call i64 @likely(i32 noundef %2) #2\n  %.not = icmp eq i64 %3, 0\n  br i1 %.not, label %5, label %4\n"
    },
    {
        "unoptimized": "br label %52\n",
        "optimized": "br label %41\n"
    },
    {
        "unoptimized": "%7 = load i64, ptr @system_state, align 8\n  %8 = load i64, ptr @SYSTEM_SCHEDULING, align 8\n  %9 = icmp sge i64 %7, %8\n  br i1 %9, label %10, label %12\n",
        "optimized": "%6 = load i64, ptr @system_state, align 8\n  %7 = load i64, ptr @SYSTEM_SCHEDULING, align 8\n  %.not1 = icmp slt i64 %6, %7\n  br i1 %.not1, label %10, label %8\n"
    },
    {
        "unoptimized": "%11 = call i32 @init_rcu_head(ptr noundef getelementptr inbounds (%struct.TYPE_7__, ptr @delayed_free, i32 0, i32 1))\n  store i32 1, ptr @init_data_structures_once.rcu_head_initialized, align 4\n  br label %12\n",
        "optimized": "%9 = call i32 @init_rcu_head(ptr noundef nonnull getelementptr inbounds (%struct.TYPE_7__, ptr @delayed_free, i64 0, i32 1)) #2\n  store i32 1, ptr @init_data_structures_once.rcu_head_initialized, align 4\n  br label %10\n"
    },
    {
        "unoptimized": "%13 = load i32, ptr @init_data_structures_once.ds_initialized, align 4\n  %14 = icmp ne i32 %13, 0\n  br i1 %14, label %15, label %16\n",
        "optimized": "%11 = load i32, ptr @init_data_structures_once.ds_initialized, align 4\n  %.not2 = icmp eq i32 %11, 0\n  br i1 %.not2, label %13, label %12\n"
    },
    {
        "unoptimized": "br label %52\n",
        "optimized": "br label %41\n"
    },
    {
        "unoptimized": "store i32 1, ptr @init_data_structures_once.ds_initialized, align 4\n  %17 = load ptr, ptr @delayed_free, align 8\n  %18 = getelementptr inbounds %struct.TYPE_5__, ptr %17, i64 0\n  %19 = getelementptr inbounds %struct.TYPE_5__, ptr %18, i32 0, i32 0\n  %20 = call i32 @INIT_LIST_HEAD(ptr noundef %19)\n  %21 = load ptr, ptr @delayed_free, align 8\n  %22 = getelementptr inbounds %struct.TYPE_5__, ptr %21, i64 1\n  %23 = getelementptr inbounds %struct.TYPE_5__, ptr %22, i32 0, i32 0\n  %24 = call i32 @INIT_LIST_HEAD(ptr noundef %23)\n  store i32 0, ptr %1, align 4\n  br label %25\n",
        "optimized": "store i32 1, ptr @init_data_structures_once.ds_initialized, align 4\n  %14 = load ptr, ptr @delayed_free, align 8\n  %15 = call i32 @INIT_LIST_HEAD(ptr noundef %14) #2\n  %16 = load ptr, ptr @delayed_free, align 8\n  %17 = getelementptr inbounds %struct.TYPE_5__, ptr %16, i64 1\n  %18 = call i32 @INIT_LIST_HEAD(ptr noundef nonnull %17) #2\n  br label %19\n"
    },
    {
        "unoptimized": "%26 = load i32, ptr %1, align 4\n  %27 = load ptr, ptr @lock_classes, align 8\n  %28 = call i32 @ARRAY_SIZE(ptr noundef %27)\n  %29 = icmp slt i32 %26, %28\n  br i1 %29, label %30, label %52\n",
        "optimized": "%storemerge = phi i32 [ 0, %13 ], [ %40, %38 ]\n  store i32 %storemerge, ptr %1, align 4\n  %20 = load ptr, ptr @lock_classes, align 8\n  %21 = call i32 @ARRAY_SIZE(ptr noundef %20) #2\n  %22 = icmp slt i32 %storemerge, %21\n  br i1 %22, label %23, label %41\n"
    },
    {
        "unoptimized": "%31 = load ptr, ptr @lock_classes, align 8\n  %32 = load i32, ptr %1, align 4\n  %33 = sext i32 %32 to i64\n  %34 = getelementptr inbounds %struct.TYPE_6__, ptr %31, i64 %33\n  %35 = getelementptr inbounds %struct.TYPE_6__, ptr %34, i32 0, i32 2\n  %36 = call i32 @list_add_tail(ptr noundef %35, ptr noundef @free_lock_classes)\n  %37 = load ptr, ptr @lock_classes, align 8\n  %38 = load i32, ptr %1, align 4\n  %39 = sext i32 %38 to i64\n  %40 = getelementptr inbounds %struct.TYPE_6__, ptr %37, i64 %39\n  %41 = getelementptr inbounds %struct.TYPE_6__, ptr %40, i32 0, i32 1\n  %42 = call i32 @INIT_LIST_HEAD(ptr noundef %41)\n  %43 = load ptr, ptr @lock_classes, align 8\n  %44 = load i32, ptr %1, align 4\n  %45 = sext i32 %44 to i64\n  %46 = getelementptr inbounds %struct.TYPE_6__, ptr %43, i64 %45\n  %47 = getelementptr inbounds %struct.TYPE_6__, ptr %46, i32 0, i32 0\n  %48 = call i32 @INIT_LIST_HEAD(ptr noundef %47)\n  br label %49\n",
        "optimized": "%24 = load ptr, ptr @lock_classes, align 8\n  %25 = load i32, ptr %1, align 4\n  %26 = sext i32 %25 to i64\n  %27 = getelementptr inbounds %struct.TYPE_6__, ptr %24, i64 %26, i32 2\n  %28 = call i32 @list_add_tail(ptr noundef nonnull %27, ptr noundef nonnull @free_lock_classes) #2\n  %29 = load ptr, ptr @lock_classes, align 8\n  %30 = sext i32 %25 to i64\n  %31 = getelementptr inbounds %struct.TYPE_6__, ptr %29, i64 %30, i32 1\n  %32 = call i32 @INIT_LIST_HEAD(ptr noundef nonnull %31) #2\n  %33 = load ptr, ptr @lock_classes, align 8\n  %34 = load i32, ptr %1, align 4\n  %35 = sext i32 %34 to i64\n  %36 = getelementptr inbounds %struct.TYPE_6__, ptr %33, i64 %35\n  %37 = call i32 @INIT_LIST_HEAD(ptr noundef %36) #2\n  br label %38\n"
    },
    {
        "unoptimized": "%50 = load i32, ptr %1, align 4\n  %51 = add nsw i32 %50, 1\n  store i32 %51, ptr %1, align 4\n  br label %25, !llvm.loop !6\n",
        "optimized": "%39 = load i32, ptr %1, align 4\n  %40 = add nsw i32 %39, 1\n  br label %19, !llvm.loop !6\n"
    },
    {
        "unoptimized": "ret void\n}",
        "optimized": "ret void\n}"
    }
]