[
    {
        "unoptimized": "%7 = alloca ptr, align 8\n  %8 = alloca ptr, align 8\n  %9 = alloca i64, align 8\n  %10 = alloca ptr, align 8\n  %11 = alloca ptr, align 8\n  %12 = alloca i32, align 4\n  %13 = alloca ptr, align 8\n  %14 = alloca i64, align 8\n  store ptr %0, ptr %8, align 8\n  store i64 %1, ptr %9, align 8\n  store ptr %2, ptr %10, align 8\n  store ptr %3, ptr %11, align 8\n  store i32 %4, ptr %12, align 4\n  store ptr %5, ptr %13, align 8\n  %15 = load ptr, ptr %10, align 8\n  %16 = load ptr, ptr %11, align 8\n  %17 = load i32, ptr %12, align 4\n  %18 = call i64 @decode_int(ptr noundef %14, ptr noundef %15, ptr noundef %16, i32 noundef %17)\n  %19 = icmp ne i64 %18, 0\n  br i1 %19, label %24, label %20\n",
        "optimized": "%7 = alloca ptr, align 8\n  %8 = alloca i64, align 8\n  %9 = alloca ptr, align 8\n  %10 = alloca i64, align 8\n  store ptr %0, ptr %7, align 8\n  store i64 %1, ptr %8, align 8\n  store ptr %5, ptr %9, align 8\n  %11 = call i64 @decode_int(ptr noundef nonnull %10, ptr noundef %2, ptr noundef %3, i32 noundef %4) #2\n  %.not = icmp eq i64 %11, 0\n  br i1 %.not, label %12, label %15\n"
    },
    {
        "unoptimized": "%21 = load i64, ptr %14, align 8\n  %22 = load i64, ptr %9, align 8\n  %23 = icmp sge i64 %21, %22\n  br i1 %23, label %24, label %27\n",
        "optimized": "%13 = load i64, ptr %10, align 8\n  %14 = load i64, ptr %8, align 8\n  %.not1 = icmp slt i64 %13, %14\n  br i1 %.not1, label %18, label %15\n"
    },
    {
        "unoptimized": "%25 = load ptr, ptr @h2o_qpack_err_invalid_dynamic_reference, align 8\n  %26 = load ptr, ptr %13, align 8\n  store ptr %25, ptr %26, align 8\n  store ptr null, ptr %7, align 8\n  br label %34\n",
        "optimized": "%16 = load ptr, ptr @h2o_qpack_err_invalid_dynamic_reference, align 8\n  %17 = load ptr, ptr %9, align 8\n  store ptr %16, ptr %17, align 8\n  br label %25\n"
    },
    {
        "unoptimized": "%28 = load ptr, ptr %8, align 8\n  %29 = load i64, ptr %9, align 8\n  %30 = load i64, ptr %14, align 8\n  %31 = sub nsw i64 %29, %30\n  %32 = load ptr, ptr %13, align 8\n  %33 = call ptr @resolve_dynamic_abs(ptr noundef %28, i64 noundef %31, ptr noundef %32)\n  store ptr %33, ptr %7, align 8\n  br label %34\n",
        "optimized": "%19 = load ptr, ptr %7, align 8\n  %20 = load i64, ptr %8, align 8\n  %21 = load i64, ptr %10, align 8\n  %22 = sub nsw i64 %20, %21\n  %23 = load ptr, ptr %9, align 8\n  %24 = call ptr @resolve_dynamic_abs(ptr noundef %19, i64 noundef %22, ptr noundef %23) #2\n  br label %25\n"
    },
    {
        "unoptimized": "%35 = load ptr, ptr %7, align 8\n  ret ptr %35\n}",
        "optimized": "%storemerge = phi ptr [ %24, %18 ], [ null, %15 ]\n  ret ptr %storemerge\n}"
    }
]