[
    {
        "unoptimized": "%5 = alloca i32, align 4\n  %6 = alloca ptr, align 8\n  %7 = alloca i64, align 8\n  %8 = alloca ptr, align 8\n  %9 = alloca i32, align 4\n  %10 = alloca i32, align 4\n  store ptr %0, ptr %6, align 8\n  store i64 %1, ptr %7, align 8\n  store ptr %2, ptr %8, align 8\n  store i32 %3, ptr %9, align 4\n  %11 = load ptr, ptr %6, align 8\n  %12 = load i64, ptr %7, align 8\n  %13 = load ptr, ptr %8, align 8\n  %14 = load i32, ptr %9, align 4\n  %15 = call i32 @vsnprintf(ptr noundef %11, i64 noundef %12, ptr noundef %13, i32 noundef %14)\n  store i32 %15, ptr %10, align 4\n  %16 = load i32, ptr %10, align 4\n  %17 = sext i32 %16 to i64\n  %18 = load i64, ptr %7, align 8\n  %19 = icmp ult i64 %17, %18\n  %20 = zext i1 %19 to i32\n  %21 = call i64 @likely(i32 noundef %20)\n  %22 = icmp ne i64 %21, 0\n  br i1 %22, label %23, label %25\n",
        "optimized": "%5 = alloca i32, align 4\n  %6 = alloca i64, align 8\n  %7 = alloca i32, align 4\n  store i64 %1, ptr %6, align 8\n  %8 = call i32 @vsnprintf(ptr noundef %0, i64 noundef %1, ptr noundef %2, i32 noundef %3) #2\n  store i32 %8, ptr %7, align 4\n  %9 = sext i32 %8 to i64\n  %10 = icmp ult i64 %9, %1\n  %11 = zext i1 %10 to i32\n  %12 = call i64 @likely(i32 noundef %11) #2\n  %.not = icmp eq i64 %12, 0\n  br i1 %.not, label %15, label %13\n"
    },
    {
        "unoptimized": "%24 = load i32, ptr %10, align 4\n  store i32 %24, ptr %5, align 4\n  br label %33\n",
        "optimized": "%14 = load i32, ptr %7, align 4\n  store i32 %14, ptr %5, align 4\n  br label %22\n"
    },
    {
        "unoptimized": "%26 = load i64, ptr %7, align 8\n  %27 = icmp ne i64 %26, 0\n  br i1 %27, label %28, label %32\n",
        "optimized": "%16 = load i64, ptr %6, align 8\n  %.not1 = icmp eq i64 %16, 0\n  br i1 %.not1, label %21, label %17\n"
    },
    {
        "unoptimized": "%29 = load i64, ptr %7, align 8\n  %30 = sub i64 %29, 1\n  %31 = trunc i64 %30 to i32\n  store i32 %31, ptr %5, align 4\n  br label %33\n",
        "optimized": "%18 = load i64, ptr %6, align 8\n  %19 = trunc i64 %18 to i32\n  %20 = add i32 %19, -1\n  store i32 %20, ptr %5, align 4\n  br label %22\n"
    },
    {
        "unoptimized": "store i32 0, ptr %5, align 4\n  br label %33\n",
        "optimized": "store i32 0, ptr %5, align 4\n  br label %22\n"
    },
    {
        "unoptimized": "%34 = load i32, ptr %5, align 4\n  ret i32 %34\n}",
        "optimized": "%23 = load i32, ptr %5, align 4\n  ret i32 %23\n}"
    }
]