[
    {
        "unoptimized": "%3 = alloca ptr, align 8\n  %4 = alloca ptr, align 8\n  %5 = alloca ptr, align 8\n  %6 = alloca %struct.TYPE_9__, align 4\n  store ptr %0, ptr %3, align 8\n  store ptr %1, ptr %4, align 8\n  %7 = load ptr, ptr %3, align 8\n  store ptr %7, ptr %5, align 8\n  %8 = load ptr, ptr %4, align 8\n  %9 = load ptr, ptr %5, align 8\n  %10 = getelementptr inbounds %struct.TYPE_8__, ptr %9, i32 0, i32 2\n  %11 = getelementptr inbounds %struct.TYPE_7__, ptr %10, i32 0, i32 1\n  %12 = load i32, ptr %11, align 4\n  %13 = load ptr, ptr %5, align 8\n  %14 = getelementptr inbounds %struct.TYPE_8__, ptr %13, i32 0, i32 2\n  %15 = getelementptr inbounds %struct.TYPE_7__, ptr %14, i32 0, i32 0\n  %16 = load i32, ptr %15, align 8\n  %17 = call i64 @h2o_build_destination(ptr noundef %8, i32 noundef %12, i32 noundef %16, i32 noundef 1)\n  store i64 %17, ptr %6, align 4\n  %18 = load ptr, ptr %5, align 8\n  %19 = getelementptr inbounds %struct.TYPE_8__, ptr %18, i32 0, i32 1\n  %20 = load i64, ptr %19, align 8\n  %21 = icmp ne i64 %20, 0\n  br i1 %21, label %22, label %27\n",
        "optimized": "%3 = alloca ptr, align 8\n  %4 = alloca ptr, align 8\n  %5 = alloca %struct.TYPE_9__, align 8\n  store ptr %1, ptr %3, align 8\n  store ptr %0, ptr %4, align 8\n  %6 = getelementptr inbounds %struct.TYPE_8__, ptr %0, i64 0, i32 2, i32 1\n  %7 = load i32, ptr %6, align 4\n  %8 = getelementptr inbounds %struct.TYPE_8__, ptr %0, i64 0, i32 2\n  %9 = load i32, ptr %8, align 8\n  %10 = call i64 @h2o_build_destination(ptr noundef %1, i32 noundef %7, i32 noundef %9, i32 noundef 1) #2\n  store i64 %10, ptr %5, align 8\n  %11 = load ptr, ptr %4, align 8\n  %12 = getelementptr inbounds %struct.TYPE_8__, ptr %11, i64 0, i32 1\n  %13 = load i64, ptr %12, align 8\n  %.not = icmp eq i64 %13, 0\n  br i1 %.not, label %19, label %14\n"
    },
    {
        "unoptimized": "%23 = load ptr, ptr %5, align 8\n  %24 = load ptr, ptr %4, align 8\n  %25 = load i64, ptr %6, align 4\n  %26 = call i32 @redirect_internally(ptr noundef %23, ptr noundef %24, i64 %25)\n  br label %37\n",
        "optimized": "%15 = load ptr, ptr %4, align 8\n  %16 = load ptr, ptr %3, align 8\n  %17 = load i64, ptr %5, align 8\n  %18 = call i32 @redirect_internally(ptr noundef %15, ptr noundef %16, i64 %17) #2\n  br label %27\n"
    },
    {
        "unoptimized": "%28 = load ptr, ptr %4, align 8\n  %29 = load ptr, ptr %5, align 8\n  %30 = getelementptr inbounds %struct.TYPE_8__, ptr %29, i32 0, i32 0\n  %31 = load i32, ptr %30, align 8\n  %32 = getelementptr inbounds %struct.TYPE_9__, ptr %6, i32 0, i32 1\n  %33 = load i32, ptr %32, align 4\n  %34 = getelementptr inbounds %struct.TYPE_9__, ptr %6, i32 0, i32 0\n  %35 = load i32, ptr %34, align 4\n  %36 = call i32 @h2o_send_redirect(ptr noundef %28, i32 noundef %31, ptr noundef @.str, i32 noundef %33, i32 noundef %35)\n  br label %37\n",
        "optimized": "%20 = load ptr, ptr %3, align 8\n  %21 = load ptr, ptr %4, align 8\n  %22 = load i32, ptr %21, align 8\n  %23 = getelementptr inbounds %struct.TYPE_9__, ptr %5, i64 0, i32 1\n  %24 = load i32, ptr %23, align 4\n  %25 = load i32, ptr %5, align 8\n  %26 = call i32 @h2o_send_redirect(ptr noundef %20, i32 noundef %22, ptr noundef nonnull @.str, i32 noundef %24, i32 noundef %25) #2\n  br label %27\n"
    },
    {
        "unoptimized": "ret i32 0\n}",
        "optimized": "ret i32 0\n}"
    }
]