[
    {
        "unoptimized": "%4 = alloca i32, align 4\n  %5 = alloca i64, align 8\n  %6 = alloca i32, align 4\n  %7 = alloca i32, align 4\n  %8 = alloca ptr, align 8\n  %9 = alloca i32, align 4\n  store i64 %0, ptr %5, align 8\n  store i32 %1, ptr %6, align 4\n  store i32 %2, ptr %7, align 4\n  %10 = load i32, ptr %7, align 4\n  %11 = call i32 @inat_escape_id(i32 noundef %10)\n  store i32 %11, ptr %9, align 4\n  %12 = load ptr, ptr @inat_escape_tables, align 8\n  %13 = load i32, ptr %9, align 4\n  %14 = sext i32 %13 to i64\n  %15 = getelementptr inbounds ptr, ptr %12, i64 %14\n  %16 = load ptr, ptr %15, align 8\n  %17 = getelementptr inbounds ptr, ptr %16, i64 0\n  %18 = load ptr, ptr %17, align 8\n  store ptr %18, ptr %8, align 8\n  %19 = load ptr, ptr %8, align 8\n  %20 = icmp ne ptr %19, null\n  br i1 %20, label %22, label %21\n",
        "optimized": "%4 = alloca i32, align 4\n  %5 = alloca i64, align 8\n  %6 = alloca i32, align 4\n  %7 = alloca ptr, align 8\n  %8 = alloca i32, align 4\n  store i64 %0, ptr %5, align 8\n  store i32 %1, ptr %6, align 4\n  %9 = call i32 @inat_escape_id(i32 noundef %2) #2\n  store i32 %9, ptr %8, align 4\n  %10 = load ptr, ptr @inat_escape_tables, align 8\n  %11 = sext i32 %9 to i64\n  %12 = getelementptr inbounds ptr, ptr %10, i64 %11\n  %13 = load ptr, ptr %12, align 8\n  %14 = load ptr, ptr %13, align 8\n  store ptr %14, ptr %7, align 8\n  %.not = icmp eq ptr %14, null\n  br i1 %.not, label %15, label %16\n"
    },
    {
        "unoptimized": "store i32 0, ptr %4, align 4\n  br label %51\n",
        "optimized": "store i32 0, ptr %4, align 4\n  br label %41\n"
    },
    {
        "unoptimized": "%23 = load ptr, ptr %8, align 8\n  %24 = load i64, ptr %5, align 8\n  %25 = getelementptr inbounds i32, ptr %23, i64 %24\n  %26 = load i32, ptr %25, align 4\n  %27 = call i64 @inat_has_variant(i32 noundef %26)\n  %28 = icmp ne i64 %27, 0\n  br i1 %28, label %29, label %46\n",
        "optimized": "%17 = load ptr, ptr %7, align 8\n  %18 = load i64, ptr %5, align 8\n  %19 = getelementptr inbounds i32, ptr %17, i64 %18\n  %20 = load i32, ptr %19, align 4\n  %21 = call i64 @inat_has_variant(i32 noundef %20) #2\n  %.not1 = icmp eq i64 %21, 0\n  br i1 %.not1, label %36, label %22\n"
    },
    {
        "unoptimized": "%30 = load i32, ptr %6, align 4\n  %31 = icmp ne i32 %30, 0\n  br i1 %31, label %32, label %46\n",
        "optimized": "%23 = load i32, ptr %6, align 4\n  %.not2 = icmp eq i32 %23, 0\n  br i1 %.not2, label %36, label %24\n"
    },
    {
        "unoptimized": "%33 = load ptr, ptr @inat_escape_tables, align 8\n  %34 = load i32, ptr %9, align 4\n  %35 = sext i32 %34 to i64\n  %36 = getelementptr inbounds ptr, ptr %33, i64 %35\n  %37 = load ptr, ptr %36, align 8\n  %38 = load i32, ptr %6, align 4\n  %39 = sext i32 %38 to i64\n  %40 = getelementptr inbounds ptr, ptr %37, i64 %39\n  %41 = load ptr, ptr %40, align 8\n  store ptr %41, ptr %8, align 8\n  %42 = load ptr, ptr %8, align 8\n  %43 = icmp ne ptr %42, null\n  br i1 %43, label %45, label %44\n",
        "optimized": "%25 = load ptr, ptr @inat_escape_tables, align 8\n  %26 = load i32, ptr %8, align 4\n  %27 = sext i32 %26 to i64\n  %28 = getelementptr inbounds ptr, ptr %25, i64 %27\n  %29 = load ptr, ptr %28, align 8\n  %30 = load i32, ptr %6, align 4\n  %31 = sext i32 %30 to i64\n  %32 = getelementptr inbounds ptr, ptr %29, i64 %31\n  %33 = load ptr, ptr %32, align 8\n  store ptr %33, ptr %7, align 8\n  %.not3 = icmp eq ptr %33, null\n  br i1 %.not3, label %34, label %35\n"
    },
    {
        "unoptimized": "store i32 0, ptr %4, align 4\n  br label %51\n",
        "optimized": "store i32 0, ptr %4, align 4\n  br label %41\n"
    },
    {
        "unoptimized": "br label %46\n",
        "optimized": "br label %36\n"
    },
    {
        "unoptimized": "%47 = load ptr, ptr %8, align 8\n  %48 = load i64, ptr %5, align 8\n  %49 = getelementptr inbounds i32, ptr %47, i64 %48\n  %50 = load i32, ptr %49, align 4\n  store i32 %50, ptr %4, align 4\n  br label %51\n",
        "optimized": "%37 = load ptr, ptr %7, align 8\n  %38 = load i64, ptr %5, align 8\n  %39 = getelementptr inbounds i32, ptr %37, i64 %38\n  %40 = load i32, ptr %39, align 4\n  store i32 %40, ptr %4, align 4\n  br label %41\n"
    },
    {
        "unoptimized": "%52 = load i32, ptr %4, align 4\n  ret i32 %52\n}",
        "optimized": "%42 = load i32, ptr %4, align 4\n  ret i32 %42\n}"
    }
]