[
    {
        "unoptimized": "%4 = alloca i32, align 4\n  %5 = alloca ptr, align 8\n  %6 = alloca i32, align 4\n  %7 = alloca ptr, align 8\n  %8 = alloca ptr, align 8\n  %9 = alloca i64, align 8\n  %10 = alloca i64, align 8\n  store ptr %0, ptr %5, align 8\n  store i32 %1, ptr %6, align 4\n  store ptr %2, ptr %7, align 8\n  %11 = load ptr, ptr %7, align 8\n  store i64 0, ptr %11, align 8\n  %12 = load ptr, ptr %5, align 8\n  %13 = call i64 @strlen(ptr noundef %12)\n  store i64 %13, ptr %10, align 8\n  %14 = load i64, ptr %10, align 8\n  %15 = icmp eq i64 %14, 0\n  br i1 %15, label %16, label %19\n",
        "optimized": "%4 = alloca i32, align 4\n  %5 = alloca ptr, align 8\n  %6 = alloca i32, align 4\n  %7 = alloca ptr, align 8\n  %8 = alloca ptr, align 8\n  %9 = alloca i64, align 8\n  %10 = alloca i64, align 8\n  store ptr %0, ptr %5, align 8\n  store i32 %1, ptr %6, align 4\n  store ptr %2, ptr %7, align 8\n  store i64 0, ptr %2, align 8\n  %11 = call i64 @strlen(ptr noundef nonnull dereferenceable(1) %0) #2\n  store i64 %11, ptr %10, align 8\n  %12 = icmp eq i64 %11, 0\n  br i1 %12, label %13, label %16\n"
    },
    {
        "unoptimized": "%17 = load i32, ptr @EINVAL, align 4\n  %18 = sub nsw i32 0, %17\n  store i32 %18, ptr %4, align 4\n  br label %54\n",
        "optimized": "%14 = load i32, ptr @EINVAL, align 4\n  %15 = sub nsw i32 0, %14\n  store i32 %15, ptr %4, align 4\n  br label %48\n"
    },
    {
        "unoptimized": "%20 = load ptr, ptr %5, align 8\n  %21 = load i32, ptr %6, align 4\n  %22 = call i64 @simple_strtoul(ptr noundef %20, ptr noundef %8, i32 noundef %21)\n  store i64 %22, ptr %9, align 8\n  %23 = load ptr, ptr %8, align 8\n  %24 = load ptr, ptr %5, align 8\n  %25 = icmp eq ptr %23, %24\n  br i1 %25, label %26, label %29\n",
        "optimized": "%17 = load ptr, ptr %5, align 8\n  %18 = load i32, ptr %6, align 4\n  %19 = call i64 @simple_strtoul(ptr noundef %17, ptr noundef nonnull %8, i32 noundef %18) #2\n  store i64 %19, ptr %9, align 8\n  %20 = load ptr, ptr %8, align 8\n  %21 = icmp eq ptr %20, %17\n  br i1 %21, label %22, label %25\n"
    },
    {
        "unoptimized": "%27 = load i32, ptr @EINVAL, align 4\n  %28 = sub nsw i32 0, %27\n  store i32 %28, ptr %4, align 4\n  br label %54\n",
        "optimized": "%23 = load i32, ptr @EINVAL, align 4\n  %24 = sub nsw i32 0, %23\n  store i32 %24, ptr %4, align 4\n  br label %48\n"
    },
    {
        "unoptimized": "%30 = load ptr, ptr %8, align 8\n  %31 = load i8, ptr %30, align 1\n  %32 = sext i8 %31 to i32\n  %33 = icmp eq i32 %32, 0\n  br i1 %33, label %48, label %34\n",
        "optimized": "%26 = load ptr, ptr %8, align 8\n  %27 = load i8, ptr %26, align 1\n  %28 = icmp eq i8 %27, 0\n  br i1 %28, label %42, label %29\n"
    },
    {
        "unoptimized": "%35 = load i64, ptr %10, align 8\n  %36 = load ptr, ptr %8, align 8\n  %37 = load ptr, ptr %5, align 8\n  %38 = ptrtoint ptr %36 to i64\n  %39 = ptrtoint ptr %37 to i64\n  %40 = sub i64 %38, %39\n  %41 = add i64 %40, 1\n  %42 = icmp eq i64 %35, %41\n  br i1 %42, label %43, label %51\n",
        "optimized": "%30 = load i64, ptr %10, align 8\n  %31 = load ptr, ptr %8, align 8\n  %32 = load ptr, ptr %5, align 8\n  %33 = ptrtoint ptr %31 to i64\n  %34 = ptrtoint ptr %32 to i64\n  %35 = sub i64 %33, %34\n  %36 = add i64 %35, 1\n  %37 = icmp eq i64 %30, %36\n  br i1 %37, label %38, label %45\n"
    },
    {
        "unoptimized": "%44 = load ptr, ptr %8, align 8\n  %45 = load i8, ptr %44, align 1\n  %46 = sext i8 %45 to i32\n  %47 = icmp eq i32 %46, 10\n  br i1 %47, label %48, label %51\n",
        "optimized": "%39 = load ptr, ptr %8, align 8\n  %40 = load i8, ptr %39, align 1\n  %41 = icmp eq i8 %40, 10\n  br i1 %41, label %42, label %45\n"
    },
    {
        "unoptimized": "%49 = load i64, ptr %9, align 8\n  %50 = load ptr, ptr %7, align 8\n  store i64 %49, ptr %50, align 8\n  store i32 0, ptr %4, align 4\n  br label %54\n",
        "optimized": "%43 = load i64, ptr %9, align 8\n  %44 = load ptr, ptr %7, align 8\n  store i64 %43, ptr %44, align 8\n  store i32 0, ptr %4, align 4\n  br label %48\n"
    },
    {
        "unoptimized": "%52 = load i32, ptr @EINVAL, align 4\n  %53 = sub nsw i32 0, %52\n  store i32 %53, ptr %4, align 4\n  br label %54\n",
        "optimized": "%46 = load i32, ptr @EINVAL, align 4\n  %47 = sub nsw i32 0, %46\n  store i32 %47, ptr %4, align 4\n  br label %48\n"
    },
    {
        "unoptimized": "%55 = load i32, ptr %4, align 4\n  ret i32 %55\n}",
        "optimized": "%49 = load i32, ptr %4, align 4\n  ret i32 %49\n}"
    }
]