[
    {
        "unoptimized": "%2 = alloca ptr, align 8\n  %3 = alloca i32, align 4\n  store ptr %0, ptr %2, align 8\n  store i32 0, ptr %3, align 4\n  %4 = call i32 @pthread_mutex_lock(ptr noundef @queue)\n  %5 = load ptr, ptr %2, align 8\n  %6 = getelementptr inbounds %struct.TYPE_5__, ptr %5, i32 0, i32 1\n  %7 = call i64 @h2o_linklist_is_linked(ptr noundef %6)\n  %8 = icmp ne i64 %7, 0\n  br i1 %8, label %9, label %13\n",
        "optimized": "%2 = alloca ptr, align 8\n  %3 = alloca i32, align 4\n  store ptr %0, ptr %2, align 8\n  store i32 0, ptr %3, align 4\n  %4 = call i32 @pthread_mutex_lock(ptr noundef nonnull @queue) #2\n  %5 = getelementptr inbounds %struct.TYPE_5__, ptr %0, i64 0, i32 1\n  %6 = call i64 @h2o_linklist_is_linked(ptr noundef nonnull %5) #2\n  %.not = icmp eq i64 %6, 0\n  br i1 %.not, label %11, label %7\n"
    },
    {
        "unoptimized": "%10 = load ptr, ptr %2, align 8\n  %11 = getelementptr inbounds %struct.TYPE_5__, ptr %10, i32 0, i32 1\n  %12 = call i32 @h2o_linklist_unlink(ptr noundef %11)\n  store i32 1, ptr %3, align 4\n  br label %16\n",
        "optimized": "%8 = load ptr, ptr %2, align 8\n  %9 = getelementptr inbounds %struct.TYPE_5__, ptr %8, i64 0, i32 1\n  %10 = call i32 @h2o_linklist_unlink(ptr noundef nonnull %9) #2\n  store i32 1, ptr %3, align 4\n  br label %13\n"
    },
    {
        "unoptimized": "%14 = load ptr, ptr %2, align 8\n  %15 = getelementptr inbounds %struct.TYPE_5__, ptr %14, i32 0, i32 0\n  store ptr null, ptr %15, align 8\n  br label %16\n",
        "optimized": "%12 = load ptr, ptr %2, align 8\n  store ptr null, ptr %12, align 8\n  br label %13\n"
    },
    {
        "unoptimized": "%17 = call i32 @pthread_mutex_unlock(ptr noundef @queue)\n  %18 = load i32, ptr %3, align 4\n  %19 = icmp ne i32 %18, 0\n  br i1 %19, label %20, label %23\n",
        "optimized": "%14 = call i32 @pthread_mutex_unlock(ptr noundef nonnull @queue) #2\n  %15 = load i32, ptr %3, align 4\n  %.not1 = icmp eq i32 %15, 0\n  br i1 %.not1, label %19, label %16\n"
    },
    {
        "unoptimized": "%21 = load ptr, ptr %2, align 8\n  %22 = call i32 @free(ptr noundef %21)\n  br label %23\n",
        "optimized": "%17 = load ptr, ptr %2, align 8\n  %18 = call i32 @free(ptr noundef %17) #2\n  br label %19\n"
    },
    {
        "unoptimized": "ret void\n}",
        "optimized": "ret void\n}"
    }
]