[
    {
        "unoptimized": "%3 = alloca ptr, align 8\n  %4 = alloca i64, align 8\n  store ptr %0, ptr %3, align 8\n  store i64 %1, ptr %4, align 8\n  br label %5\n",
        "optimized": "%3 = alloca ptr, align 8\n  %4 = alloca i64, align 8\n  store ptr %0, ptr %3, align 8\n  store i64 %1, ptr %4, align 8\n  br label %5\n"
    },
    {
        "unoptimized": "%6 = load ptr, ptr %3, align 8\n  %7 = getelementptr inbounds %struct.st_h2o_qpack_header_table_t, ptr %6, i32 0, i32 3\n  %8 = load ptr, ptr %7, align 8\n  %9 = load ptr, ptr %3, align 8\n  %10 = getelementptr inbounds %struct.st_h2o_qpack_header_table_t, ptr %9, i32 0, i32 4\n  %11 = load ptr, ptr %10, align 8\n  %12 = icmp ne ptr %8, %11\n  br i1 %12, label %13, label %59\n",
        "optimized": "%6 = load ptr, ptr %3, align 8\n  %7 = getelementptr inbounds %struct.st_h2o_qpack_header_table_t, ptr %6, i64 0, i32 3\n  %8 = load ptr, ptr %7, align 8\n  %9 = getelementptr inbounds %struct.st_h2o_qpack_header_table_t, ptr %6, i64 0, i32 4\n  %10 = load ptr, ptr %9, align 8\n  %.not = icmp eq ptr %8, %10\n  br i1 %.not, label %49, label %11\n"
    },
    {
        "unoptimized": "%14 = load ptr, ptr %3, align 8\n  %15 = getelementptr inbounds %struct.st_h2o_qpack_header_table_t, ptr %14, i32 0, i32 0\n  %16 = load i64, ptr %15, align 8\n  %17 = load i64, ptr %4, align 8\n  %18 = add i64 %16, %17\n  %19 = load ptr, ptr %3, align 8\n  %20 = getelementptr inbounds %struct.st_h2o_qpack_header_table_t, ptr %19, i32 0, i32 1\n  %21 = load i64, ptr %20, align 8\n  %22 = icmp ule i64 %18, %21\n  br i1 %22, label %23, label %24\n",
        "optimized": "%12 = load ptr, ptr %3, align 8\n  %13 = load i64, ptr %12, align 8\n  %14 = load i64, ptr %4, align 8\n  %15 = add i64 %13, %14\n  %16 = getelementptr inbounds %struct.st_h2o_qpack_header_table_t, ptr %12, i64 0, i32 1\n  %17 = load i64, ptr %16, align 8\n  %.not1 = icmp ugt i64 %15, %17\n  br i1 %.not1, label %19, label %18\n"
    },
    {
        "unoptimized": "br label %66\n",
        "optimized": "br label %55\n"
    },
    {
        "unoptimized": "%25 = load ptr, ptr %3, align 8\n  %26 = getelementptr inbounds %struct.st_h2o_qpack_header_table_t, ptr %25, i32 0, i32 3\n  %27 = load ptr, ptr %26, align 8\n  %28 = load ptr, ptr %27, align 8\n  %29 = getelementptr inbounds %struct.TYPE_4__, ptr %28, i32 0, i32 1\n  %30 = load ptr, ptr %29, align 8\n  %31 = getelementptr inbounds %struct.TYPE_3__, ptr %30, i32 0, i32 0\n  %32 = load i64, ptr %31, align 8\n  %33 = load ptr, ptr %3, align 8\n  %34 = getelementptr inbounds %struct.st_h2o_qpack_header_table_t, ptr %33, i32 0, i32 3\n  %35 = load ptr, ptr %34, align 8\n  %36 = load ptr, ptr %35, align 8\n  %37 = getelementptr inbounds %struct.TYPE_4__, ptr %36, i32 0, i32 0\n  %38 = load i64, ptr %37, align 8\n  %39 = add nsw i64 %32, %38\n  %40 = load i64, ptr @HEADER_ENTRY_SIZE_OFFSET, align 8\n  %41 = add nsw i64 %39, %40\n  %42 = load ptr, ptr %3, align 8\n  %43 = getelementptr inbounds %struct.st_h2o_qpack_header_table_t, ptr %42, i32 0, i32 0\n  %44 = load i64, ptr %43, align 8\n  %45 = sub nsw i64 %44, %41\n  store i64 %45, ptr %43, align 8\n  %46 = load ptr, ptr %3, align 8\n  %47 = getelementptr inbounds %struct.st_h2o_qpack_header_table_t, ptr %46, i32 0, i32 3\n  %48 = load ptr, ptr %47, align 8\n  %49 = load ptr, ptr %48, align 8\n  %50 = call i32 @h2o_mem_release_shared(ptr noundef %49)\n  %51 = load ptr, ptr %3, align 8\n  %52 = getelementptr inbounds %struct.st_h2o_qpack_header_table_t, ptr %51, i32 0, i32 3\n  %53 = load ptr, ptr %52, align 8\n  %54 = getelementptr inbounds ptr, ptr %53, i32 1\n  store ptr %54, ptr %52, align 8\n  store ptr null, ptr %53, align 8\n  %55 = load ptr, ptr %3, align 8\n  %56 = getelementptr inbounds %struct.st_h2o_qpack_header_table_t, ptr %55, i32 0, i32 2\n  %57 = load i32, ptr %56, align 8\n  %58 = add nsw i32 %57, 1\n  store i32 %58, ptr %56, align 8\n  br label %5, !llvm.loop !6\n",
        "optimized": "%20 = load ptr, ptr %3, align 8\n  %21 = getelementptr inbounds %struct.st_h2o_qpack_header_table_t, ptr %20, i64 0, i32 3\n  %22 = load ptr, ptr %21, align 8\n  %23 = load ptr, ptr %22, align 8\n  %24 = getelementptr inbounds %struct.TYPE_4__, ptr %23, i64 0, i32 1\n  %25 = load ptr, ptr %24, align 8\n  %26 = load i64, ptr %25, align 8\n  %27 = load ptr, ptr %3, align 8\n  %28 = getelementptr inbounds %struct.st_h2o_qpack_header_table_t, ptr %27, i64 0, i32 3\n  %29 = load ptr, ptr %28, align 8\n  %30 = load ptr, ptr %29, align 8\n  %31 = load i64, ptr %30, align 8\n  %32 = add nsw i64 %26, %31\n  %33 = load i64, ptr @HEADER_ENTRY_SIZE_OFFSET, align 8\n  %34 = add nsw i64 %32, %33\n  %35 = load ptr, ptr %3, align 8\n  %36 = load i64, ptr %35, align 8\n  %37 = sub nsw i64 %36, %34\n  store i64 %37, ptr %35, align 8\n  %38 = getelementptr inbounds %struct.st_h2o_qpack_header_table_t, ptr %35, i64 0, i32 3\n  %39 = load ptr, ptr %38, align 8\n  %40 = load ptr, ptr %39, align 8\n  %41 = call i32 @h2o_mem_release_shared(ptr noundef %40) #2\n  %42 = load ptr, ptr %3, align 8\n  %43 = getelementptr inbounds %struct.st_h2o_qpack_header_table_t, ptr %42, i64 0, i32 3\n  %44 = load ptr, ptr %43, align 8\n  %45 = getelementptr inbounds ptr, ptr %44, i64 1\n  store ptr %45, ptr %43, align 8\n  store ptr null, ptr %44, align 8\n  %46 = getelementptr inbounds %struct.st_h2o_qpack_header_table_t, ptr %42, i64 0, i32 2\n  %47 = load i32, ptr %46, align 8\n  %48 = add nsw i32 %47, 1\n  store i32 %48, ptr %46, align 8\n  br label %5, !llvm.loop !6\n"
    },
    {
        "unoptimized": "%60 = load ptr, ptr %3, align 8\n  %61 = getelementptr inbounds %struct.st_h2o_qpack_header_table_t, ptr %60, i32 0, i32 0\n  %62 = load i64, ptr %61, align 8\n  %63 = icmp eq i64 %62, 0\n  %64 = zext i1 %63 to i32\n  %65 = call i32 @assert(i32 noundef %64)\n  br label %66\n",
        "optimized": "%50 = load ptr, ptr %3, align 8\n  %51 = load i64, ptr %50, align 8\n  %52 = icmp eq i64 %51, 0\n  %53 = zext i1 %52 to i32\n  %54 = call i32 @assert(i32 noundef %53) #2\n  br label %55\n"
    },
    {
        "unoptimized": "ret void\n}",
        "optimized": "ret void\n}"
    }
]