[
    {
        "unoptimized": "%2 = alloca ptr, align 8\n  %3 = alloca ptr, align 8\n  %4 = alloca i64, align 8\n  store ptr %0, ptr %2, align 8\n  store ptr null, ptr %3, align 8\n  %5 = load ptr, ptr %2, align 8\n  %6 = getelementptr inbounds %struct.st_h2o_evloop_socket_t, ptr %5, i32 0, i32 1\n  %7 = getelementptr inbounds %struct.TYPE_12__, ptr %6, i32 0, i32 2\n  %8 = load ptr, ptr %7, align 8\n  %9 = getelementptr inbounds %struct.TYPE_13__, ptr %8, i32 0, i32 0\n  %10 = load i64, ptr %9, align 8\n  store i64 %10, ptr %4, align 8\n  %11 = load ptr, ptr %2, align 8\n  %12 = getelementptr inbounds %struct.st_h2o_evloop_socket_t, ptr %11, i32 0, i32 0\n  %13 = load i32, ptr %12, align 8\n  %14 = load i32, ptr @H2O_SOCKET_FLAG_DONT_READ, align 4\n  %15 = and i32 %13, %14\n  %16 = icmp ne i32 %15, 0\n  br i1 %16, label %17, label %18\n",
        "optimized": "%2 = alloca ptr, align 8\n  %3 = alloca ptr, align 8\n  %4 = alloca i64, align 8\n  store ptr %0, ptr %2, align 8\n  store ptr null, ptr %3, align 8\n  %5 = getelementptr inbounds %struct.st_h2o_evloop_socket_t, ptr %0, i64 0, i32 1, i32 2\n  %6 = load ptr, ptr %5, align 8\n  %7 = load i64, ptr %6, align 8\n  store i64 %7, ptr %4, align 8\n  %8 = load i32, ptr %0, align 8\n  %9 = load i32, ptr @H2O_SOCKET_FLAG_DONT_READ, align 4\n  %10 = and i32 %8, %9\n  %.not = icmp eq i32 %10, 0\n  br i1 %.not, label %12, label %11\n"
    },
    {
        "unoptimized": "br label %63\n",
        "optimized": "br label %46\n"
    },
    {
        "unoptimized": "%19 = load ptr, ptr %2, align 8\n  %20 = getelementptr inbounds %struct.st_h2o_evloop_socket_t, ptr %19, i32 0, i32 2\n  %21 = load i32, ptr %20, align 8\n  %22 = load ptr, ptr %2, align 8\n  %23 = getelementptr inbounds %struct.st_h2o_evloop_socket_t, ptr %22, i32 0, i32 1\n  %24 = getelementptr inbounds %struct.TYPE_12__, ptr %23, i32 0, i32 3\n  %25 = load ptr, ptr %24, align 8\n  %26 = icmp eq ptr %25, null\n  br i1 %26, label %27, label %31\n",
        "optimized": "%13 = load ptr, ptr %2, align 8\n  %14 = getelementptr inbounds %struct.st_h2o_evloop_socket_t, ptr %13, i64 0, i32 2\n  %15 = load i32, ptr %14, align 8\n  %16 = getelementptr inbounds %struct.st_h2o_evloop_socket_t, ptr %13, i64 0, i32 1, i32 3\n  %17 = load ptr, ptr %16, align 8\n  %18 = icmp eq ptr %17, null\n  br i1 %18, label %19, label %22\n"
    },
    {
        "unoptimized": "%28 = load ptr, ptr %2, align 8\n  %29 = getelementptr inbounds %struct.st_h2o_evloop_socket_t, ptr %28, i32 0, i32 1\n  %30 = getelementptr inbounds %struct.TYPE_12__, ptr %29, i32 0, i32 2\n  br label %38\n",
        "optimized": "%20 = load ptr, ptr %2, align 8\n  %21 = getelementptr inbounds %struct.st_h2o_evloop_socket_t, ptr %20, i64 0, i32 1, i32 2\n  br label %27\n"
    },
    {
        "unoptimized": "%32 = load ptr, ptr %2, align 8\n  %33 = getelementptr inbounds %struct.st_h2o_evloop_socket_t, ptr %32, i32 0, i32 1\n  %34 = getelementptr inbounds %struct.TYPE_12__, ptr %33, i32 0, i32 3\n  %35 = load ptr, ptr %34, align 8\n  %36 = getelementptr inbounds %struct.TYPE_10__, ptr %35, i32 0, i32 1\n  %37 = getelementptr inbounds %struct.TYPE_8__, ptr %36, i32 0, i32 0\n  br label %38\n",
        "optimized": "%23 = load ptr, ptr %2, align 8\n  %24 = getelementptr inbounds %struct.st_h2o_evloop_socket_t, ptr %23, i64 0, i32 1, i32 3\n  %25 = load ptr, ptr %24, align 8\n  %26 = getelementptr inbounds %struct.TYPE_10__, ptr %25, i64 0, i32 1\n  br label %27\n"
    },
    {
        "unoptimized": "%39 = phi ptr [ %30, %27 ], [ %37, %31 ]\n  %40 = call ptr @on_read_core(i32 noundef %21, ptr noundef %39)\n  store ptr %40, ptr %3, align 8\n  %41 = icmp ne ptr %40, null\n  br i1 %41, label %42, label %43\n",
        "optimized": "%28 = phi ptr [ %21, %19 ], [ %26, %22 ]\n  %29 = call ptr @on_read_core(i32 noundef %15, ptr noundef nonnull %28) #2\n  store ptr %29, ptr %3, align 8\n  %.not1 = icmp eq ptr %29, null\n  br i1 %.not1, label %31, label %30\n"
    },
    {
        "unoptimized": "br label %63\n",
        "optimized": "br label %46\n"
    },
    {
        "unoptimized": "%44 = load ptr, ptr %2, align 8\n  %45 = getelementptr inbounds %struct.st_h2o_evloop_socket_t, ptr %44, i32 0, i32 1\n  %46 = getelementptr inbounds %struct.TYPE_12__, ptr %45, i32 0, i32 3\n  %47 = load ptr, ptr %46, align 8\n  %48 = icmp ne ptr %47, null\n  br i1 %48, label %49, label %62\n",
        "optimized": "%32 = load ptr, ptr %2, align 8\n  %33 = getelementptr inbounds %struct.st_h2o_evloop_socket_t, ptr %32, i64 0, i32 1, i32 3\n  %34 = load ptr, ptr %33, align 8\n  %.not2 = icmp eq ptr %34, null\n  br i1 %.not2, label %45, label %35\n"
    },
    {
        "unoptimized": "%50 = load ptr, ptr %2, align 8\n  %51 = getelementptr inbounds %struct.st_h2o_evloop_socket_t, ptr %50, i32 0, i32 1\n  %52 = getelementptr inbounds %struct.TYPE_12__, ptr %51, i32 0, i32 3\n  %53 = load ptr, ptr %52, align 8\n  %54 = getelementptr inbounds %struct.TYPE_10__, ptr %53, i32 0, i32 0\n  %55 = getelementptr inbounds %struct.TYPE_9__, ptr %54, i32 0, i32 0\n  %56 = load ptr, ptr %55, align 8\n  %57 = icmp eq ptr %56, null\n  br i1 %57, label %58, label %62\n",
        "optimized": "%36 = load ptr, ptr %2, align 8\n  %37 = getelementptr inbounds %struct.st_h2o_evloop_socket_t, ptr %36, i64 0, i32 1, i32 3\n  %38 = load ptr, ptr %37, align 8\n  %39 = load ptr, ptr %38, align 8\n  %40 = icmp eq ptr %39, null\n  br i1 %40, label %41, label %45\n"
    },
    {
        "unoptimized": "%59 = load ptr, ptr %2, align 8\n  %60 = getelementptr inbounds %struct.st_h2o_evloop_socket_t, ptr %59, i32 0, i32 1\n  %61 = call ptr @decode_ssl_input(ptr noundef %60)\n  store ptr %61, ptr %3, align 8\n  br label %62\n",
        "optimized": "%42 = load ptr, ptr %2, align 8\n  %43 = getelementptr inbounds %struct.st_h2o_evloop_socket_t, ptr %42, i64 0, i32 1\n  %44 = call ptr @decode_ssl_input(ptr noundef nonnull %43) #2\n  store ptr %44, ptr %3, align 8\n  br label %45\n"
    },
    {
        "unoptimized": "br label %63\n",
        "optimized": "br label %46\n"
    },
    {
        "unoptimized": "%64 = load ptr, ptr %2, align 8\n  %65 = getelementptr inbounds %struct.st_h2o_evloop_socket_t, ptr %64, i32 0, i32 1\n  %66 = getelementptr inbounds %struct.TYPE_12__, ptr %65, i32 0, i32 2\n  %67 = load ptr, ptr %66, align 8\n  %68 = getelementptr inbounds %struct.TYPE_13__, ptr %67, i32 0, i32 0\n  %69 = load i64, ptr %68, align 8\n  %70 = load i64, ptr %4, align 8\n  %71 = sub i64 %69, %70\n  %72 = load ptr, ptr %2, align 8\n  %73 = getelementptr inbounds %struct.st_h2o_evloop_socket_t, ptr %72, i32 0, i32 1\n  %74 = getelementptr inbounds %struct.TYPE_12__, ptr %73, i32 0, i32 0\n  store i64 %71, ptr %74, align 8\n  %75 = load ptr, ptr %2, align 8\n  %76 = getelementptr inbounds %struct.st_h2o_evloop_socket_t, ptr %75, i32 0, i32 1\n  %77 = getelementptr inbounds %struct.TYPE_12__, ptr %76, i32 0, i32 1\n  %78 = getelementptr inbounds %struct.TYPE_11__, ptr %77, i32 0, i32 0\n  %79 = load ptr, ptr %78, align 8\n  %80 = load ptr, ptr %2, align 8\n  %81 = getelementptr inbounds %struct.st_h2o_evloop_socket_t, ptr %80, i32 0, i32 1\n  %82 = load ptr, ptr %3, align 8\n  %83 = call i32 %79(ptr noundef %81, ptr noundef %82)\n  ret void\n}",
        "optimized": "%47 = load ptr, ptr %2, align 8\n  %48 = getelementptr inbounds %struct.st_h2o_evloop_socket_t, ptr %47, i64 0, i32 1, i32 2\n  %49 = load ptr, ptr %48, align 8\n  %50 = load i64, ptr %49, align 8\n  %51 = load i64, ptr %4, align 8\n  %52 = sub i64 %50, %51\n  %53 = getelementptr inbounds %struct.st_h2o_evloop_socket_t, ptr %47, i64 0, i32 1\n  store i64 %52, ptr %53, align 8\n  %54 = load ptr, ptr %2, align 8\n  %55 = getelementptr inbounds %struct.st_h2o_evloop_socket_t, ptr %54, i64 0, i32 1, i32 1\n  %56 = load ptr, ptr %55, align 8\n  %57 = getelementptr inbounds %struct.st_h2o_evloop_socket_t, ptr %54, i64 0, i32 1\n  %58 = load ptr, ptr %3, align 8\n  %59 = call i32 %56(ptr noundef nonnull %57, ptr noundef %58) #2\n  ret void\n}"
    }
]