[
    {
        "unoptimized": "%5 = alloca ptr, align 8\n  %6 = alloca ptr, align 8\n  %7 = alloca ptr, align 8\n  %8 = alloca i32, align 4\n  %9 = alloca ptr, align 8\n  %10 = alloca ptr, align 8\n  store ptr %0, ptr %6, align 8\n  store ptr %1, ptr %7, align 8\n  store i32 %2, ptr %8, align 4\n  store ptr %3, ptr %9, align 8\n  %11 = load ptr, ptr %6, align 8\n  %12 = call i32 @SSL_get_rbio(ptr noundef %11)\n  %13 = call ptr @BIO_get_data(i32 noundef %12)\n  store ptr %13, ptr %10, align 8\n  %14 = load ptr, ptr %10, align 8\n  %15 = getelementptr inbounds %struct.TYPE_12__, ptr %14, i32 0, i32 0\n  %16 = load ptr, ptr %15, align 8\n  %17 = getelementptr inbounds %struct.TYPE_8__, ptr %16, i32 0, i32 0\n  %18 = getelementptr inbounds %struct.TYPE_11__, ptr %17, i32 0, i32 0\n  %19 = getelementptr inbounds %struct.TYPE_9__, ptr %18, i32 0, i32 0\n  %20 = getelementptr inbounds %struct.TYPE_10__, ptr %19, i32 0, i32 0\n  %21 = load i32, ptr %20, align 8\n  switch i32 %21, label %46 [\n    i32 128, label %22\n    i32 129, label %36\n  ]\n",
        "optimized": "%5 = alloca ptr, align 8\n  %6 = alloca ptr, align 8\n  %7 = alloca i32, align 4\n  %8 = alloca ptr, align 8\n  %9 = alloca ptr, align 8\n  store ptr %1, ptr %6, align 8\n  store i32 %2, ptr %7, align 4\n  store ptr %3, ptr %8, align 8\n  %10 = call i32 @SSL_get_rbio(ptr noundef %0) #2\n  %11 = call ptr @BIO_get_data(i32 noundef %10) #2\n  store ptr %11, ptr %9, align 8\n  %12 = load ptr, ptr %11, align 8\n  %13 = load i32, ptr %12, align 8\n  switch i32 %13, label %28 [\n    i32 128, label %14\n    i32 129, label %22\n  ]\n"
    },
    {
        "unoptimized": "%23 = load i32, ptr @ASYNC_RESUMPTION_STATE_REQUEST_SENT, align 4\n  %24 = load ptr, ptr %10, align 8\n  %25 = getelementptr inbounds %struct.TYPE_12__, ptr %24, i32 0, i32 0\n  %26 = load ptr, ptr %25, align 8\n  %27 = getelementptr inbounds %struct.TYPE_8__, ptr %26, i32 0, i32 0\n  %28 = getelementptr inbounds %struct.TYPE_11__, ptr %27, i32 0, i32 0\n  %29 = getelementptr inbounds %struct.TYPE_9__, ptr %28, i32 0, i32 0\n  %30 = getelementptr inbounds %struct.TYPE_10__, ptr %29, i32 0, i32 0\n  store i32 %23, ptr %30, align 8\n  %31 = load ptr, ptr %10, align 8\n  %32 = load ptr, ptr %7, align 8\n  %33 = load i32, ptr %8, align 4\n  %34 = call i32 @h2o_iovec_init(ptr noundef %32, i32 noundef %33)\n  %35 = call i32 @resumption_get_async(ptr noundef %31, i32 noundef %34)\n  store ptr null, ptr %5, align 8\n  br label %48\n",
        "optimized": "%15 = load i32, ptr @ASYNC_RESUMPTION_STATE_REQUEST_SENT, align 4\n  %16 = load ptr, ptr %9, align 8\n  %17 = load ptr, ptr %16, align 8\n  store i32 %15, ptr %17, align 8\n  %18 = load ptr, ptr %6, align 8\n  %19 = load i32, ptr %7, align 4\n  %20 = call i32 @h2o_iovec_init(ptr noundef %18, i32 noundef %19) #2\n  %21 = call i32 @resumption_get_async(ptr noundef nonnull %16, i32 noundef %20) #2\n  store ptr null, ptr %5, align 8\n  br label %30\n"
    },
    {
        "unoptimized": "%37 = load ptr, ptr %9, align 8\n  store i32 1, ptr %37, align 4\n  %38 = load ptr, ptr %10, align 8\n  %39 = getelementptr inbounds %struct.TYPE_12__, ptr %38, i32 0, i32 0\n  %40 = load ptr, ptr %39, align 8\n  %41 = getelementptr inbounds %struct.TYPE_8__, ptr %40, i32 0, i32 0\n  %42 = getelementptr inbounds %struct.TYPE_11__, ptr %41, i32 0, i32 0\n  %43 = getelementptr inbounds %struct.TYPE_9__, ptr %42, i32 0, i32 0\n  %44 = getelementptr inbounds %struct.TYPE_10__, ptr %43, i32 0, i32 1\n  %45 = load ptr, ptr %44, align 8\n  store ptr %45, ptr %5, align 8\n  br label %48\n",
        "optimized": "%23 = load ptr, ptr %8, align 8\n  store i32 1, ptr %23, align 4\n  %24 = load ptr, ptr %9, align 8\n  %25 = load ptr, ptr %24, align 8\n  %26 = getelementptr inbounds %struct.TYPE_10__, ptr %25, i64 0, i32 1\n  %27 = load ptr, ptr %26, align 8\n  store ptr %27, ptr %5, align 8\n  br label %30\n"
    },
    {
        "unoptimized": "%47 = call i32 @assert(i32 noundef 0)\n  store ptr null, ptr %5, align 8\n  br label %48\n",
        "optimized": "%29 = call i32 @assert(i32 noundef 0) #2\n  store ptr null, ptr %5, align 8\n  br label %30\n"
    },
    {
        "unoptimized": "%49 = load ptr, ptr %5, align 8\n  ret ptr %49\n}",
        "optimized": "%31 = load ptr, ptr %5, align 8\n  ret ptr %31\n}"
    }
]