[
    {
        "unoptimized": "%6 = alloca i32, align 4\n  %7 = alloca ptr, align 8\n  %8 = alloca ptr, align 8\n  %9 = alloca i64, align 8\n  %10 = alloca i32, align 4\n  %11 = alloca i32, align 4\n  %12 = alloca ptr, align 8\n  %13 = alloca i32, align 4\n  store ptr %0, ptr %7, align 8\n  store ptr %1, ptr %8, align 8\n  store i64 %2, ptr %9, align 8\n  store i32 %3, ptr %10, align 4\n  store i32 %4, ptr %11, align 4\n  %14 = load ptr, ptr %8, align 8\n  %15 = load i64, ptr %9, align 8\n  %16 = getelementptr inbounds i8, ptr %14, i64 %15\n  store ptr %16, ptr %12, align 8\n  %17 = load i32, ptr %10, align 4\n  %18 = icmp sle i32 %17, 0\n  br i1 %18, label %22, label %19\n",
        "optimized": "%6 = alloca i32, align 4\n  %7 = alloca ptr, align 8\n  %8 = alloca ptr, align 8\n  %9 = alloca i32, align 4\n  %10 = alloca i32, align 4\n  %11 = alloca ptr, align 8\n  %12 = alloca i32, align 4\n  store ptr %0, ptr %7, align 8\n  store ptr %1, ptr %8, align 8\n  store i32 %3, ptr %9, align 4\n  store i32 %4, ptr %10, align 4\n  %13 = getelementptr inbounds i8, ptr %1, i64 %2\n  store ptr %13, ptr %11, align 8\n  %14 = icmp slt i32 %3, 1\n  br i1 %14, label %18, label %15\n"
    },
    {
        "unoptimized": "%20 = load i32, ptr %11, align 4\n  %21 = icmp sle i32 %20, 0\n  br i1 %21, label %22, label %23\n",
        "optimized": "%16 = load i32, ptr %10, align 4\n  %17 = icmp slt i32 %16, 1\n  br i1 %17, label %18, label %19\n"
    },
    {
        "unoptimized": "store i32 -1, ptr %6, align 4\n  br label %108\n",
        "optimized": "store i32 -1, ptr %6, align 4\n  br label %92\n"
    },
    {
        "unoptimized": "%24 = load i32, ptr %10, align 4\n  %25 = add nsw i32 %24, -1\n  store i32 %25, ptr %10, align 4\n  br label %26\n",
        "optimized": "%20 = load i32, ptr %9, align 4\n  br label %21\n"
    },
    {
        "unoptimized": "%27 = load i32, ptr %10, align 4\n  %28 = icmp ne i32 %27, 0\n  br i1 %28, label %29, label %46\n",
        "optimized": "%storemerge.in = phi i32 [ %20, %19 ], [ %35, %34 ]\n  %storemerge = add nsw i32 %storemerge.in, -1\n  store i32 %storemerge, ptr %9, align 4\n  %.not = icmp eq i32 %storemerge, 0\n  br i1 %.not, label %36, label %22\n"
    },
    {
        "unoptimized": "br label %30\n",
        "optimized": "br label %23\n"
    },
    {
        "unoptimized": "%31 = load ptr, ptr %8, align 8\n  %32 = load ptr, ptr %12, align 8\n  %33 = icmp eq ptr %31, %32\n  br i1 %33, label %34, label %35\n",
        "optimized": "%24 = load ptr, ptr %8, align 8\n  %25 = load ptr, ptr %11, align 8\n  %26 = icmp eq ptr %24, %25\n  br i1 %26, label %27, label %28\n"
    },
    {
        "unoptimized": "store i32 -1, ptr %6, align 4\n  br label %108\n",
        "optimized": "store i32 -1, ptr %6, align 4\n  br label %92\n"
    },
    {
        "unoptimized": "br label %36\n",
        "optimized": "br label %29\n"
    },
    {
        "unoptimized": "%37 = load ptr, ptr %8, align 8\n  %38 = getelementptr inbounds i8, ptr %37, i32 1\n  store ptr %38, ptr %8, align 8\n  %39 = load i8, ptr %37, align 1\n  %40 = sext i8 %39 to i32\n  %41 = icmp ne i32 %40, 10\n  br i1 %41, label %30, label %42, !llvm.loop !6\n",
        "optimized": "%30 = load ptr, ptr %8, align 8\n  %31 = getelementptr inbounds i8, ptr %30, i64 1\n  store ptr %31, ptr %8, align 8\n  %32 = load i8, ptr %30, align 1\n  %.not4 = icmp eq i8 %32, 10\n  br i1 %.not4, label %33, label %23, !llvm.loop !6\n"
    },
    {
        "unoptimized": "br label %43\n",
        "optimized": "br label %34\n"
    },
    {
        "unoptimized": "%44 = load i32, ptr %10, align 4\n  %45 = add nsw i32 %44, -1\n  store i32 %45, ptr %10, align 4\n  br label %26, !llvm.loop !8\n",
        "optimized": "%35 = load i32, ptr %9, align 4\n  br label %21, !llvm.loop !8\n"
    },
    {
        "unoptimized": "br label %47\n",
        "optimized": "br label %37\n"
    },
    {
        "unoptimized": "%48 = load i32, ptr %11, align 4\n  %49 = icmp sgt i32 %48, 40\n  br i1 %49, label %50, label %60\n",
        "optimized": "%38 = load i32, ptr %10, align 4\n  %39 = icmp sgt i32 %38, 40\n  br i1 %39, label %40, label %49\n"
    },
    {
        "unoptimized": "%51 = load ptr, ptr %8, align 8\n  %52 = load ptr, ptr %12, align 8\n  %53 = icmp ne ptr %51, %52\n  br i1 %53, label %54, label %57\n",
        "optimized": "%41 = load ptr, ptr %8, align 8\n  %42 = load ptr, ptr %11, align 8\n  %.not3 = icmp eq ptr %41, %42\n  br i1 %.not3, label %46, label %43\n"
    },
    {
        "unoptimized": "%55 = load ptr, ptr %8, align 8\n  %56 = getelementptr inbounds i8, ptr %55, i32 1\n  store ptr %56, ptr %8, align 8\n  br label %57\n",
        "optimized": "%44 = load ptr, ptr %8, align 8\n  %45 = getelementptr inbounds i8, ptr %44, i64 1\n  store ptr %45, ptr %8, align 8\n  br label %46\n"
    },
    {
        "unoptimized": "%58 = load i32, ptr %11, align 4\n  %59 = add nsw i32 %58, -1\n  store i32 %59, ptr %11, align 4\n  br label %47, !llvm.loop !9\n",
        "optimized": "%47 = load i32, ptr %10, align 4\n  %48 = add nsw i32 %47, -1\n  store i32 %48, ptr %10, align 4\n  br label %37, !llvm.loop !9\n"
    },
    {
        "unoptimized": "store i32 1, ptr %13, align 4\n  br label %61\n",
        "optimized": "br label %50\n"
    },
    {
        "unoptimized": "%62 = load i32, ptr %13, align 4\n  %63 = icmp sle i32 %62, 76\n  br i1 %63, label %64, label %83\n",
        "optimized": "%storemerge1 = phi i32 [ 1, %49 ], [ %69, %67 ]\n  store i32 %storemerge1, ptr %12, align 4\n  %51 = icmp slt i32 %storemerge1, 77\n  br i1 %51, label %52, label %70\n"
    },
    {
        "unoptimized": "%65 = load ptr, ptr %8, align 8\n  %66 = load ptr, ptr %12, align 8\n  %67 = icmp eq ptr %65, %66\n  br i1 %67, label %73, label %68\n",
        "optimized": "%53 = load ptr, ptr %8, align 8\n  %54 = load ptr, ptr %11, align 8\n  %55 = icmp eq ptr %53, %54\n  br i1 %55, label %60, label %56\n"
    },
    {
        "unoptimized": "%69 = load ptr, ptr %8, align 8\n  %70 = load i8, ptr %69, align 1\n  %71 = sext i8 %70 to i32\n  %72 = icmp eq i32 %71, 10\n  br i1 %72, label %73, label %74\n",
        "optimized": "%57 = load ptr, ptr %8, align 8\n  %58 = load i8, ptr %57, align 1\n  %59 = icmp eq i8 %58, 10\n  br i1 %59, label %60, label %61\n"
    },
    {
        "unoptimized": "br label %83\n",
        "optimized": "br label %70\n"
    },
    {
        "unoptimized": "%75 = load ptr, ptr %8, align 8\n  %76 = getelementptr inbounds i8, ptr %75, i32 1\n  store ptr %76, ptr %8, align 8\n  %77 = load i8, ptr %75, align 1\n  %78 = load ptr, ptr %7, align 8\n  %79 = getelementptr inbounds i8, ptr %78, i32 1\n  store ptr %79, ptr %7, align 8\n  store i8 %77, ptr %78, align 1\n  br label %80\n",
        "optimized": "%62 = load ptr, ptr %8, align 8\n  %63 = getelementptr inbounds i8, ptr %62, i64 1\n  store ptr %63, ptr %8, align 8\n  %64 = load i8, ptr %62, align 1\n  %65 = load ptr, ptr %7, align 8\n  %66 = getelementptr inbounds i8, ptr %65, i64 1\n  store ptr %66, ptr %7, align 8\n  store i8 %64, ptr %65, align 1\n  br label %67\n"
    },
    {
        "unoptimized": "%81 = load i32, ptr %13, align 4\n  %82 = add nsw i32 %81, 1\n  store i32 %82, ptr %13, align 4\n  br label %61, !llvm.loop !10\n",
        "optimized": "%68 = load i32, ptr %12, align 4\n  %69 = add nsw i32 %68, 1\n  br label %50, !llvm.loop !10\n"
    },
    {
        "unoptimized": "%84 = load i32, ptr %13, align 4\n  %85 = load i32, ptr %11, align 4\n  %86 = icmp slt i32 %84, %85\n  br i1 %86, label %87, label %89\n",
        "optimized": "%71 = load i32, ptr %12, align 4\n  %72 = load i32, ptr %10, align 4\n  %73 = icmp slt i32 %71, %72\n  br i1 %73, label %74, label %76\n"
    },
    {
        "unoptimized": "%88 = load i32, ptr %13, align 4\n  store i32 %88, ptr %11, align 4\n  br label %89\n",
        "optimized": "%75 = load i32, ptr %12, align 4\n  store i32 %75, ptr %10, align 4\n  br label %76\n"
    },
    {
        "unoptimized": "%90 = load ptr, ptr %7, align 8\n  %91 = getelementptr inbounds i8, ptr %90, i32 1\n  store ptr %91, ptr %7, align 8\n  store i8 10, ptr %90, align 1\n  store i32 1, ptr %13, align 4\n  br label %92\n",
        "optimized": "%77 = load ptr, ptr %7, align 8\n  %78 = getelementptr inbounds i8, ptr %77, i64 1\n  store ptr %78, ptr %7, align 8\n  store i8 10, ptr %77, align 1\n  br label %79\n"
    },
    {
        "unoptimized": "%93 = load i32, ptr %13, align 4\n  %94 = load i32, ptr %11, align 4\n  %95 = icmp slt i32 %93, %94\n  br i1 %95, label %96, label %102\n",
        "optimized": "%storemerge2 = phi i32 [ 1, %76 ], [ %87, %85 ]\n  store i32 %storemerge2, ptr %12, align 4\n  %80 = load i32, ptr %10, align 4\n  %81 = icmp slt i32 %storemerge2, %80\n  br i1 %81, label %82, label %88\n"
    },
    {
        "unoptimized": "%97 = load ptr, ptr %7, align 8\n  %98 = getelementptr inbounds i8, ptr %97, i32 1\n  store ptr %98, ptr %7, align 8\n  store i8 32, ptr %97, align 1\n  br label %99\n",
        "optimized": "%83 = load ptr, ptr %7, align 8\n  %84 = getelementptr inbounds i8, ptr %83, i64 1\n  store ptr %84, ptr %7, align 8\n  store i8 32, ptr %83, align 1\n  br label %85\n"
    },
    {
        "unoptimized": "%100 = load i32, ptr %13, align 4\n  %101 = add nsw i32 %100, 1\n  store i32 %101, ptr %13, align 4\n  br label %92, !llvm.loop !11\n",
        "optimized": "%86 = load i32, ptr %12, align 4\n  %87 = add nsw i32 %86, 1\n  br label %79, !llvm.loop !11\n"
    },
    {
        "unoptimized": "%103 = load ptr, ptr %7, align 8\n  %104 = getelementptr inbounds i8, ptr %103, i32 1\n  store ptr %104, ptr %7, align 8\n  store i8 94, ptr %103, align 1\n  %105 = load ptr, ptr %7, align 8\n  %106 = getelementptr inbounds i8, ptr %105, i32 1\n  store ptr %106, ptr %7, align 8\n  store i8 10, ptr %105, align 1\n  %107 = load ptr, ptr %7, align 8\n  store i8 0, ptr %107, align 1\n  store i32 0, ptr %6, align 4\n  br label %108\n",
        "optimized": "%89 = load ptr, ptr %7, align 8\n  %90 = getelementptr inbounds i8, ptr %89, i64 1\n  store ptr %90, ptr %7, align 8\n  store i8 94, ptr %89, align 1\n  %91 = getelementptr inbounds i8, ptr %89, i64 2\n  store ptr %91, ptr %7, align 8\n  store i8 10, ptr %90, align 1\n  store i8 0, ptr %91, align 1\n  store i32 0, ptr %6, align 4\n  br label %92\n"
    },
    {
        "unoptimized": "%109 = load i32, ptr %6, align 4\n  ret i32 %109\n}",
        "optimized": "%93 = load i32, ptr %6, align 4\n  ret i32 %93\n}"
    }
]