[
    {
        "unoptimized": "%3 = alloca ptr, align 8\n  %4 = alloca i32, align 4\n  %5 = alloca ptr, align 8\n  store ptr %0, ptr %3, align 8\n  store i32 %1, ptr %4, align 4\n  %6 = call i64 (...) @LZ4_isLittleEndian()\n  %7 = icmp ne i64 %6, 0\n  br i1 %7, label %8, label %12\n",
        "optimized": "%3 = alloca ptr, align 8\n  %4 = alloca i32, align 4\n  store ptr %0, ptr %3, align 8\n  store i32 %1, ptr %4, align 4\n  %5 = call i64 (...) @LZ4_isLittleEndian() #2\n  %.not = icmp eq i64 %5, 0\n  br i1 %.not, label %10, label %6\n"
    },
    {
        "unoptimized": "%9 = load ptr, ptr %3, align 8\n  %10 = load i32, ptr %4, align 4\n  %11 = call i32 @LZ4_write16(ptr noundef %9, i32 noundef %10)\n  br label %23\n",
        "optimized": "%7 = load ptr, ptr %3, align 8\n  %8 = load i32, ptr %4, align 4\n  %9 = call i32 @LZ4_write16(ptr noundef %7, i32 noundef %8) #2\n  br label %17\n"
    },
    {
        "unoptimized": "%13 = load ptr, ptr %3, align 8\n  store ptr %13, ptr %5, align 8\n  %14 = load i32, ptr %4, align 4\n  %15 = sext i32 %14 to i64\n  %16 = load ptr, ptr %5, align 8\n  %17 = getelementptr inbounds i64, ptr %16, i64 0\n  store i64 %15, ptr %17, align 8\n  %18 = load i32, ptr %4, align 4\n  %19 = ashr i32 %18, 8\n  %20 = sext i32 %19 to i64\n  %21 = load ptr, ptr %5, align 8\n  %22 = getelementptr inbounds i64, ptr %21, i64 1\n  store i64 %20, ptr %22, align 8\n  br label %23\n",
        "optimized": "%11 = load ptr, ptr %3, align 8\n  %12 = load i32, ptr %4, align 4\n  %13 = sext i32 %12 to i64\n  store i64 %13, ptr %11, align 8\n  %14 = ashr i32 %12, 8\n  %15 = sext i32 %14 to i64\n  %16 = getelementptr inbounds i64, ptr %11, i64 1\n  store i64 %15, ptr %16, align 8\n  br label %17\n"
    },
    {
        "unoptimized": "ret void\n}",
        "optimized": "ret void\n}"
    }
]