[
    {
        "unoptimized": "%2 = alloca %struct.pin_cookie, align 4\n  %3 = alloca ptr, align 8\n  %4 = alloca ptr, align 8\n  %5 = alloca i32, align 4\n  %6 = alloca ptr, align 8\n  store ptr %0, ptr %3, align 8\n  call void @llvm.memcpy.p0.p0.i64(ptr align 4 %2, ptr align 4 @NIL_COOKIE, i64 4, i1 false)\n  %7 = load ptr, ptr @current, align 8\n  store ptr %7, ptr %4, align 8\n  %8 = load i32, ptr @debug_locks, align 4\n  %9 = icmp ne i32 %8, 0\n  %10 = xor i1 %9, true\n  %11 = zext i1 %10 to i32\n  %12 = call i64 @unlikely(i32 noundef %11)\n  %13 = icmp ne i64 %12, 0\n  br i1 %13, label %14, label %15\n",
        "optimized": "%2 = alloca %struct.pin_cookie, align 4\n  %3 = alloca ptr, align 8\n  %4 = alloca ptr, align 8\n  %5 = alloca i32, align 4\n  %6 = alloca ptr, align 8\n  store ptr %0, ptr %3, align 8\n  %7 = load i32, ptr @NIL_COOKIE, align 4\n  store i32 %7, ptr %2, align 4\n  %8 = load ptr, ptr @current, align 8\n  store ptr %8, ptr %4, align 8\n  %9 = load i32, ptr @debug_locks, align 4\n  %.not = icmp eq i32 %9, 0\n  %10 = zext i1 %.not to i32\n  %11 = call i64 @unlikely(i32 noundef %10) #3\n  %.not1 = icmp eq i64 %11, 0\n  br i1 %.not1, label %13, label %12\n"
    },
    {
        "unoptimized": "br label %50\n",
        "optimized": "br label %40\n"
    },
    {
        "unoptimized": "store i32 0, ptr %5, align 4\n  br label %16\n",
        "optimized": "br label %14\n"
    },
    {
        "unoptimized": "%17 = load i32, ptr %5, align 4\n  %18 = load ptr, ptr %4, align 8\n  %19 = getelementptr inbounds %struct.task_struct, ptr %18, i32 0, i32 0\n  %20 = load i32, ptr %19, align 8\n  %21 = icmp slt i32 %17, %20\n  br i1 %21, label %22, label %48\n",
        "optimized": "%storemerge = phi i32 [ 0, %13 ], [ %37, %35 ]\n  store i32 %storemerge, ptr %5, align 4\n  %15 = load ptr, ptr %4, align 8\n  %16 = load i32, ptr %15, align 8\n  %17 = icmp slt i32 %storemerge, %16\n  br i1 %17, label %18, label %38\n"
    },
    {
        "unoptimized": "%23 = load ptr, ptr %4, align 8\n  %24 = getelementptr inbounds %struct.task_struct, ptr %23, i32 0, i32 1\n  %25 = load ptr, ptr %24, align 8\n  %26 = load i32, ptr %5, align 4\n  %27 = sext i32 %26 to i64\n  %28 = getelementptr inbounds %struct.held_lock, ptr %25, i64 %27\n  store ptr %28, ptr %6, align 8\n  %29 = load ptr, ptr %6, align 8\n  %30 = load ptr, ptr %3, align 8\n  %31 = call i64 @match_held_lock(ptr noundef %29, ptr noundef %30)\n  %32 = icmp ne i64 %31, 0\n  br i1 %32, label %33, label %44\n",
        "optimized": "%19 = load ptr, ptr %4, align 8\n  %20 = getelementptr inbounds %struct.task_struct, ptr %19, i64 0, i32 1\n  %21 = load ptr, ptr %20, align 8\n  %22 = load i32, ptr %5, align 4\n  %23 = sext i32 %22 to i64\n  %24 = getelementptr inbounds %struct.held_lock, ptr %21, i64 %23\n  store ptr %24, ptr %6, align 8\n  %25 = load ptr, ptr %3, align 8\n  %26 = call i64 @match_held_lock(ptr noundef %24, ptr noundef %25) #3\n  %.not2 = icmp eq i64 %26, 0\n  br i1 %.not2, label %34, label %27\n"
    },
    {
        "unoptimized": "%34 = call i32 (...) @prandom_u32()\n  %35 = ashr i32 %34, 16\n  %36 = add nsw i32 1, %35\n  %37 = getelementptr inbounds %struct.pin_cookie, ptr %2, i32 0, i32 0\n  store i32 %36, ptr %37, align 4\n  %38 = getelementptr inbounds %struct.pin_cookie, ptr %2, i32 0, i32 0\n  %39 = load i32, ptr %38, align 4\n  %40 = load ptr, ptr %6, align 8\n  %41 = getelementptr inbounds %struct.held_lock, ptr %40, i32 0, i32 0\n  %42 = load i32, ptr %41, align 4\n  %43 = add nsw i32 %42, %39\n  store i32 %43, ptr %41, align 4\n  br label %50\n",
        "optimized": "%28 = call i32 (...) @prandom_u32() #3\n  %29 = ashr i32 %28, 16\n  %30 = add nsw i32 %29, 1\n  store i32 %30, ptr %2, align 4\n  %31 = load ptr, ptr %6, align 8\n  %32 = load i32, ptr %31, align 4\n  %33 = add nsw i32 %32, %30\n  store i32 %33, ptr %31, align 4\n  br label %40\n"
    },
    {
        "unoptimized": "br label %45\n",
        "optimized": "br label %35\n"
    },
    {
        "unoptimized": "%46 = load i32, ptr %5, align 4\n  %47 = add nsw i32 %46, 1\n  store i32 %47, ptr %5, align 4\n  br label %16, !llvm.loop !6\n",
        "optimized": "%36 = load i32, ptr %5, align 4\n  %37 = add nsw i32 %36, 1\n  br label %14, !llvm.loop !6\n"
    },
    {
        "unoptimized": "%49 = call i32 @WARN(i32 noundef 1, ptr noundef @.str)\n  br label %50\n",
        "optimized": "%39 = call i32 @WARN(i32 noundef 1, ptr noundef nonnull @.str) #3\n  br label %40\n"
    },
    {
        "unoptimized": "%51 = getelementptr inbounds %struct.pin_cookie, ptr %2, i32 0, i32 0\n  %52 = load i32, ptr %51, align 4\n  ret i32 %52\n}",
        "optimized": "%41 = load i32, ptr %2, align 4\n  ret i32 %41\n}"
    }
]