[
    {
        "unoptimized": "%2 = alloca i32, align 4\n  %3 = alloca ptr, align 8\n  %4 = alloca ptr, align 8\n  %5 = alloca i32, align 4\n  %6 = alloca ptr, align 8\n  store ptr %0, ptr %3, align 8\n  %7 = load ptr, ptr %3, align 8\n  %8 = getelementptr inbounds %struct.TYPE_11__, ptr %7, i32 0, i32 0\n  %9 = load ptr, ptr %8, align 8\n  %10 = icmp ne ptr %9, null\n  br i1 %10, label %11, label %54\n",
        "optimized": "%2 = alloca ptr, align 8\n  %3 = alloca ptr, align 8\n  %4 = alloca i32, align 4\n  store ptr %0, ptr %2, align 8\n  %5 = load ptr, ptr %0, align 8\n  %.not = icmp eq ptr %5, null\n  br i1 %.not, label %36, label %6\n"
    },
    {
        "unoptimized": "%12 = load ptr, ptr %3, align 8\n  %13 = getelementptr inbounds %struct.TYPE_11__, ptr %12, i32 0, i32 0\n  %14 = load ptr, ptr %13, align 8\n  %15 = getelementptr inbounds %struct.TYPE_8__, ptr %14, i32 0, i32 2\n  %16 = load ptr, ptr %15, align 8\n  %17 = icmp ne ptr %16, null\n  br i1 %17, label %18, label %19\n",
        "optimized": "%7 = load ptr, ptr %2, align 8\n  %8 = load ptr, ptr %7, align 8\n  %9 = getelementptr inbounds %struct.TYPE_8__, ptr %8, i64 0, i32 2\n  %10 = load ptr, ptr %9, align 8\n  %.not1 = icmp eq ptr %10, null\n  br i1 %.not1, label %12, label %11\n"
    },
    {
        "unoptimized": "br label %53\n",
        "optimized": "br label %35\n"
    },
    {
        "unoptimized": "%20 = load ptr, ptr %3, align 8\n  %21 = getelementptr inbounds %struct.TYPE_11__, ptr %20, i32 0, i32 0\n  %22 = load ptr, ptr %21, align 8\n  %23 = getelementptr inbounds %struct.TYPE_8__, ptr %22, i32 0, i32 0\n  %24 = load ptr, ptr %23, align 8\n  %25 = icmp ne ptr %24, null\n  br i1 %25, label %26, label %52\n",
        "optimized": "%13 = load ptr, ptr %2, align 8\n  %14 = load ptr, ptr %13, align 8\n  %15 = load ptr, ptr %14, align 8\n  %.not2 = icmp eq ptr %15, null\n  br i1 %.not2, label %34, label %16\n"
    },
    {
        "unoptimized": "%27 = load ptr, ptr %3, align 8\n  %28 = getelementptr inbounds %struct.TYPE_11__, ptr %27, i32 0, i32 0\n  %29 = load ptr, ptr %28, align 8\n  %30 = getelementptr inbounds %struct.TYPE_8__, ptr %29, i32 0, i32 1\n  %31 = getelementptr inbounds %struct.TYPE_7__, ptr %30, i32 0, i32 0\n  %32 = getelementptr inbounds %struct.TYPE_9__, ptr %31, i32 0, i32 0\n  %33 = getelementptr inbounds %struct.TYPE_10__, ptr %32, i32 0, i32 0\n  %34 = load i64, ptr %33, align 8\n  %35 = load i64, ptr @ASYNC_RESUMPTION_STATE_COMPLETE, align 8\n  %36 = icmp eq i64 %34, %35\n  br i1 %36, label %37, label %51\n",
        "optimized": "%17 = load ptr, ptr %2, align 8\n  %18 = load ptr, ptr %17, align 8\n  %19 = getelementptr inbounds %struct.TYPE_8__, ptr %18, i64 0, i32 1\n  %20 = load i64, ptr %19, align 8\n  %21 = load i64, ptr @ASYNC_RESUMPTION_STATE_COMPLETE, align 8\n  %22 = icmp eq i64 %20, %21\n  br i1 %22, label %23, label %33\n"
    },
    {
        "unoptimized": "%38 = load ptr, ptr %3, align 8\n  %39 = getelementptr inbounds %struct.TYPE_11__, ptr %38, i32 0, i32 0\n  %40 = load ptr, ptr %39, align 8\n  %41 = getelementptr inbounds %struct.TYPE_8__, ptr %40, i32 0, i32 0\n  %42 = load ptr, ptr %41, align 8\n  %43 = call ptr @SSL_get_session(ptr noundef %42)\n  store ptr %43, ptr %4, align 8\n  %44 = icmp ne ptr %43, null\n  br i1 %44, label %45, label %51\n",
        "optimized": "%24 = load ptr, ptr %2, align 8\n  %25 = load ptr, ptr %24, align 8\n  %26 = load ptr, ptr %25, align 8\n  %27 = call ptr @SSL_get_session(ptr noundef %26) #2\n  store ptr %27, ptr %3, align 8\n  %.not3 = icmp eq ptr %27, null\n  br i1 %.not3, label %33, label %28\n"
    },
    {
        "unoptimized": "%46 = load ptr, ptr %4, align 8\n  %47 = call ptr @SSL_SESSION_get_id(ptr noundef %46, ptr noundef %5)\n  store ptr %47, ptr %6, align 8\n  %48 = load ptr, ptr %6, align 8\n  %49 = load i32, ptr %5, align 4\n  %50 = call i32 @h2o_iovec_init(ptr noundef %48, i32 noundef %49)\n  store i32 %50, ptr %2, align 4\n  br label %56\n",
        "optimized": "%29 = load ptr, ptr %3, align 8\n  %30 = call ptr @SSL_SESSION_get_id(ptr noundef %29, ptr noundef nonnull %4) #2\n  %31 = load i32, ptr %4, align 4\n  %32 = call i32 @h2o_iovec_init(ptr noundef %30, i32 noundef %31) #2\n  br label %38\n"
    },
    {
        "unoptimized": "br label %52\n",
        "optimized": "br label %34\n"
    },
    {
        "unoptimized": "br label %53\n",
        "optimized": "br label %35\n"
    },
    {
        "unoptimized": "br label %54\n",
        "optimized": "br label %36\n"
    },
    {
        "unoptimized": "%55 = call i32 @h2o_iovec_init(ptr noundef null, i32 noundef 0)\n  store i32 %55, ptr %2, align 4\n  br label %56\n",
        "optimized": "%37 = call i32 @h2o_iovec_init(ptr noundef null, i32 noundef 0) #2\n  br label %38\n"
    },
    {
        "unoptimized": "%57 = load i32, ptr %2, align 4\n  ret i32 %57\n}",
        "optimized": "%storemerge = phi i32 [ %37, %36 ], [ %32, %28 ]\n  ret i32 %storemerge\n}"
    }
]