[
    {
        "unoptimized": "%3 = alloca i32, align 4\n  %4 = alloca ptr, align 8\n  %5 = alloca ptr, align 8\n  %6 = alloca ptr, align 8\n  store ptr %0, ptr %4, align 8\n  store ptr %1, ptr %5, align 8\n  %7 = load ptr, ptr %4, align 8\n  %8 = load ptr, ptr %7, align 8\n  store ptr %8, ptr %6, align 8\n  %9 = load ptr, ptr %6, align 8\n  %10 = icmp ne ptr %9, null\n  br i1 %10, label %11, label %15\n",
        "optimized": "%3 = alloca i32, align 4\n  %4 = alloca ptr, align 8\n  %5 = alloca ptr, align 8\n  %6 = alloca ptr, align 8\n  store ptr %0, ptr %4, align 8\n  store ptr %1, ptr %5, align 8\n  %7 = load ptr, ptr %0, align 8\n  store ptr %7, ptr %6, align 8\n  %.not = icmp eq ptr %7, null\n  br i1 %.not, label %11, label %8\n"
    },
    {
        "unoptimized": "%12 = load ptr, ptr %6, align 8\n  %13 = load i8, ptr %12, align 1\n  %14 = icmp ne i8 %13, 0\n  br i1 %14, label %16, label %15\n",
        "optimized": "%9 = load ptr, ptr %6, align 8\n  %10 = load i8, ptr %9, align 1\n  %.not1 = icmp eq i8 %10, 0\n  br i1 %.not1, label %11, label %12\n"
    },
    {
        "unoptimized": "store i32 0, ptr %3, align 4\n  br label %44\n",
        "optimized": "store i32 0, ptr %3, align 4\n  br label %36\n"
    },
    {
        "unoptimized": "%17 = load ptr, ptr %6, align 8\n  %18 = load ptr, ptr %4, align 8\n  %19 = call i32 @simple_strtol(ptr noundef %17, ptr noundef %18, i32 noundef 0)\n  %20 = load ptr, ptr %5, align 8\n  store i32 %19, ptr %20, align 4\n  %21 = load ptr, ptr %6, align 8\n  %22 = load ptr, ptr %4, align 8\n  %23 = load ptr, ptr %22, align 8\n  %24 = icmp eq ptr %21, %23\n  br i1 %24, label %25, label %26\n",
        "optimized": "%13 = load ptr, ptr %6, align 8\n  %14 = load ptr, ptr %4, align 8\n  %15 = call i32 @simple_strtol(ptr noundef %13, ptr noundef %14, i32 noundef 0) #2\n  %16 = load ptr, ptr %5, align 8\n  store i32 %15, ptr %16, align 4\n  %17 = load ptr, ptr %14, align 8\n  %18 = icmp eq ptr %13, %17\n  br i1 %18, label %19, label %20\n"
    },
    {
        "unoptimized": "store i32 0, ptr %3, align 4\n  br label %44\n",
        "optimized": "store i32 0, ptr %3, align 4\n  br label %36\n"
    },
    {
        "unoptimized": "%27 = load ptr, ptr %4, align 8\n  %28 = load ptr, ptr %27, align 8\n  %29 = load i8, ptr %28, align 1\n  %30 = sext i8 %29 to i32\n  %31 = icmp eq i32 %30, 44\n  br i1 %31, label %32, label %36\n",
        "optimized": "%21 = load ptr, ptr %4, align 8\n  %22 = load ptr, ptr %21, align 8\n  %23 = load i8, ptr %22, align 1\n  %24 = icmp eq i8 %23, 44\n  br i1 %24, label %25, label %29\n"
    },
    {
        "unoptimized": "%33 = load ptr, ptr %4, align 8\n  %34 = load ptr, ptr %33, align 8\n  %35 = getelementptr inbounds i8, ptr %34, i32 1\n  store ptr %35, ptr %33, align 8\n  store i32 2, ptr %3, align 4\n  br label %44\n",
        "optimized": "%26 = load ptr, ptr %4, align 8\n  %27 = load ptr, ptr %26, align 8\n  %28 = getelementptr inbounds i8, ptr %27, i64 1\n  store ptr %28, ptr %26, align 8\n  store i32 2, ptr %3, align 4\n  br label %36\n"
    },
    {
        "unoptimized": "%37 = load ptr, ptr %4, align 8\n  %38 = load ptr, ptr %37, align 8\n  %39 = load i8, ptr %38, align 1\n  %40 = sext i8 %39 to i32\n  %41 = icmp eq i32 %40, 45\n  br i1 %41, label %42, label %43\n",
        "optimized": "%30 = load ptr, ptr %4, align 8\n  %31 = load ptr, ptr %30, align 8\n  %32 = load i8, ptr %31, align 1\n  %33 = icmp eq i8 %32, 45\n  br i1 %33, label %34, label %35\n"
    },
    {
        "unoptimized": "store i32 3, ptr %3, align 4\n  br label %44\n",
        "optimized": "store i32 3, ptr %3, align 4\n  br label %36\n"
    },
    {
        "unoptimized": "store i32 1, ptr %3, align 4\n  br label %44\n",
        "optimized": "store i32 1, ptr %3, align 4\n  br label %36\n"
    },
    {
        "unoptimized": "%45 = load i32, ptr %3, align 4\n  ret i32 %45\n}",
        "optimized": "%37 = load i32, ptr %3, align 4\n  ret i32 %37\n}"
    }
]