[
    {
        "unoptimized": "%4 = alloca i32, align 4\n  %5 = alloca ptr, align 8\n  %6 = alloca ptr, align 8\n  %7 = alloca i64, align 8\n  %8 = alloca i32, align 4\n  %9 = alloca i32, align 4\n  store ptr %0, ptr %5, align 8\n  store ptr %1, ptr %6, align 8\n  store i64 %2, ptr %7, align 8\n  %10 = load i64, ptr %7, align 8\n  %11 = icmp ne i64 %10, 0\n  %12 = xor i1 %11, true\n  %13 = zext i1 %12 to i32\n  %14 = call i64 @unlikely(i32 noundef %13)\n  %15 = icmp ne i64 %14, 0\n  br i1 %15, label %16, label %17\n",
        "optimized": "%4 = alloca i32, align 4\n  %5 = alloca ptr, align 8\n  %6 = alloca ptr, align 8\n  %7 = alloca i64, align 8\n  %8 = alloca i32, align 4\n  %9 = alloca i32, align 4\n  store ptr %0, ptr %5, align 8\n  store ptr %1, ptr %6, align 8\n  store i64 %2, ptr %7, align 8\n  %.not = icmp eq i64 %2, 0\n  %10 = zext i1 %.not to i32\n  %11 = call i64 @unlikely(i32 noundef %10) #2\n  %.not1 = icmp eq i64 %11, 0\n  br i1 %.not1, label %13, label %12\n"
    },
    {
        "unoptimized": "store i32 3, ptr %4, align 4\n  br label %51\n",
        "optimized": "store i32 3, ptr %4, align 4\n  br label %41\n"
    },
    {
        "unoptimized": "%18 = load ptr, ptr %5, align 8\n  %19 = load i32, ptr @O_RDONLY, align 4\n  %20 = call i32 @open(ptr noundef %18, i32 noundef %19, i32 noundef 438)\n  store i32 %20, ptr %8, align 4\n  %21 = load i32, ptr %8, align 4\n  %22 = icmp eq i32 %21, -1\n  %23 = zext i1 %22 to i32\n  %24 = call i64 @unlikely(i32 noundef %23)\n  %25 = icmp ne i64 %24, 0\n  br i1 %25, label %26, label %29\n",
        "optimized": "%14 = load ptr, ptr %5, align 8\n  %15 = load i32, ptr @O_RDONLY, align 4\n  %16 = call i32 @open(ptr noundef %14, i32 noundef %15, i32 noundef 438) #2\n  store i32 %16, ptr %8, align 4\n  %17 = icmp eq i32 %16, -1\n  %18 = zext i1 %17 to i32\n  %19 = call i64 @unlikely(i32 noundef %18) #2\n  %.not2 = icmp eq i64 %19, 0\n  br i1 %.not2, label %22, label %20\n"
    },
    {
        "unoptimized": "%27 = load ptr, ptr %6, align 8\n  %28 = getelementptr inbounds i8, ptr %27, i64 0\n  store i8 0, ptr %28, align 1\n  store i32 1, ptr %4, align 4\n  br label %51\n",
        "optimized": "%21 = load ptr, ptr %6, align 8\n  store i8 0, ptr %21, align 1\n  store i32 1, ptr %4, align 4\n  br label %41\n"
    },
    {
        "unoptimized": "%30 = load i32, ptr %8, align 4\n  %31 = load ptr, ptr %6, align 8\n  %32 = load i64, ptr %7, align 8\n  %33 = call i32 @read(i32 noundef %30, ptr noundef %31, i64 noundef %32)\n  store i32 %33, ptr %9, align 4\n  %34 = load i32, ptr %9, align 4\n  %35 = icmp eq i32 %34, -1\n  %36 = zext i1 %35 to i32\n  %37 = call i64 @unlikely(i32 noundef %36)\n  %38 = icmp ne i64 %37, 0\n  br i1 %38, label %39, label %44\n",
        "optimized": "%23 = load i32, ptr %8, align 4\n  %24 = load ptr, ptr %6, align 8\n  %25 = load i64, ptr %7, align 8\n  %26 = call i32 @read(i32 noundef %23, ptr noundef %24, i64 noundef %25) #2\n  store i32 %26, ptr %9, align 4\n  %27 = icmp eq i32 %26, -1\n  %28 = zext i1 %27 to i32\n  %29 = call i64 @unlikely(i32 noundef %28) #2\n  %.not3 = icmp eq i64 %29, 0\n  br i1 %.not3, label %34, label %30\n"
    },
    {
        "unoptimized": "%40 = load ptr, ptr %6, align 8\n  %41 = getelementptr inbounds i8, ptr %40, i64 0\n  store i8 0, ptr %41, align 1\n  %42 = load i32, ptr %8, align 4\n  %43 = call i32 @close(i32 noundef %42)\n  store i32 2, ptr %4, align 4\n  br label %51\n",
        "optimized": "%31 = load ptr, ptr %6, align 8\n  store i8 0, ptr %31, align 1\n  %32 = load i32, ptr %8, align 4\n  %33 = call i32 @close(i32 noundef %32) #2\n  store i32 2, ptr %4, align 4\n  br label %41\n"
    },
    {
        "unoptimized": "%45 = load ptr, ptr %6, align 8\n  %46 = load i32, ptr %9, align 4\n  %47 = sext i32 %46 to i64\n  %48 = getelementptr inbounds i8, ptr %45, i64 %47\n  store i8 0, ptr %48, align 1\n  %49 = load i32, ptr %8, align 4\n  %50 = call i32 @close(i32 noundef %49)\n  store i32 0, ptr %4, align 4\n  br label %51\n",
        "optimized": "%35 = load ptr, ptr %6, align 8\n  %36 = load i32, ptr %9, align 4\n  %37 = sext i32 %36 to i64\n  %38 = getelementptr inbounds i8, ptr %35, i64 %37\n  store i8 0, ptr %38, align 1\n  %39 = load i32, ptr %8, align 4\n  %40 = call i32 @close(i32 noundef %39) #2\n  store i32 0, ptr %4, align 4\n  br label %41\n"
    },
    {
        "unoptimized": "%52 = load i32, ptr %4, align 4\n  ret i32 %52\n}",
        "optimized": "%42 = load i32, ptr %4, align 4\n  ret i32 %42\n}"
    }
]