[
    {
        "unoptimized": "%3 = alloca ptr, align 8\n  %4 = alloca ptr, align 8\n  %5 = alloca i32, align 4\n  %6 = alloca i64, align 8\n  %7 = alloca ptr, align 8\n  store ptr %0, ptr %3, align 8\n  store ptr %1, ptr %4, align 8\n  store i32 0, ptr %5, align 4\n  store i64 0, ptr %6, align 8\n  br label %8\n",
        "optimized": "%3 = alloca ptr, align 8\n  %4 = alloca ptr, align 8\n  %5 = alloca i32, align 4\n  %6 = alloca i64, align 8\n  %7 = alloca ptr, align 8\n  store ptr %0, ptr %3, align 8\n  store ptr %1, ptr %4, align 8\n  store i32 0, ptr %5, align 4\n  store i64 0, ptr %6, align 8\n  br label %8\n"
    },
    {
        "unoptimized": "%9 = load ptr, ptr %3, align 8\n  %10 = load ptr, ptr %4, align 8\n  %11 = icmp ult ptr %9, %10\n  br i1 %11, label %12, label %24\n",
        "optimized": "%9 = load ptr, ptr %3, align 8\n  %10 = load ptr, ptr %4, align 8\n  %11 = icmp ult ptr %9, %10\n  br i1 %11, label %12, label %22\n"
    },
    {
        "unoptimized": "%13 = load ptr, ptr %3, align 8\n  %14 = load ptr, ptr %4, align 8\n  %15 = call ptr @hxxx_ep3b_to_rbsp(ptr noundef %13, ptr noundef %14, ptr noundef %5, i32 noundef 1)\n  store ptr %15, ptr %7, align 8\n  %16 = load ptr, ptr %7, align 8\n  %17 = load ptr, ptr %3, align 8\n  %18 = icmp ugt ptr %16, %17\n  br i1 %18, label %19, label %22\n",
        "optimized": "%13 = load ptr, ptr %3, align 8\n  %14 = load ptr, ptr %4, align 8\n  %15 = call ptr @hxxx_ep3b_to_rbsp(ptr noundef %13, ptr noundef %14, ptr noundef nonnull %5, i32 noundef 1) #2\n  store ptr %15, ptr %7, align 8\n  %16 = icmp ugt ptr %15, %13\n  br i1 %16, label %17, label %20\n"
    },
    {
        "unoptimized": "%20 = load i64, ptr %6, align 8\n  %21 = add i64 %20, 1\n  store i64 %21, ptr %6, align 8\n  br label %22\n",
        "optimized": "%18 = load i64, ptr %6, align 8\n  %19 = add i64 %18, 1\n  store i64 %19, ptr %6, align 8\n  br label %20\n"
    },
    {
        "unoptimized": "%23 = load ptr, ptr %7, align 8\n  store ptr %23, ptr %3, align 8\n  br label %8, !llvm.loop !6\n",
        "optimized": "%21 = load ptr, ptr %7, align 8\n  store ptr %21, ptr %3, align 8\n  br label %8, !llvm.loop !6\n"
    },
    {
        "unoptimized": "%25 = load i64, ptr %6, align 8\n  ret i64 %25\n}",
        "optimized": "%23 = load i64, ptr %6, align 8\n  ret i64 %23\n}"
    }
]