[
    {
        "unoptimized": "%3 = alloca ptr, align 8\n  %4 = alloca i64, align 8\n  %5 = alloca i64, align 8\n  store ptr %0, ptr %3, align 8\n  store i64 %1, ptr %4, align 8\n  %6 = load i64, ptr %4, align 8\n  %7 = load ptr, ptr %3, align 8\n  %8 = getelementptr inbounds %struct.TYPE_6__, ptr %7, i32 0, i32 2\n  %9 = load i64, ptr %8, align 8\n  %10 = icmp uge i64 %6, %9\n  br i1 %10, label %11, label %18\n",
        "optimized": "%3 = alloca ptr, align 8\n  %4 = alloca i64, align 8\n  %5 = alloca i64, align 8\n  store ptr %0, ptr %3, align 8\n  store i64 %1, ptr %4, align 8\n  %6 = getelementptr inbounds %struct.TYPE_6__, ptr %0, i64 0, i32 2\n  %7 = load i64, ptr %6, align 8\n  %.not = icmp ugt i64 %7, %1\n  br i1 %.not, label %15, label %8\n"
    },
    {
        "unoptimized": "%12 = load i64, ptr %4, align 8\n  %13 = call i32 @error(ptr noundef @.str, i64 noundef %12)\n  %14 = load ptr, ptr %3, align 8\n  %15 = getelementptr inbounds %struct.TYPE_6__, ptr %14, i32 0, i32 2\n  %16 = load i64, ptr %15, align 8\n  %17 = sub i64 %16, 1\n  store i64 %17, ptr %4, align 8\n  br label %18\n",
        "optimized": "%9 = load i64, ptr %4, align 8\n  %10 = call i32 @error(ptr noundef nonnull @.str, i64 noundef %9) #2\n  %11 = load ptr, ptr %3, align 8\n  %12 = getelementptr inbounds %struct.TYPE_6__, ptr %11, i64 0, i32 2\n  %13 = load i64, ptr %12, align 8\n  %14 = add i64 %13, -1\n  store i64 %14, ptr %4, align 8\n  br label %15\n"
    },
    {
        "unoptimized": "%19 = load i64, ptr %4, align 8\n  %20 = load ptr, ptr %3, align 8\n  %21 = call i64 @rrdset_last_slot(ptr noundef %20)\n  %22 = icmp ugt i64 %19, %21\n  br i1 %22, label %23, label %39\n",
        "optimized": "%16 = load i64, ptr %4, align 8\n  %17 = load ptr, ptr %3, align 8\n  %18 = call i64 @rrdset_last_slot(ptr noundef %17) #2\n  %19 = icmp ugt i64 %16, %18\n  br i1 %19, label %20, label %34\n"
    },
    {
        "unoptimized": "%24 = load ptr, ptr %3, align 8\n  %25 = call i64 @rrdset_last_entry_t(ptr noundef %24)\n  %26 = load ptr, ptr %3, align 8\n  %27 = getelementptr inbounds %struct.TYPE_6__, ptr %26, i32 0, i32 1\n  %28 = load i64, ptr %27, align 8\n  %29 = load ptr, ptr %3, align 8\n  %30 = call i64 @rrdset_last_slot(ptr noundef %29)\n  %31 = load i64, ptr %4, align 8\n  %32 = sub i64 %30, %31\n  %33 = load ptr, ptr %3, align 8\n  %34 = getelementptr inbounds %struct.TYPE_6__, ptr %33, i32 0, i32 2\n  %35 = load i64, ptr %34, align 8\n  %36 = add i64 %32, %35\n  %37 = mul i64 %28, %36\n  %38 = sub i64 %25, %37\n  store i64 %38, ptr %5, align 8\n  br label %46\n",
        "optimized": "%21 = load ptr, ptr %3, align 8\n  %22 = call i64 @rrdset_last_entry_t(ptr noundef %21) #2\n  %23 = getelementptr inbounds %struct.TYPE_6__, ptr %21, i64 0, i32 1\n  %24 = load i64, ptr %23, align 8\n  %25 = call i64 @rrdset_last_slot(ptr noundef %21) #2\n  %26 = load i64, ptr %4, align 8\n  %27 = sub i64 %25, %26\n  %28 = load ptr, ptr %3, align 8\n  %29 = getelementptr inbounds %struct.TYPE_6__, ptr %28, i64 0, i32 2\n  %30 = load i64, ptr %29, align 8\n  %31 = add i64 %27, %30\n  %32 = mul i64 %24, %31\n  %33 = sub i64 %22, %32\n  br label %40\n"
    },
    {
        "unoptimized": "%40 = load ptr, ptr %3, align 8\n  %41 = call i64 @rrdset_last_entry_t(ptr noundef %40)\n  %42 = load ptr, ptr %3, align 8\n  %43 = getelementptr inbounds %struct.TYPE_6__, ptr %42, i32 0, i32 1\n  %44 = load i64, ptr %43, align 8\n  %45 = sub i64 %41, %44\n  store i64 %45, ptr %5, align 8\n  br label %46\n",
        "optimized": "%35 = load ptr, ptr %3, align 8\n  %36 = call i64 @rrdset_last_entry_t(ptr noundef %35) #2\n  %37 = getelementptr inbounds %struct.TYPE_6__, ptr %35, i64 0, i32 1\n  %38 = load i64, ptr %37, align 8\n  %39 = sub i64 %36, %38\n  br label %40\n"
    },
    {
        "unoptimized": "%47 = load i64, ptr %5, align 8\n  %48 = load ptr, ptr %3, align 8\n  %49 = call i64 @rrdset_first_entry_t(ptr noundef %48)\n  %50 = icmp slt i64 %47, %49\n  %51 = zext i1 %50 to i32\n  %52 = call i64 @unlikely(i32 noundef %51)\n  %53 = icmp ne i64 %52, 0\n  br i1 %53, label %54, label %61\n",
        "optimized": "%storemerge = phi i64 [ %39, %34 ], [ %33, %20 ]\n  store i64 %storemerge, ptr %5, align 8\n  %41 = load ptr, ptr %3, align 8\n  %42 = call i64 @rrdset_first_entry_t(ptr noundef %41) #2\n  %43 = icmp slt i64 %storemerge, %42\n  %44 = zext i1 %43 to i32\n  %45 = call i64 @unlikely(i32 noundef %44) #2\n  %.not1 = icmp eq i64 %45, 0\n  br i1 %.not1, label %51, label %46\n"
    },
    {
        "unoptimized": "%55 = load ptr, ptr %3, align 8\n  %56 = getelementptr inbounds %struct.TYPE_6__, ptr %55, i32 0, i32 0\n  %57 = load i64, ptr %56, align 8\n  %58 = call i32 @error(ptr noundef @.str.1, i64 noundef %57)\n  %59 = load ptr, ptr %3, align 8\n  %60 = call i64 @rrdset_first_entry_t(ptr noundef %59)\n  store i64 %60, ptr %5, align 8\n  br label %61\n",
        "optimized": "%47 = load ptr, ptr %3, align 8\n  %48 = load i64, ptr %47, align 8\n  %49 = call i32 @error(ptr noundef nonnull @.str.1, i64 noundef %48) #2\n  %50 = call i64 @rrdset_first_entry_t(ptr noundef nonnull %47) #2\n  store i64 %50, ptr %5, align 8\n  br label %51\n"
    },
    {
        "unoptimized": "%62 = load i64, ptr %5, align 8\n  %63 = load ptr, ptr %3, align 8\n  %64 = call i64 @rrdset_last_entry_t(ptr noundef %63)\n  %65 = icmp sgt i64 %62, %64\n  %66 = zext i1 %65 to i32\n  %67 = call i64 @unlikely(i32 noundef %66)\n  %68 = icmp ne i64 %67, 0\n  br i1 %68, label %69, label %76\n",
        "optimized": "%52 = load i64, ptr %5, align 8\n  %53 = load ptr, ptr %3, align 8\n  %54 = call i64 @rrdset_last_entry_t(ptr noundef %53) #2\n  %55 = icmp sgt i64 %52, %54\n  %56 = zext i1 %55 to i32\n  %57 = call i64 @unlikely(i32 noundef %56) #2\n  %.not2 = icmp eq i64 %57, 0\n  br i1 %.not2, label %63, label %58\n"
    },
    {
        "unoptimized": "%70 = load ptr, ptr %3, align 8\n  %71 = getelementptr inbounds %struct.TYPE_6__, ptr %70, i32 0, i32 0\n  %72 = load i64, ptr %71, align 8\n  %73 = call i32 @error(ptr noundef @.str.2, i64 noundef %72)\n  %74 = load ptr, ptr %3, align 8\n  %75 = call i64 @rrdset_last_entry_t(ptr noundef %74)\n  store i64 %75, ptr %5, align 8\n  br label %76\n",
        "optimized": "%59 = load ptr, ptr %3, align 8\n  %60 = load i64, ptr %59, align 8\n  %61 = call i32 @error(ptr noundef nonnull @.str.2, i64 noundef %60) #2\n  %62 = call i64 @rrdset_last_entry_t(ptr noundef nonnull %59) #2\n  store i64 %62, ptr %5, align 8\n  br label %63\n"
    },
    {
        "unoptimized": "%77 = load i64, ptr %5, align 8\n  ret i64 %77\n}",
        "optimized": "%64 = load i64, ptr %5, align 8\n  ret i64 %64\n}"
    }
]