[
    {
        "unoptimized": "%2 = alloca i32, align 4\n  %3 = alloca ptr, align 8\n  store ptr %0, ptr %3, align 8\n  %4 = load ptr, ptr %3, align 8\n  %5 = getelementptr inbounds %struct.ptr_ring, ptr %4, i32 0, i32 2\n  %6 = load i32, ptr %5, align 8\n  %7 = call i64 @likely(i32 noundef %6)\n  %8 = icmp ne i64 %7, 0\n  br i1 %8, label %9, label %22\n",
        "optimized": "%2 = alloca ptr, align 8\n  store ptr %0, ptr %2, align 8\n  %3 = getelementptr inbounds %struct.ptr_ring, ptr %0, i64 0, i32 2\n  %4 = load i32, ptr %3, align 8\n  %5 = call i64 @likely(i32 noundef %4) #2\n  %.not = icmp eq i64 %5, 0\n  br i1 %.not, label %15, label %6\n"
    },
    {
        "unoptimized": "%10 = load ptr, ptr %3, align 8\n  %11 = getelementptr inbounds %struct.ptr_ring, ptr %10, i32 0, i32 1\n  %12 = load ptr, ptr %11, align 8\n  %13 = load ptr, ptr %3, align 8\n  %14 = getelementptr inbounds %struct.ptr_ring, ptr %13, i32 0, i32 0\n  %15 = load i32, ptr %14, align 8\n  %16 = call i64 @READ_ONCE(i32 noundef %15)\n  %17 = getelementptr inbounds i32, ptr %12, i64 %16\n  %18 = load i32, ptr %17, align 4\n  %19 = icmp ne i32 %18, 0\n  %20 = xor i1 %19, true\n  %21 = zext i1 %20 to i32\n  store i32 %21, ptr %2, align 4\n  br label %23\n",
        "optimized": "%7 = load ptr, ptr %2, align 8\n  %8 = getelementptr inbounds %struct.ptr_ring, ptr %7, i64 0, i32 1\n  %9 = load ptr, ptr %8, align 8\n  %10 = load i32, ptr %7, align 8\n  %11 = call i64 @READ_ONCE(i32 noundef %10) #2\n  %12 = getelementptr inbounds i32, ptr %9, i64 %11\n  %13 = load i32, ptr %12, align 4\n  %.not1 = icmp eq i32 %13, 0\n  %14 = zext i1 %.not1 to i32\n  br label %16\n"
    },
    {
        "unoptimized": "store i32 1, ptr %2, align 4\n  br label %23\n",
        "optimized": "br label %16\n"
    },
    {
        "unoptimized": "%24 = load i32, ptr %2, align 4\n  ret i32 %24\n}",
        "optimized": "%storemerge = phi i32 [ 1, %15 ], [ %14, %6 ]\n  ret i32 %storemerge\n}"
    }
]