[
    {
        "unoptimized": "%4 = alloca i32, align 4\n  %5 = alloca ptr, align 8\n  %6 = alloca ptr, align 8\n  %7 = alloca i32, align 4\n  %8 = alloca ptr, align 8\n  store ptr %0, ptr %5, align 8\n  store ptr %1, ptr %6, align 8\n  store i32 %2, ptr %7, align 4\n  %9 = load ptr, ptr %5, align 8\n  %10 = call ptr @BIO_get_data(ptr noundef %9)\n  store ptr %10, ptr %8, align 8\n  %11 = load i32, ptr %7, align 4\n  %12 = icmp eq i32 %11, 0\n  br i1 %12, label %13, label %14\n",
        "optimized": "%4 = alloca i32, align 4\n  %5 = alloca ptr, align 8\n  %6 = alloca ptr, align 8\n  %7 = alloca i32, align 4\n  %8 = alloca ptr, align 8\n  store ptr %0, ptr %5, align 8\n  store ptr %1, ptr %6, align 8\n  store i32 %2, ptr %7, align 4\n  %9 = call ptr @BIO_get_data(ptr noundef %0) #2\n  store ptr %9, ptr %8, align 8\n  %10 = icmp eq i32 %2, 0\n  br i1 %10, label %11, label %12\n"
    },
    {
        "unoptimized": "store i32 0, ptr %4, align 4\n  br label %67\n",
        "optimized": "store i32 0, ptr %4, align 4\n  br label %45\n"
    },
    {
        "unoptimized": "%15 = load ptr, ptr %8, align 8\n  %16 = getelementptr inbounds %struct.TYPE_8__, ptr %15, i32 0, i32 0\n  %17 = load ptr, ptr %16, align 8\n  %18 = getelementptr inbounds %struct.TYPE_7__, ptr %17, i32 0, i32 0\n  %19 = getelementptr inbounds %struct.TYPE_6__, ptr %18, i32 0, i32 0\n  %20 = load ptr, ptr %19, align 8\n  %21 = getelementptr inbounds %struct.TYPE_9__, ptr %20, i32 0, i32 0\n  %22 = load i32, ptr %21, align 4\n  %23 = icmp eq i32 %22, 0\n  br i1 %23, label %24, label %27\n",
        "optimized": "%13 = load ptr, ptr %8, align 8\n  %14 = load ptr, ptr %13, align 8\n  %15 = load ptr, ptr %14, align 8\n  %16 = load i32, ptr %15, align 4\n  %17 = icmp eq i32 %16, 0\n  br i1 %17, label %18, label %21\n"
    },
    {
        "unoptimized": "%25 = load ptr, ptr %5, align 8\n  %26 = call i32 @BIO_set_retry_read(ptr noundef %25)\n  store i32 -1, ptr %4, align 4\n  br label %67\n",
        "optimized": "%19 = load ptr, ptr %5, align 8\n  %20 = call i32 @BIO_set_retry_read(ptr noundef %19) #2\n  store i32 -1, ptr %4, align 4\n  br label %45\n"
    },
    {
        "unoptimized": "%28 = load ptr, ptr %8, align 8\n  %29 = getelementptr inbounds %struct.TYPE_8__, ptr %28, i32 0, i32 0\n  %30 = load ptr, ptr %29, align 8\n  %31 = getelementptr inbounds %struct.TYPE_7__, ptr %30, i32 0, i32 0\n  %32 = getelementptr inbounds %struct.TYPE_6__, ptr %31, i32 0, i32 0\n  %33 = load ptr, ptr %32, align 8\n  %34 = getelementptr inbounds %struct.TYPE_9__, ptr %33, i32 0, i32 0\n  %35 = load i32, ptr %34, align 4\n  %36 = load i32, ptr %7, align 4\n  %37 = icmp slt i32 %35, %36\n  br i1 %37, label %38, label %47\n",
        "optimized": "%22 = load ptr, ptr %8, align 8\n  %23 = load ptr, ptr %22, align 8\n  %24 = load ptr, ptr %23, align 8\n  %25 = load i32, ptr %24, align 4\n  %26 = load i32, ptr %7, align 4\n  %27 = icmp slt i32 %25, %26\n  br i1 %27, label %28, label %33\n"
    },
    {
        "unoptimized": "%39 = load ptr, ptr %8, align 8\n  %40 = getelementptr inbounds %struct.TYPE_8__, ptr %39, i32 0, i32 0\n  %41 = load ptr, ptr %40, align 8\n  %42 = getelementptr inbounds %struct.TYPE_7__, ptr %41, i32 0, i32 0\n  %43 = getelementptr inbounds %struct.TYPE_6__, ptr %42, i32 0, i32 0\n  %44 = load ptr, ptr %43, align 8\n  %45 = getelementptr inbounds %struct.TYPE_9__, ptr %44, i32 0, i32 0\n  %46 = load i32, ptr %45, align 4\n  store i32 %46, ptr %7, align 4\n  br label %47\n",
        "optimized": "%29 = load ptr, ptr %8, align 8\n  %30 = load ptr, ptr %29, align 8\n  %31 = load ptr, ptr %30, align 8\n  %32 = load i32, ptr %31, align 4\n  store i32 %32, ptr %7, align 4\n  br label %33\n"
    },
    {
        "unoptimized": "%48 = load ptr, ptr %6, align 8\n  %49 = load ptr, ptr %8, align 8\n  %50 = getelementptr inbounds %struct.TYPE_8__, ptr %49, i32 0, i32 0\n  %51 = load ptr, ptr %50, align 8\n  %52 = getelementptr inbounds %struct.TYPE_7__, ptr %51, i32 0, i32 0\n  %53 = getelementptr inbounds %struct.TYPE_6__, ptr %52, i32 0, i32 0\n  %54 = load ptr, ptr %53, align 8\n  %55 = getelementptr inbounds %struct.TYPE_9__, ptr %54, i32 0, i32 1\n  %56 = load i32, ptr %55, align 4\n  %57 = load i32, ptr %7, align 4\n  %58 = call i32 @memcpy(ptr noundef %48, i32 noundef %56, i32 noundef %57)\n  %59 = load ptr, ptr %8, align 8\n  %60 = getelementptr inbounds %struct.TYPE_8__, ptr %59, i32 0, i32 0\n  %61 = load ptr, ptr %60, align 8\n  %62 = getelementptr inbounds %struct.TYPE_7__, ptr %61, i32 0, i32 0\n  %63 = getelementptr inbounds %struct.TYPE_6__, ptr %62, i32 0, i32 0\n  %64 = load i32, ptr %7, align 4\n  %65 = call i32 @h2o_buffer_consume(ptr noundef %63, i32 noundef %64)\n  %66 = load i32, ptr %7, align 4\n  store i32 %66, ptr %4, align 4\n  br label %67\n",
        "optimized": "%34 = load ptr, ptr %6, align 8\n  %35 = load ptr, ptr %8, align 8\n  %36 = load ptr, ptr %35, align 8\n  %37 = load ptr, ptr %36, align 8\n  %38 = getelementptr inbounds %struct.TYPE_9__, ptr %37, i64 0, i32 1\n  %39 = load i32, ptr %38, align 4\n  %40 = load i32, ptr %7, align 4\n  %41 = call i32 @memcpy(ptr noundef %34, i32 noundef %39, i32 noundef %40) #2\n  %42 = load ptr, ptr %8, align 8\n  %43 = load ptr, ptr %42, align 8\n  %44 = call i32 @h2o_buffer_consume(ptr noundef %43, i32 noundef %40) #2\n  store i32 %40, ptr %4, align 4\n  br label %45\n"
    },
    {
        "unoptimized": "%68 = load i32, ptr %4, align 4\n  ret i32 %68\n}",
        "optimized": "%46 = load i32, ptr %4, align 4\n  ret i32 %46\n}"
    }
]