[
    {
        "unoptimized": "%2 = alloca ptr, align 8\n  store ptr %0, ptr %2, align 8\n  %3 = load ptr, ptr %2, align 8\n  %4 = getelementptr inbounds %struct.TYPE_4__, ptr %3, i32 0, i32 1\n  %5 = load ptr, ptr %4, align 8\n  %6 = icmp ne ptr %5, null\n  br i1 %6, label %7, label %14\n",
        "optimized": "%2 = alloca ptr, align 8\n  store ptr %0, ptr %2, align 8\n  %3 = getelementptr inbounds %struct.TYPE_4__, ptr %0, i64 0, i32 1\n  %4 = load ptr, ptr %3, align 8\n  %.not = icmp eq ptr %4, null\n  br i1 %.not, label %11, label %5\n"
    },
    {
        "unoptimized": "%8 = load ptr, ptr %2, align 8\n  %9 = getelementptr inbounds %struct.TYPE_4__, ptr %8, i32 0, i32 1\n  %10 = load ptr, ptr %9, align 8\n  %11 = call i32 @h2o_socketpool_cancel_connect(ptr noundef %10)\n  %12 = load ptr, ptr %2, align 8\n  %13 = getelementptr inbounds %struct.TYPE_4__, ptr %12, i32 0, i32 1\n  store ptr null, ptr %13, align 8\n  br label %14\n",
        "optimized": "%6 = load ptr, ptr %2, align 8\n  %7 = getelementptr inbounds %struct.TYPE_4__, ptr %6, i64 0, i32 1\n  %8 = load ptr, ptr %7, align 8\n  %9 = call i32 @h2o_socketpool_cancel_connect(ptr noundef %8) #2\n  %10 = getelementptr inbounds %struct.TYPE_4__, ptr %6, i64 0, i32 1\n  store ptr null, ptr %10, align 8\n  br label %11\n"
    },
    {
        "unoptimized": "%15 = load ptr, ptr %2, align 8\n  %16 = getelementptr inbounds %struct.TYPE_4__, ptr %15, i32 0, i32 0\n  %17 = call i64 @h2o_timer_is_linked(ptr noundef %16)\n  %18 = icmp ne i64 %17, 0\n  br i1 %18, label %19, label %23\n",
        "optimized": "%12 = load ptr, ptr %2, align 8\n  %13 = call i64 @h2o_timer_is_linked(ptr noundef %12) #2\n  %.not1 = icmp eq i64 %13, 0\n  br i1 %.not1, label %17, label %14\n"
    },
    {
        "unoptimized": "%20 = load ptr, ptr %2, align 8\n  %21 = getelementptr inbounds %struct.TYPE_4__, ptr %20, i32 0, i32 0\n  %22 = call i32 @h2o_timer_unlink(ptr noundef %21)\n  br label %23\n",
        "optimized": "%15 = load ptr, ptr %2, align 8\n  %16 = call i32 @h2o_timer_unlink(ptr noundef %15) #2\n  br label %17\n"
    },
    {
        "unoptimized": "%24 = load ptr, ptr %2, align 8\n  %25 = call i32 @free(ptr noundef %24)\n  ret void\n}",
        "optimized": "%18 = load ptr, ptr %2, align 8\n  %19 = call i32 @free(ptr noundef %18) #2\n  ret void\n}"
    }
]