[
    {
        "unoptimized": "%5 = alloca i32, align 4\n  %6 = alloca i32, align 4\n  %7 = alloca ptr, align 8\n  %8 = alloca ptr, align 8\n  %9 = alloca ptr, align 8\n  %10 = alloca i32, align 4\n  %11 = alloca i32, align 4\n  store i32 %0, ptr %6, align 4\n  store ptr %1, ptr %7, align 8\n  store ptr %2, ptr %8, align 8\n  store ptr %3, ptr %9, align 8\n  %12 = load ptr, ptr %9, align 8\n  store i64 0, ptr %12, align 8\n  br label %13\n",
        "optimized": "%5 = alloca i32, align 4\n  %6 = alloca ptr, align 8\n  %7 = alloca ptr, align 8\n  %8 = alloca ptr, align 8\n  %9 = alloca i32, align 4\n  %10 = alloca i32, align 4\n  store i32 %0, ptr %5, align 4\n  store ptr %1, ptr %6, align 8\n  store ptr %2, ptr %7, align 8\n  store ptr %3, ptr %8, align 8\n  store i64 0, ptr %3, align 8\n  br label %11\n"
    },
    {
        "unoptimized": "%14 = load ptr, ptr %8, align 8\n  %15 = load i64, ptr %14, align 8\n  %16 = icmp ne i64 %15, 0\n  br i1 %16, label %17, label %103\n",
        "optimized": "%12 = load ptr, ptr %7, align 8\n  %13 = load i64, ptr %12, align 8\n  %.not = icmp eq i64 %13, 0\n  br i1 %.not, label %92, label %14\n"
    },
    {
        "unoptimized": "%18 = load i32, ptr @IOV_MAX, align 4\n  store i32 %18, ptr %10, align 4\n  %19 = load ptr, ptr %8, align 8\n  %20 = load i64, ptr %19, align 8\n  %21 = load i32, ptr %10, align 4\n  %22 = sext i32 %21 to i64\n  %23 = icmp ult i64 %20, %22\n  br i1 %23, label %24, label %28\n",
        "optimized": "%15 = load i32, ptr @IOV_MAX, align 4\n  store i32 %15, ptr %9, align 4\n  %16 = load ptr, ptr %7, align 8\n  %17 = load i64, ptr %16, align 8\n  %18 = sext i32 %15 to i64\n  %19 = icmp ult i64 %17, %18\n  br i1 %19, label %20, label %24\n"
    },
    {
        "unoptimized": "%25 = load ptr, ptr %8, align 8\n  %26 = load i64, ptr %25, align 8\n  %27 = trunc i64 %26 to i32\n  store i32 %27, ptr %10, align 4\n  br label %28\n",
        "optimized": "%21 = load ptr, ptr %7, align 8\n  %22 = load i64, ptr %21, align 8\n  %23 = trunc i64 %22 to i32\n  store i32 %23, ptr %9, align 4\n  br label %24\n"
    },
    {
        "unoptimized": "br label %29\n",
        "optimized": "br label %25\n"
    },
    {
        "unoptimized": "%30 = load i32, ptr %6, align 4\n  %31 = load ptr, ptr %7, align 8\n  %32 = load ptr, ptr %31, align 8\n  %33 = load i32, ptr %10, align 4\n  %34 = call i32 @writev(i32 noundef %30, ptr noundef %32, i32 noundef %33)\n  store i32 %34, ptr %11, align 4\n  %35 = icmp eq i32 %34, -1\n  br i1 %35, label %36, label %40\n",
        "optimized": "%26 = load i32, ptr %5, align 4\n  %27 = load ptr, ptr %6, align 8\n  %28 = load ptr, ptr %27, align 8\n  %29 = load i32, ptr %9, align 4\n  %30 = call i32 @writev(i32 noundef %26, ptr noundef %28, i32 noundef %29) #2\n  store i32 %30, ptr %10, align 4\n  %31 = icmp eq i32 %30, -1\n  br i1 %31, label %32, label %36\n"
    },
    {
        "unoptimized": "%37 = load i64, ptr @errno, align 8\n  %38 = load i64, ptr @EINTR, align 8\n  %39 = icmp eq i64 %37, %38\n  br label %40\n",
        "optimized": "%33 = load i64, ptr @errno, align 8\n  %34 = load i64, ptr @EINTR, align 8\n  %35 = icmp eq i64 %33, %34\n  br label %36\n"
    },
    {
        "unoptimized": "%41 = phi i1 [ false, %29 ], [ %39, %36 ]\n  br i1 %41, label %42, label %43\n",
        "optimized": "%37 = phi i1 [ false, %25 ], [ %35, %32 ]\n  br i1 %37, label %38, label %39\n"
    },
    {
        "unoptimized": "br label %29, !llvm.loop !6\n",
        "optimized": "br label %25, !llvm.loop !6\n"
    },
    {
        "unoptimized": "%44 = load i32, ptr %11, align 4\n  %45 = icmp eq i32 %44, -1\n  br i1 %45, label %46, label %52\n",
        "optimized": "%40 = load i32, ptr %10, align 4\n  %41 = icmp eq i32 %40, -1\n  br i1 %41, label %42, label %47\n"
    },
    {
        "unoptimized": "%47 = load i64, ptr @errno, align 8\n  %48 = load i64, ptr @EAGAIN, align 8\n  %49 = icmp ne i64 %47, %48\n  br i1 %49, label %50, label %51\n",
        "optimized": "%43 = load i64, ptr @errno, align 8\n  %44 = load i64, ptr @EAGAIN, align 8\n  %.not2 = icmp eq i64 %43, %44\n  br i1 %.not2, label %46, label %45\n"
    },
    {
        "unoptimized": "store i32 -1, ptr %5, align 4\n  br label %104\n",
        "optimized": "br label %93\n"
    },
    {
        "unoptimized": "br label %103\n",
        "optimized": "br label %92\n"
    },
    {
        "unoptimized": "br label %53\n",
        "optimized": "br label %48\n"
    },
    {
        "unoptimized": "%54 = load ptr, ptr %7, align 8\n  %55 = load ptr, ptr %54, align 8\n  %56 = getelementptr inbounds %struct.TYPE_3__, ptr %55, i32 0, i32 0\n  %57 = load i32, ptr %56, align 4\n  %58 = load i32, ptr %11, align 4\n  %59 = icmp slt i32 %57, %58\n  br i1 %59, label %60, label %75\n",
        "optimized": "%49 = load ptr, ptr %6, align 8\n  %50 = load ptr, ptr %49, align 8\n  %51 = load i32, ptr %50, align 4\n  %52 = load i32, ptr %10, align 4\n  %53 = icmp slt i32 %51, %52\n  br i1 %53, label %54, label %66\n"
    },
    {
        "unoptimized": "%61 = load ptr, ptr %7, align 8\n  %62 = load ptr, ptr %61, align 8\n  %63 = getelementptr inbounds %struct.TYPE_3__, ptr %62, i32 0, i32 0\n  %64 = load i32, ptr %63, align 4\n  %65 = load i32, ptr %11, align 4\n  %66 = sub nsw i32 %65, %64\n  store i32 %66, ptr %11, align 4\n  %67 = load ptr, ptr %7, align 8\n  %68 = load ptr, ptr %67, align 8\n  %69 = getelementptr inbounds %struct.TYPE_3__, ptr %68, i32 1\n  store ptr %69, ptr %67, align 8\n  %70 = load ptr, ptr %8, align 8\n  %71 = load i64, ptr %70, align 8\n  %72 = add i64 %71, -1\n  store i64 %72, ptr %70, align 8\n  %73 = load i32, ptr %10, align 4\n  %74 = add nsw i32 %73, -1\n  store i32 %74, ptr %10, align 4\n  br label %53, !llvm.loop !8\n",
        "optimized": "%55 = load ptr, ptr %6, align 8\n  %56 = load ptr, ptr %55, align 8\n  %57 = load i32, ptr %56, align 4\n  %58 = load i32, ptr %10, align 4\n  %59 = sub nsw i32 %58, %57\n  store i32 %59, ptr %10, align 4\n  %60 = getelementptr inbounds %struct.TYPE_3__, ptr %56, i64 1\n  store ptr %60, ptr %55, align 8\n  %61 = load ptr, ptr %7, align 8\n  %62 = load i64, ptr %61, align 8\n  %63 = add i64 %62, -1\n  store i64 %63, ptr %61, align 8\n  %64 = load i32, ptr %9, align 4\n  %65 = add nsw i32 %64, -1\n  store i32 %65, ptr %9, align 4\n  br label %48, !llvm.loop !8\n"
    },
    {
        "unoptimized": "%76 = load i32, ptr %10, align 4\n  %77 = icmp sgt i32 %76, 0\n  %78 = zext i1 %77 to i32\n  %79 = call i32 @assert(i32 noundef %78)\n  %80 = load ptr, ptr %7, align 8\n  %81 = load ptr, ptr %80, align 8\n  %82 = getelementptr inbounds %struct.TYPE_3__, ptr %81, i32 0, i32 0\n  %83 = load i32, ptr %82, align 4\n  %84 = load i32, ptr %11, align 4\n  %85 = icmp eq i32 %83, %84\n  br i1 %85, label %86, label %98\n",
        "optimized": "%67 = load i32, ptr %9, align 4\n  %68 = icmp sgt i32 %67, 0\n  %69 = zext i1 %68 to i32\n  %70 = call i32 @assert(i32 noundef %69) #2\n  %71 = load ptr, ptr %6, align 8\n  %72 = load ptr, ptr %71, align 8\n  %73 = load i32, ptr %72, align 4\n  %74 = load i32, ptr %10, align 4\n  %75 = icmp eq i32 %73, %74\n  br i1 %75, label %76, label %87\n"
    },
    {
        "unoptimized": "%87 = load ptr, ptr %7, align 8\n  %88 = load ptr, ptr %87, align 8\n  %89 = getelementptr inbounds %struct.TYPE_3__, ptr %88, i32 1\n  store ptr %89, ptr %87, align 8\n  %90 = load ptr, ptr %8, align 8\n  %91 = load i64, ptr %90, align 8\n  %92 = add i64 %91, -1\n  store i64 %92, ptr %90, align 8\n  %93 = load i32, ptr %10, align 4\n  %94 = add nsw i32 %93, -1\n  store i32 %94, ptr %10, align 4\n  %95 = icmp ne i32 %94, 0\n  br i1 %95, label %96, label %97\n",
        "optimized": "%77 = load ptr, ptr %6, align 8\n  %78 = load ptr, ptr %77, align 8\n  %79 = getelementptr inbounds %struct.TYPE_3__, ptr %78, i64 1\n  store ptr %79, ptr %77, align 8\n  %80 = load ptr, ptr %7, align 8\n  %81 = load i64, ptr %80, align 8\n  %82 = add i64 %81, -1\n  store i64 %82, ptr %80, align 8\n  %83 = load i32, ptr %9, align 4\n  %84 = add nsw i32 %83, -1\n  store i32 %84, ptr %9, align 4\n  %.not1 = icmp eq i32 %84, 0\n  br i1 %.not1, label %86, label %85\n"
    },
    {
        "unoptimized": "br label %103\n",
        "optimized": "br label %92\n"
    },
    {
        "unoptimized": "br label %102\n",
        "optimized": "br label %91\n"
    },
    {
        "unoptimized": "%99 = load i32, ptr %11, align 4\n  %100 = sext i32 %99 to i64\n  %101 = load ptr, ptr %9, align 8\n  store i64 %100, ptr %101, align 8\n  br label %103\n",
        "optimized": "%88 = load i32, ptr %10, align 4\n  %89 = sext i32 %88 to i64\n  %90 = load ptr, ptr %8, align 8\n  store i64 %89, ptr %90, align 8\n  br label %92\n"
    },
    {
        "unoptimized": "br label %13, !llvm.loop !9\n",
        "optimized": "br label %11, !llvm.loop !9\n"
    },
    {
        "unoptimized": "store i32 0, ptr %5, align 4\n  br label %104\n",
        "optimized": "br label %93\n"
    },
    {
        "unoptimized": "%105 = load i32, ptr %5, align 4\n  ret i32 %105\n}",
        "optimized": "%storemerge = phi i32 [ 0, %92 ], [ -1, %45 ]\n  ret i32 %storemerge\n}"
    }
]