[
    {
        "unoptimized": "%2 = alloca ptr, align 8\n  %3 = alloca ptr, align 8\n  %4 = alloca i64, align 8\n  store ptr %0, ptr %2, align 8\n  %5 = load ptr, ptr %2, align 8\n  store ptr %5, ptr %3, align 8\n  %6 = load ptr, ptr %3, align 8\n  %7 = getelementptr inbounds %struct.TYPE_8__, ptr %6, i32 0, i32 3\n  %8 = getelementptr inbounds %struct.TYPE_5__, ptr %7, i32 0, i32 0\n  %9 = load ptr, ptr %8, align 8\n  %10 = call i32 @free(ptr noundef %9)\n  %11 = load ptr, ptr %3, align 8\n  %12 = getelementptr inbounds %struct.TYPE_8__, ptr %11, i32 0, i32 2\n  %13 = getelementptr inbounds %struct.TYPE_6__, ptr %12, i32 0, i32 0\n  %14 = load ptr, ptr %13, align 8\n  %15 = call i32 @free(ptr noundef %14)\n  %16 = load ptr, ptr %3, align 8\n  %17 = getelementptr inbounds %struct.TYPE_8__, ptr %16, i32 0, i32 1\n  %18 = load i32, ptr %17, align 8\n  %19 = call i32 @h2o_mem_release_shared(i32 noundef %18)\n  store i64 0, ptr %4, align 8\n  br label %20\n",
        "optimized": "%2 = alloca ptr, align 8\n  %3 = alloca i64, align 8\n  store ptr %0, ptr %2, align 8\n  %4 = getelementptr inbounds %struct.TYPE_8__, ptr %0, i64 0, i32 3\n  %5 = load ptr, ptr %4, align 8\n  %6 = call i32 @free(ptr noundef %5) #2\n  %7 = getelementptr inbounds %struct.TYPE_8__, ptr %0, i64 0, i32 2\n  %8 = load ptr, ptr %7, align 8\n  %9 = call i32 @free(ptr noundef %8) #2\n  %10 = load ptr, ptr %2, align 8\n  %11 = getelementptr inbounds %struct.TYPE_8__, ptr %10, i64 0, i32 1\n  %12 = load i32, ptr %11, align 8\n  %13 = call i32 @h2o_mem_release_shared(i32 noundef %12) #2\n  br label %14\n"
    },
    {
        "unoptimized": "%21 = load ptr, ptr %3, align 8\n  %22 = getelementptr inbounds %struct.TYPE_8__, ptr %21, i32 0, i32 0\n  %23 = load ptr, ptr %22, align 8\n  %24 = load i64, ptr %4, align 8\n  %25 = getelementptr inbounds %struct.TYPE_7__, ptr %23, i64 %24\n  %26 = getelementptr inbounds %struct.TYPE_7__, ptr %25, i32 0, i32 0\n  %27 = load ptr, ptr %26, align 8\n  %28 = icmp ne ptr %27, null\n  br i1 %28, label %29, label %41\n",
        "optimized": "%storemerge = phi i64 [ 0, %1 ], [ %28, %26 ]\n  store i64 %storemerge, ptr %3, align 8\n  %15 = load ptr, ptr %2, align 8\n  %16 = load ptr, ptr %15, align 8\n  %17 = getelementptr inbounds %struct.TYPE_7__, ptr %16, i64 %storemerge\n  %18 = load ptr, ptr %17, align 8\n  %.not = icmp eq ptr %18, null\n  br i1 %.not, label %29, label %19\n"
    },
    {
        "unoptimized": "%30 = load ptr, ptr %3, align 8\n  %31 = getelementptr inbounds %struct.TYPE_8__, ptr %30, i32 0, i32 0\n  %32 = load ptr, ptr %31, align 8\n  %33 = load i64, ptr %4, align 8\n  %34 = getelementptr inbounds %struct.TYPE_7__, ptr %32, i64 %33\n  %35 = getelementptr inbounds %struct.TYPE_7__, ptr %34, i32 0, i32 0\n  %36 = load ptr, ptr %35, align 8\n  %37 = call i32 @free(ptr noundef %36)\n  br label %38\n",
        "optimized": "%20 = load ptr, ptr %2, align 8\n  %21 = load ptr, ptr %20, align 8\n  %22 = load i64, ptr %3, align 8\n  %23 = getelementptr inbounds %struct.TYPE_7__, ptr %21, i64 %22\n  %24 = load ptr, ptr %23, align 8\n  %25 = call i32 @free(ptr noundef %24) #2\n  br label %26\n"
    },
    {
        "unoptimized": "%39 = load i64, ptr %4, align 8\n  %40 = add i64 %39, 1\n  store i64 %40, ptr %4, align 8\n  br label %20, !llvm.loop !6\n",
        "optimized": "%27 = load i64, ptr %3, align 8\n  %28 = add i64 %27, 1\n  br label %14, !llvm.loop !6\n"
    },
    {
        "unoptimized": "ret void\n}",
        "optimized": "ret void\n}"
    }
]