[
    {
        "unoptimized": "%3 = alloca ptr, align 8\n  %4 = alloca ptr, align 8\n  %5 = alloca i64, align 8\n  %6 = alloca ptr, align 8\n  %7 = alloca ptr, align 8\n  store ptr %0, ptr %3, align 8\n  store ptr %1, ptr %4, align 8\n  %8 = load i32, ptr @extmap, align 4\n  %9 = load ptr, ptr %3, align 8\n  %10 = getelementptr inbounds %struct.TYPE_5__, ptr %9, i32 0, i32 0\n  %11 = load i32, ptr %10, align 4\n  %12 = load ptr, ptr %4, align 8\n  %13 = call i64 @kh_get(i32 noundef %8, i32 noundef %11, ptr noundef %12)\n  store i64 %13, ptr %5, align 8\n  %14 = load i64, ptr %5, align 8\n  %15 = load ptr, ptr %3, align 8\n  %16 = getelementptr inbounds %struct.TYPE_5__, ptr %15, i32 0, i32 0\n  %17 = load i32, ptr %16, align 4\n  %18 = call i64 @kh_end(i32 noundef %17)\n  %19 = icmp ne i64 %14, %18\n  br i1 %19, label %20, label %46\n",
        "optimized": "%3 = alloca ptr, align 8\n  %4 = alloca i64, align 8\n  %5 = alloca ptr, align 8\n  store ptr %0, ptr %3, align 8\n  %6 = load i32, ptr @extmap, align 4\n  %7 = load i32, ptr %0, align 4\n  %8 = call i64 @kh_get(i32 noundef %6, i32 noundef %7, ptr noundef %1) #2\n  store i64 %8, ptr %4, align 8\n  %9 = load i32, ptr %0, align 4\n  %10 = call i64 @kh_end(i32 noundef %9) #2\n  %.not = icmp eq i64 %8, %10\n  br i1 %.not, label %29, label %11\n"
    },
    {
        "unoptimized": "%21 = load ptr, ptr %3, align 8\n  %22 = getelementptr inbounds %struct.TYPE_5__, ptr %21, i32 0, i32 0\n  %23 = load i32, ptr %22, align 4\n  %24 = load i64, ptr %5, align 8\n  %25 = call ptr @kh_key(i32 noundef %23, i64 noundef %24)\n  store ptr %25, ptr %6, align 8\n  %26 = load ptr, ptr %3, align 8\n  %27 = getelementptr inbounds %struct.TYPE_5__, ptr %26, i32 0, i32 0\n  %28 = load i32, ptr %27, align 4\n  %29 = load i64, ptr %5, align 8\n  %30 = call ptr @kh_val(i32 noundef %28, i64 noundef %29)\n  store ptr %30, ptr %7, align 8\n  %31 = load ptr, ptr %3, align 8\n  %32 = load ptr, ptr %7, align 8\n  %33 = call i32 @on_unlink(ptr noundef %31, ptr noundef %32)\n  %34 = load ptr, ptr %7, align 8\n  %35 = call i32 @h2o_mem_release_shared(ptr noundef %34)\n  %36 = load i32, ptr @extmap, align 4\n  %37 = load ptr, ptr %3, align 8\n  %38 = getelementptr inbounds %struct.TYPE_5__, ptr %37, i32 0, i32 0\n  %39 = load i32, ptr %38, align 4\n  %40 = load i64, ptr %5, align 8\n  %41 = call i32 @kh_del(i32 noundef %36, i32 noundef %39, i64 noundef %40)\n  %42 = load ptr, ptr %6, align 8\n  %43 = call i32 @h2o_mem_release_shared(ptr noundef %42)\n  %44 = load ptr, ptr %3, align 8\n  %45 = call i32 @rebuild_typeset(ptr noundef %44)\n  br label %46\n",
        "optimized": "%12 = load ptr, ptr %3, align 8\n  %13 = load i32, ptr %12, align 4\n  %14 = load i64, ptr %4, align 8\n  %15 = call ptr @kh_key(i32 noundef %13, i64 noundef %14) #2\n  store ptr %15, ptr %5, align 8\n  %16 = load i32, ptr %12, align 4\n  %17 = call ptr @kh_val(i32 noundef %16, i64 noundef %14) #2\n  %18 = load ptr, ptr %3, align 8\n  %19 = call i32 @on_unlink(ptr noundef %18, ptr noundef %17) #2\n  %20 = call i32 @h2o_mem_release_shared(ptr noundef %17) #2\n  %21 = load i32, ptr @extmap, align 4\n  %22 = load i32, ptr %18, align 4\n  %23 = load i64, ptr %4, align 8\n  %24 = call i32 @kh_del(i32 noundef %21, i32 noundef %22, i64 noundef %23) #2\n  %25 = load ptr, ptr %5, align 8\n  %26 = call i32 @h2o_mem_release_shared(ptr noundef %25) #2\n  %27 = load ptr, ptr %3, align 8\n  %28 = call i32 @rebuild_typeset(ptr noundef %27) #2\n  br label %29\n"
    },
    {
        "unoptimized": "ret void\n}",
        "optimized": "ret void\n}"
    }
]