[
    {
        "unoptimized": "%4 = alloca ptr, align 8\n  %5 = alloca ptr, align 8\n  %6 = alloca i64, align 8\n  store ptr %0, ptr %4, align 8\n  store ptr %1, ptr %5, align 8\n  store i64 %2, ptr %6, align 8\n  %7 = load ptr, ptr %4, align 8\n  %8 = load ptr, ptr %5, align 8\n  %9 = icmp uge ptr %7, %8\n  br i1 %9, label %10, label %16\n",
        "optimized": "%4 = alloca ptr, align 8\n  %5 = alloca ptr, align 8\n  %6 = alloca i64, align 8\n  store ptr %0, ptr %4, align 8\n  store ptr %1, ptr %5, align 8\n  store i64 %2, ptr %6, align 8\n  %.not = icmp ult ptr %0, %1\n  br i1 %.not, label %14, label %7\n"
    },
    {
        "unoptimized": "%11 = load ptr, ptr %4, align 8\n  %12 = load ptr, ptr %5, align 8\n  %13 = load i64, ptr %6, align 8\n  %14 = getelementptr i8, ptr %12, i64 %13\n  %15 = icmp ult ptr %11, %14\n  br label %16\n",
        "optimized": "%8 = load ptr, ptr %4, align 8\n  %9 = load ptr, ptr %5, align 8\n  %10 = load i64, ptr %6, align 8\n  %11 = getelementptr i8, ptr %9, i64 %10\n  %12 = icmp ult ptr %8, %11\n  %13 = zext i1 %12 to i32\n  br label %14\n"
    },
    {
        "unoptimized": "%17 = phi i1 [ false, %3 ], [ %15, %10 ]\n  %18 = zext i1 %17 to i32\n  ret i32 %18\n}",
        "optimized": "%15 = phi i32 [ 0, %3 ], [ %13, %7 ]\n  ret i32 %15\n}"
    }
]