[
    {
        "unoptimized": "%4 = alloca i32, align 4\n  %5 = alloca ptr, align 8\n  %6 = alloca ptr, align 8\n  %7 = alloca i64, align 8\n  %8 = alloca %struct.TYPE_6__, align 8\n  store ptr %0, ptr %5, align 8\n  store ptr %1, ptr %6, align 8\n  store i64 %2, ptr %7, align 8\n  %9 = load ptr, ptr %5, align 8\n  %10 = getelementptr inbounds %struct.st_fcgi_generator_t, ptr %9, i32 0, i32 0\n  %11 = load i64, ptr %10, align 8\n  %12 = load i64, ptr @SIZE_MAX, align 8\n  %13 = icmp ne i64 %11, %12\n  br i1 %13, label %14, label %34\n",
        "optimized": "%4 = alloca i32, align 4\n  %5 = alloca ptr, align 8\n  %6 = alloca ptr, align 8\n  %7 = alloca i64, align 8\n  %8 = alloca %struct.TYPE_6__, align 8\n  store ptr %0, ptr %5, align 8\n  store ptr %1, ptr %6, align 8\n  store i64 %2, ptr %7, align 8\n  %9 = load i64, ptr %0, align 8\n  %10 = load i64, ptr @SIZE_MAX, align 8\n  %.not = icmp eq i64 %9, %10\n  br i1 %.not, label %27, label %11\n"
    },
    {
        "unoptimized": "%15 = load ptr, ptr %5, align 8\n  %16 = getelementptr inbounds %struct.st_fcgi_generator_t, ptr %15, i32 0, i32 0\n  %17 = load i64, ptr %16, align 8\n  %18 = load i64, ptr %7, align 8\n  %19 = icmp ult i64 %17, %18\n  br i1 %19, label %20, label %28\n",
        "optimized": "%12 = load ptr, ptr %5, align 8\n  %13 = load i64, ptr %12, align 8\n  %14 = load i64, ptr %7, align 8\n  %15 = icmp ult i64 %13, %14\n  br i1 %15, label %16, label %22\n"
    },
    {
        "unoptimized": "%21 = load ptr, ptr %5, align 8\n  %22 = getelementptr inbounds %struct.st_fcgi_generator_t, ptr %21, i32 0, i32 0\n  %23 = load i64, ptr %22, align 8\n  store i64 %23, ptr %7, align 8\n  %24 = load i64, ptr %7, align 8\n  %25 = icmp eq i64 %24, 0\n  br i1 %25, label %26, label %27\n",
        "optimized": "%17 = load ptr, ptr %5, align 8\n  %18 = load i64, ptr %17, align 8\n  store i64 %18, ptr %7, align 8\n  %19 = icmp eq i64 %18, 0\n  br i1 %19, label %20, label %21\n"
    },
    {
        "unoptimized": "store i32 0, ptr %4, align 4\n  br label %59\n",
        "optimized": "store i32 0, ptr %4, align 4\n  br label %44\n"
    },
    {
        "unoptimized": "br label %28\n",
        "optimized": "br label %22\n"
    },
    {
        "unoptimized": "%29 = load i64, ptr %7, align 8\n  %30 = load ptr, ptr %5, align 8\n  %31 = getelementptr inbounds %struct.st_fcgi_generator_t, ptr %30, i32 0, i32 0\n  %32 = load i64, ptr %31, align 8\n  %33 = sub i64 %32, %29\n  store i64 %33, ptr %31, align 8\n  br label %34\n",
        "optimized": "%23 = load i64, ptr %7, align 8\n  %24 = load ptr, ptr %5, align 8\n  %25 = load i64, ptr %24, align 8\n  %26 = sub i64 %25, %23\n  store i64 %26, ptr %24, align 8\n  br label %27\n"
    },
    {
        "unoptimized": "%35 = load ptr, ptr %5, align 8\n  %36 = getelementptr inbounds %struct.st_fcgi_generator_t, ptr %35, i32 0, i32 1\n  %37 = getelementptr inbounds %struct.TYPE_5__, ptr %36, i32 0, i32 0\n  %38 = load i64, ptr %7, align 8\n  %39 = call ptr @h2o_buffer_try_reserve(ptr noundef %37, i64 noundef %38)\n  %40 = getelementptr inbounds %struct.TYPE_6__, ptr %8, i32 0, i32 0\n  store ptr %39, ptr %40, align 8\n  %41 = getelementptr inbounds %struct.TYPE_6__, ptr %8, i32 0, i32 0\n  %42 = load ptr, ptr %41, align 8\n  %43 = icmp eq ptr %42, null\n  br i1 %43, label %44, label %45\n",
        "optimized": "%28 = load ptr, ptr %5, align 8\n  %29 = getelementptr inbounds %struct.st_fcgi_generator_t, ptr %28, i64 0, i32 1\n  %30 = load i64, ptr %7, align 8\n  %31 = call ptr @h2o_buffer_try_reserve(ptr noundef nonnull %29, i64 noundef %30) #2\n  store ptr %31, ptr %8, align 8\n  %32 = icmp eq ptr %31, null\n  br i1 %32, label %33, label %34\n"
    },
    {
        "unoptimized": "store i32 -1, ptr %4, align 4\n  br label %59\n",
        "optimized": "store i32 -1, ptr %4, align 4\n  br label %44\n"
    },
    {
        "unoptimized": "%46 = getelementptr inbounds %struct.TYPE_6__, ptr %8, i32 0, i32 0\n  %47 = load ptr, ptr %46, align 8\n  %48 = load ptr, ptr %6, align 8\n  %49 = load i64, ptr %7, align 8\n  %50 = call i32 @memcpy(ptr noundef %47, ptr noundef %48, i64 noundef %49)\n  %51 = load i64, ptr %7, align 8\n  %52 = load ptr, ptr %5, align 8\n  %53 = getelementptr inbounds %struct.st_fcgi_generator_t, ptr %52, i32 0, i32 1\n  %54 = getelementptr inbounds %struct.TYPE_5__, ptr %53, i32 0, i32 0\n  %55 = load ptr, ptr %54, align 8\n  %56 = getelementptr inbounds %struct.TYPE_7__, ptr %55, i32 0, i32 0\n  %57 = load i64, ptr %56, align 8\n  %58 = add i64 %57, %51\n  store i64 %58, ptr %56, align 8\n  store i32 0, ptr %4, align 4\n  br label %59\n",
        "optimized": "%35 = load ptr, ptr %8, align 8\n  %36 = load ptr, ptr %6, align 8\n  %37 = load i64, ptr %7, align 8\n  %38 = call i32 @memcpy(ptr noundef %35, ptr noundef %36, i64 noundef %37) #2\n  %39 = load ptr, ptr %5, align 8\n  %40 = getelementptr inbounds %struct.st_fcgi_generator_t, ptr %39, i64 0, i32 1\n  %41 = load ptr, ptr %40, align 8\n  %42 = load i64, ptr %41, align 8\n  %43 = add i64 %42, %37\n  store i64 %43, ptr %41, align 8\n  store i32 0, ptr %4, align 4\n  br label %44\n"
    },
    {
        "unoptimized": "%60 = load i32, ptr %4, align 4\n  ret i32 %60\n}",
        "optimized": "%45 = load i32, ptr %4, align 4\n  ret i32 %45\n}"
    }
]