[
    {
        "unoptimized": "%7 = alloca i32, align 4\n  %8 = alloca ptr, align 8\n  %9 = alloca ptr, align 8\n  %10 = alloca ptr, align 8\n  %11 = alloca i32, align 4\n  %12 = alloca i32, align 4\n  %13 = alloca i32, align 4\n  %14 = alloca ptr, align 8\n  store ptr %0, ptr %8, align 8\n  store ptr %1, ptr %9, align 8\n  store ptr %2, ptr %10, align 8\n  store i32 %3, ptr %11, align 4\n  store i32 %4, ptr %12, align 4\n  store i32 %5, ptr %13, align 4\n  %15 = load ptr, ptr %8, align 8\n  %16 = getelementptr inbounds %struct.TYPE_3__, ptr %15, i32 0, i32 0\n  store ptr %16, ptr %14, align 8\n  %17 = load ptr, ptr %8, align 8\n  %18 = call i32 @LZ4_resetStream(ptr noundef %17)\n  %19 = load i32, ptr %13, align 4\n  %20 = icmp slt i32 %19, 1\n  br i1 %20, label %21, label %23\n",
        "optimized": "%7 = alloca i32, align 4\n  %8 = alloca ptr, align 8\n  %9 = alloca ptr, align 8\n  %10 = alloca ptr, align 8\n  %11 = alloca i32, align 4\n  %12 = alloca i32, align 4\n  %13 = alloca i32, align 4\n  %14 = alloca ptr, align 8\n  store ptr %0, ptr %8, align 8\n  store ptr %1, ptr %9, align 8\n  store ptr %2, ptr %10, align 8\n  store i32 %3, ptr %11, align 4\n  store i32 %4, ptr %12, align 4\n  store i32 %5, ptr %13, align 4\n  store ptr %0, ptr %14, align 8\n  %15 = load ptr, ptr %8, align 8\n  %16 = call i32 @LZ4_resetStream(ptr noundef %15) #2\n  %17 = icmp slt i32 %5, 1\n  br i1 %17, label %18, label %20\n"
    },
    {
        "unoptimized": "%22 = load i32, ptr @ACCELERATION_DEFAULT, align 4\n  store i32 %22, ptr %13, align 4\n  br label %23\n",
        "optimized": "%19 = load i32, ptr @ACCELERATION_DEFAULT, align 4\n  store i32 %19, ptr %13, align 4\n  br label %20\n"
    },
    {
        "unoptimized": "%24 = load i32, ptr %12, align 4\n  %25 = load i32, ptr %11, align 4\n  %26 = call i32 @LZ4_compressBound(i32 noundef %25)\n  %27 = icmp sge i32 %24, %26\n  br i1 %27, label %28, label %54\n",
        "optimized": "%21 = load i32, ptr %12, align 4\n  %22 = load i32, ptr %11, align 4\n  %23 = call i32 @LZ4_compressBound(i32 noundef %22) #2\n  %.not = icmp slt i32 %21, %23\n  br i1 %.not, label %50, label %24\n"
    },
    {
        "unoptimized": "%29 = load i32, ptr %11, align 4\n  %30 = load i32, ptr @LZ4_64Klimit, align 4\n  %31 = icmp slt i32 %29, %30\n  br i1 %31, label %32, label %43\n",
        "optimized": "%25 = load i32, ptr %11, align 4\n  %26 = load i32, ptr @LZ4_64Klimit, align 4\n  %27 = icmp slt i32 %25, %26\n  br i1 %27, label %28, label %39\n"
    },
    {
        "unoptimized": "%33 = load ptr, ptr %14, align 8\n  %34 = load ptr, ptr %9, align 8\n  %35 = load ptr, ptr %10, align 8\n  %36 = load i32, ptr %11, align 4\n  %37 = load i32, ptr @notLimited, align 4\n  %38 = load i32, ptr @byut16, align 4\n  %39 = load i32, ptr @noDict, align 4\n  %40 = load i32, ptr @noDictIssue, align 4\n  %41 = load i32, ptr %13, align 4\n  %42 = call i32 @LZ4_compress_generic(ptr noundef %33, ptr noundef %34, ptr noundef %35, i32 noundef %36, i32 noundef 0, i32 noundef %37, i32 noundef %38, i32 noundef %39, i32 noundef %40, i32 noundef %41)\n  store i32 %42, ptr %7, align 4\n  br label %82\n",
        "optimized": "%29 = load ptr, ptr %14, align 8\n  %30 = load ptr, ptr %9, align 8\n  %31 = load ptr, ptr %10, align 8\n  %32 = load i32, ptr %11, align 4\n  %33 = load i32, ptr @notLimited, align 4\n  %34 = load i32, ptr @byut16, align 4\n  %35 = load i32, ptr @noDict, align 4\n  %36 = load i32, ptr @noDictIssue, align 4\n  %37 = load i32, ptr %13, align 4\n  %38 = call i32 @LZ4_compress_generic(ptr noundef %29, ptr noundef %30, ptr noundef %31, i32 noundef %32, i32 noundef 0, i32 noundef %33, i32 noundef %34, i32 noundef %35, i32 noundef %36, i32 noundef %37) #2\n  store i32 %38, ptr %7, align 4\n  br label %78\n"
    },
    {
        "unoptimized": "%44 = load ptr, ptr %14, align 8\n  %45 = load ptr, ptr %9, align 8\n  %46 = load ptr, ptr %10, align 8\n  %47 = load i32, ptr %11, align 4\n  %48 = load i32, ptr @notLimited, align 4\n  %49 = load i32, ptr @byut32, align 4\n  %50 = load i32, ptr @noDict, align 4\n  %51 = load i32, ptr @noDictIssue, align 4\n  %52 = load i32, ptr %13, align 4\n  %53 = call i32 @LZ4_compress_generic(ptr noundef %44, ptr noundef %45, ptr noundef %46, i32 noundef %47, i32 noundef 0, i32 noundef %48, i32 noundef %49, i32 noundef %50, i32 noundef %51, i32 noundef %52)\n  store i32 %53, ptr %7, align 4\n  br label %82\n",
        "optimized": "%40 = load ptr, ptr %14, align 8\n  %41 = load ptr, ptr %9, align 8\n  %42 = load ptr, ptr %10, align 8\n  %43 = load i32, ptr %11, align 4\n  %44 = load i32, ptr @notLimited, align 4\n  %45 = load i32, ptr @byut32, align 4\n  %46 = load i32, ptr @noDict, align 4\n  %47 = load i32, ptr @noDictIssue, align 4\n  %48 = load i32, ptr %13, align 4\n  %49 = call i32 @LZ4_compress_generic(ptr noundef %40, ptr noundef %41, ptr noundef %42, i32 noundef %43, i32 noundef 0, i32 noundef %44, i32 noundef %45, i32 noundef %46, i32 noundef %47, i32 noundef %48) #2\n  store i32 %49, ptr %7, align 4\n  br label %78\n"
    },
    {
        "unoptimized": "%55 = load i32, ptr %11, align 4\n  %56 = load i32, ptr @LZ4_64Klimit, align 4\n  %57 = icmp slt i32 %55, %56\n  br i1 %57, label %58, label %70\n",
        "optimized": "%51 = load i32, ptr %11, align 4\n  %52 = load i32, ptr @LZ4_64Klimit, align 4\n  %53 = icmp slt i32 %51, %52\n  br i1 %53, label %54, label %66\n"
    },
    {
        "unoptimized": "%59 = load ptr, ptr %14, align 8\n  %60 = load ptr, ptr %9, align 8\n  %61 = load ptr, ptr %10, align 8\n  %62 = load i32, ptr %11, align 4\n  %63 = load i32, ptr %12, align 4\n  %64 = load i32, ptr @limitedOutput, align 4\n  %65 = load i32, ptr @byut16, align 4\n  %66 = load i32, ptr @noDict, align 4\n  %67 = load i32, ptr @noDictIssue, align 4\n  %68 = load i32, ptr %13, align 4\n  %69 = call i32 @LZ4_compress_generic(ptr noundef %59, ptr noundef %60, ptr noundef %61, i32 noundef %62, i32 noundef %63, i32 noundef %64, i32 noundef %65, i32 noundef %66, i32 noundef %67, i32 noundef %68)\n  store i32 %69, ptr %7, align 4\n  br label %82\n",
        "optimized": "%55 = load ptr, ptr %14, align 8\n  %56 = load ptr, ptr %9, align 8\n  %57 = load ptr, ptr %10, align 8\n  %58 = load i32, ptr %11, align 4\n  %59 = load i32, ptr %12, align 4\n  %60 = load i32, ptr @limitedOutput, align 4\n  %61 = load i32, ptr @byut16, align 4\n  %62 = load i32, ptr @noDict, align 4\n  %63 = load i32, ptr @noDictIssue, align 4\n  %64 = load i32, ptr %13, align 4\n  %65 = call i32 @LZ4_compress_generic(ptr noundef %55, ptr noundef %56, ptr noundef %57, i32 noundef %58, i32 noundef %59, i32 noundef %60, i32 noundef %61, i32 noundef %62, i32 noundef %63, i32 noundef %64) #2\n  store i32 %65, ptr %7, align 4\n  br label %78\n"
    },
    {
        "unoptimized": "%71 = load ptr, ptr %14, align 8\n  %72 = load ptr, ptr %9, align 8\n  %73 = load ptr, ptr %10, align 8\n  %74 = load i32, ptr %11, align 4\n  %75 = load i32, ptr %12, align 4\n  %76 = load i32, ptr @limitedOutput, align 4\n  %77 = load i32, ptr @byut32, align 4\n  %78 = load i32, ptr @noDict, align 4\n  %79 = load i32, ptr @noDictIssue, align 4\n  %80 = load i32, ptr %13, align 4\n  %81 = call i32 @LZ4_compress_generic(ptr noundef %71, ptr noundef %72, ptr noundef %73, i32 noundef %74, i32 noundef %75, i32 noundef %76, i32 noundef %77, i32 noundef %78, i32 noundef %79, i32 noundef %80)\n  store i32 %81, ptr %7, align 4\n  br label %82\n",
        "optimized": "%67 = load ptr, ptr %14, align 8\n  %68 = load ptr, ptr %9, align 8\n  %69 = load ptr, ptr %10, align 8\n  %70 = load i32, ptr %11, align 4\n  %71 = load i32, ptr %12, align 4\n  %72 = load i32, ptr @limitedOutput, align 4\n  %73 = load i32, ptr @byut32, align 4\n  %74 = load i32, ptr @noDict, align 4\n  %75 = load i32, ptr @noDictIssue, align 4\n  %76 = load i32, ptr %13, align 4\n  %77 = call i32 @LZ4_compress_generic(ptr noundef %67, ptr noundef %68, ptr noundef %69, i32 noundef %70, i32 noundef %71, i32 noundef %72, i32 noundef %73, i32 noundef %74, i32 noundef %75, i32 noundef %76) #2\n  store i32 %77, ptr %7, align 4\n  br label %78\n"
    },
    {
        "unoptimized": "%83 = load i32, ptr %7, align 4\n  ret i32 %83\n}",
        "optimized": "%79 = load i32, ptr %7, align 4\n  ret i32 %79\n}"
    }
]