[
    {
        "unoptimized": "%4 = alloca ptr, align 8\n  %5 = alloca i32, align 4\n  %6 = alloca ptr, align 8\n  %7 = alloca i32, align 4\n  %8 = alloca i32, align 4\n  %9 = alloca i32, align 4\n  store ptr %0, ptr %4, align 8\n  store i32 %1, ptr %5, align 4\n  store ptr %2, ptr %6, align 8\n  store i32 1, ptr %8, align 4\n  br label %10\n",
        "optimized": "%4 = alloca ptr, align 8\n  %5 = alloca i32, align 4\n  %6 = alloca ptr, align 8\n  %7 = alloca i32, align 4\n  %8 = alloca i32, align 4\n  %9 = alloca i32, align 4\n  store ptr %0, ptr %4, align 8\n  store i32 %1, ptr %5, align 4\n  store ptr %2, ptr %6, align 8\n  store i32 1, ptr %8, align 4\n  br label %10\n"
    },
    {
        "unoptimized": "%11 = load i32, ptr %8, align 4\n  %12 = load i32, ptr %5, align 4\n  %13 = icmp slt i32 %11, %12\n  br i1 %13, label %14, label %50\n",
        "optimized": "%11 = load i32, ptr %8, align 4\n  %12 = load i32, ptr %5, align 4\n  %13 = icmp slt i32 %11, %12\n  br i1 %13, label %14, label %47\n"
    },
    {
        "unoptimized": "%15 = load ptr, ptr %6, align 8\n  %16 = load i32, ptr %8, align 4\n  %17 = sext i32 %16 to i64\n  %18 = getelementptr inbounds i32, ptr %15, i64 %17\n  %19 = call i32 @get_option(ptr noundef %4, ptr noundef %18)\n  store i32 %19, ptr %7, align 4\n  %20 = load i32, ptr %7, align 4\n  %21 = icmp eq i32 %20, 0\n  br i1 %21, label %22, label %23\n",
        "optimized": "%15 = load ptr, ptr %6, align 8\n  %16 = load i32, ptr %8, align 4\n  %17 = sext i32 %16 to i64\n  %18 = getelementptr inbounds i32, ptr %15, i64 %17\n  %19 = call i32 @get_option(ptr noundef nonnull %4, ptr noundef %18) #2\n  store i32 %19, ptr %7, align 4\n  %20 = icmp eq i32 %19, 0\n  br i1 %20, label %21, label %22\n"
    },
    {
        "unoptimized": "br label %50\n",
        "optimized": "br label %47\n"
    },
    {
        "unoptimized": "%24 = load i32, ptr %7, align 4\n  %25 = icmp eq i32 %24, 3\n  br i1 %25, label %26, label %43\n",
        "optimized": "%23 = load i32, ptr %7, align 4\n  %24 = icmp eq i32 %23, 3\n  br i1 %24, label %25, label %40\n"
    },
    {
        "unoptimized": "%27 = load ptr, ptr %6, align 8\n  %28 = load i32, ptr %8, align 4\n  %29 = sext i32 %28 to i64\n  %30 = getelementptr inbounds i32, ptr %27, i64 %29\n  %31 = load i32, ptr %5, align 4\n  %32 = load i32, ptr %8, align 4\n  %33 = sub nsw i32 %31, %32\n  %34 = call i32 @get_range(ptr noundef %4, ptr noundef %30, i32 noundef %33)\n  store i32 %34, ptr %9, align 4\n  %35 = load i32, ptr %9, align 4\n  %36 = icmp slt i32 %35, 0\n  br i1 %36, label %37, label %38\n",
        "optimized": "%26 = load ptr, ptr %6, align 8\n  %27 = load i32, ptr %8, align 4\n  %28 = sext i32 %27 to i64\n  %29 = getelementptr inbounds i32, ptr %26, i64 %28\n  %30 = load i32, ptr %5, align 4\n  %31 = sub nsw i32 %30, %27\n  %32 = call i32 @get_range(ptr noundef nonnull %4, ptr noundef %29, i32 noundef %31) #2\n  store i32 %32, ptr %9, align 4\n  %33 = icmp slt i32 %32, 0\n  br i1 %33, label %34, label %35\n"
    },
    {
        "unoptimized": "br label %50\n",
        "optimized": "br label %47\n"
    },
    {
        "unoptimized": "%39 = load i32, ptr %9, align 4\n  %40 = sub nsw i32 %39, 1\n  %41 = load i32, ptr %8, align 4\n  %42 = add nsw i32 %41, %40\n  store i32 %42, ptr %8, align 4\n  br label %43\n",
        "optimized": "%36 = load i32, ptr %9, align 4\n  %37 = add nsw i32 %36, -1\n  %38 = load i32, ptr %8, align 4\n  %39 = add nsw i32 %38, %37\n  store i32 %39, ptr %8, align 4\n  br label %40\n"
    },
    {
        "unoptimized": "%44 = load i32, ptr %8, align 4\n  %45 = add nsw i32 %44, 1\n  store i32 %45, ptr %8, align 4\n  %46 = load i32, ptr %7, align 4\n  %47 = icmp eq i32 %46, 1\n  br i1 %47, label %48, label %49\n",
        "optimized": "%41 = load i32, ptr %8, align 4\n  %42 = add nsw i32 %41, 1\n  store i32 %42, ptr %8, align 4\n  %43 = load i32, ptr %7, align 4\n  %44 = icmp eq i32 %43, 1\n  br i1 %44, label %45, label %46\n"
    },
    {
        "unoptimized": "br label %50\n",
        "optimized": "br label %47\n"
    },
    {
        "unoptimized": "br label %10, !llvm.loop !6\n",
        "optimized": "br label %10, !llvm.loop !6\n"
    },
    {
        "unoptimized": "%51 = load i32, ptr %8, align 4\n  %52 = sub nsw i32 %51, 1\n  %53 = load ptr, ptr %6, align 8\n  %54 = getelementptr inbounds i32, ptr %53, i64 0\n  store i32 %52, ptr %54, align 4\n  %55 = load ptr, ptr %4, align 8\n  ret ptr %55\n}",
        "optimized": "%48 = load i32, ptr %8, align 4\n  %49 = add nsw i32 %48, -1\n  %50 = load ptr, ptr %6, align 8\n  store i32 %49, ptr %50, align 4\n  %51 = load ptr, ptr %4, align 8\n  ret ptr %51\n}"
    }
]