[
    {
        "unoptimized": "%3 = alloca ptr, align 8\n  %4 = alloca i64, align 8\n  %5 = alloca i64, align 8\n  store ptr %0, ptr %3, align 8\n  store i64 %1, ptr %4, align 8\n  %6 = load ptr, ptr @current, align 8\n  %7 = getelementptr inbounds %struct.TYPE_3__, ptr %6, i32 0, i32 0\n  %8 = load i32, ptr %7, align 4\n  %9 = call i64 @unlikely(i32 noundef %8)\n  %10 = icmp ne i64 %9, 0\n  br i1 %10, label %11, label %12\n",
        "optimized": "%3 = alloca ptr, align 8\n  %4 = alloca i64, align 8\n  %5 = alloca i64, align 8\n  store ptr %0, ptr %3, align 8\n  store i64 %1, ptr %4, align 8\n  %6 = load ptr, ptr @current, align 8\n  %7 = load i32, ptr %6, align 4\n  %8 = call i64 @unlikely(i32 noundef %7) #2\n  %.not = icmp eq i64 %8, 0\n  br i1 %.not, label %10, label %9\n"
    },
    {
        "unoptimized": "br label %31\n",
        "optimized": "br label %25\n"
    },
    {
        "unoptimized": "%13 = load i64, ptr %5, align 8\n  %14 = call i32 @raw_local_irq_save(i64 noundef %13)\n  %15 = load ptr, ptr @current, align 8\n  %16 = getelementptr inbounds %struct.TYPE_3__, ptr %15, i32 0, i32 0\n  store i32 1, ptr %16, align 4\n  %17 = load i64, ptr %5, align 8\n  %18 = call i32 @check_flags(i64 noundef %17)\n  %19 = load ptr, ptr %3, align 8\n  %20 = load i64, ptr %4, align 8\n  %21 = call i64 @__lock_downgrade(ptr noundef %19, i64 noundef %20)\n  %22 = icmp ne i64 %21, 0\n  br i1 %22, label %23, label %26\n",
        "optimized": "%11 = load i64, ptr %5, align 8\n  %12 = call i32 @raw_local_irq_save(i64 noundef %11) #2\n  %13 = load ptr, ptr @current, align 8\n  store i32 1, ptr %13, align 4\n  %14 = call i32 @check_flags(i64 noundef %11) #2\n  %15 = load ptr, ptr %3, align 8\n  %16 = load i64, ptr %4, align 8\n  %17 = call i64 @__lock_downgrade(ptr noundef %15, i64 noundef %16) #2\n  %.not1 = icmp eq i64 %17, 0\n  br i1 %.not1, label %21, label %18\n"
    },
    {
        "unoptimized": "%24 = load ptr, ptr @current, align 8\n  %25 = call i32 @check_chain_key(ptr noundef %24)\n  br label %26\n",
        "optimized": "%19 = load ptr, ptr @current, align 8\n  %20 = call i32 @check_chain_key(ptr noundef %19) #2\n  br label %21\n"
    },
    {
        "unoptimized": "%27 = load ptr, ptr @current, align 8\n  %28 = getelementptr inbounds %struct.TYPE_3__, ptr %27, i32 0, i32 0\n  store i32 0, ptr %28, align 4\n  %29 = load i64, ptr %5, align 8\n  %30 = call i32 @raw_local_irq_restore(i64 noundef %29)\n  br label %31\n",
        "optimized": "%22 = load ptr, ptr @current, align 8\n  store i32 0, ptr %22, align 4\n  %23 = load i64, ptr %5, align 8\n  %24 = call i32 @raw_local_irq_restore(i64 noundef %23) #2\n  br label %25\n"
    },
    {
        "unoptimized": "ret void\n}",
        "optimized": "ret void\n}"
    }
]