[
    {
        "unoptimized": "%4 = alloca ptr, align 8\n  %5 = alloca ptr, align 8\n  %6 = alloca i64, align 8\n  store ptr %0, ptr %4, align 8\n  store ptr %1, ptr %5, align 8\n  store i64 %2, ptr %6, align 8\n  %7 = load i64, ptr %6, align 8\n  %8 = load ptr, ptr %4, align 8\n  %9 = getelementptr inbounds %struct.TYPE_7__, ptr %8, i32 0, i32 0\n  %10 = load i64, ptr %9, align 8\n  %11 = icmp slt i64 %7, %10\n  br i1 %11, label %12, label %16\n",
        "optimized": "%4 = alloca ptr, align 8\n  %5 = alloca ptr, align 8\n  %6 = alloca i64, align 8\n  store ptr %0, ptr %4, align 8\n  store ptr %1, ptr %5, align 8\n  store i64 %2, ptr %6, align 8\n  %7 = load i64, ptr %0, align 8\n  %8 = icmp sgt i64 %7, %2\n  br i1 %8, label %9, label %12\n"
    },
    {
        "unoptimized": "%13 = load ptr, ptr %4, align 8\n  %14 = getelementptr inbounds %struct.TYPE_7__, ptr %13, i32 0, i32 0\n  %15 = load i64, ptr %14, align 8\n  br label %18\n",
        "optimized": "%10 = load ptr, ptr %4, align 8\n  %11 = load i64, ptr %10, align 8\n  br label %14\n"
    },
    {
        "unoptimized": "%17 = load i64, ptr %6, align 8\n  br label %18\n",
        "optimized": "%13 = load i64, ptr %6, align 8\n  br label %14\n"
    },
    {
        "unoptimized": "%19 = phi i64 [ %15, %12 ], [ %17, %16 ]\n  %20 = load ptr, ptr %5, align 8\n  %21 = getelementptr inbounds %struct.TYPE_8__, ptr %20, i32 0, i32 0\n  store i64 %19, ptr %21, align 8\n  %22 = load ptr, ptr %4, align 8\n  %23 = load ptr, ptr %5, align 8\n  %24 = call i32 @link_timer(ptr noundef %22, ptr noundef %23)\n  ret void\n}",
        "optimized": "%15 = phi i64 [ %11, %9 ], [ %13, %12 ]\n  %16 = load ptr, ptr %5, align 8\n  store i64 %15, ptr %16, align 8\n  %17 = load ptr, ptr %4, align 8\n  %18 = call i32 @link_timer(ptr noundef %17, ptr noundef nonnull %16) #2\n  ret void\n}"
    }
]