[
    {
        "unoptimized": "%3 = alloca ptr, align 8\n  %4 = alloca ptr, align 8\n  %5 = alloca ptr, align 8\n  %6 = alloca i64, align 8\n  store ptr %0, ptr %3, align 8\n  store ptr %1, ptr %4, align 8\n  %7 = load ptr, ptr %3, align 8\n  %8 = call i64 @strlen(ptr noundef %7)\n  %9 = add i64 32, %8\n  %10 = add i64 %9, 1\n  %11 = call ptr @h2o_mem_alloc_shared(ptr noundef null, i64 noundef %10, ptr noundef null)\n  store ptr %11, ptr %5, align 8\n  %12 = load ptr, ptr %5, align 8\n  %13 = call i32 @memset(ptr noundef %12, i32 noundef 0, i32 noundef 32)\n  %14 = load i32, ptr @H2O_MIMEMAP_TYPE_MIMETYPE, align 4\n  %15 = load ptr, ptr %5, align 8\n  %16 = getelementptr inbounds %struct.TYPE_9__, ptr %15, i32 0, i32 1\n  store i32 %14, ptr %16, align 8\n  %17 = load ptr, ptr %5, align 8\n  %18 = getelementptr inbounds i8, ptr %17, i64 32\n  %19 = load ptr, ptr %5, align 8\n  %20 = getelementptr inbounds %struct.TYPE_9__, ptr %19, i32 0, i32 0\n  %21 = getelementptr inbounds %struct.TYPE_8__, ptr %20, i32 0, i32 1\n  %22 = getelementptr inbounds %struct.TYPE_7__, ptr %21, i32 0, i32 0\n  store ptr %18, ptr %22, align 8\n  store i64 0, ptr %6, align 8\n  br label %23\n",
        "optimized": "%3 = alloca ptr, align 8\n  %4 = alloca ptr, align 8\n  %5 = alloca ptr, align 8\n  %6 = alloca i64, align 8\n  store ptr %0, ptr %3, align 8\n  store ptr %1, ptr %4, align 8\n  %7 = call i64 @strlen(ptr noundef nonnull dereferenceable(1) %0) #2\n  %8 = add i64 %7, 33\n  %9 = call ptr @h2o_mem_alloc_shared(ptr noundef null, i64 noundef %8, ptr noundef null) #2\n  store ptr %9, ptr %5, align 8\n  %10 = call i32 @memset(ptr noundef %9, i32 noundef 0, i32 noundef 32) #2\n  %11 = load i32, ptr @H2O_MIMEMAP_TYPE_MIMETYPE, align 4\n  %12 = getelementptr inbounds %struct.TYPE_9__, ptr %9, i64 0, i32 1\n  store i32 %11, ptr %12, align 8\n  %13 = getelementptr inbounds i8, ptr %9, i64 32\n  %14 = getelementptr inbounds %struct.TYPE_8__, ptr %9, i64 0, i32 1\n  store ptr %13, ptr %14, align 8\n  br label %15\n"
    },
    {
        "unoptimized": "%24 = load ptr, ptr %3, align 8\n  %25 = load i64, ptr %6, align 8\n  %26 = getelementptr inbounds i8, ptr %24, i64 %25\n  %27 = load i8, ptr %26, align 1\n  %28 = sext i8 %27 to i32\n  %29 = icmp ne i32 %28, 0\n  br i1 %29, label %30, label %37\n",
        "optimized": "%storemerge = phi i64 [ 0, %2 ], [ %40, %38 ]\n  store i64 %storemerge, ptr %6, align 8\n  %16 = load ptr, ptr %3, align 8\n  %17 = getelementptr inbounds i8, ptr %16, i64 %storemerge\n  %18 = load i8, ptr %17, align 1\n  %.not = icmp eq i8 %18, 0\n  br i1 %.not, label %25, label %19\n"
    },
    {
        "unoptimized": "%31 = load ptr, ptr %3, align 8\n  %32 = load i64, ptr %6, align 8\n  %33 = getelementptr inbounds i8, ptr %31, i64 %32\n  %34 = load i8, ptr %33, align 1\n  %35 = sext i8 %34 to i32\n  %36 = icmp ne i32 %35, 59\n  br label %37\n",
        "optimized": "%20 = load ptr, ptr %3, align 8\n  %21 = load i64, ptr %6, align 8\n  %22 = getelementptr inbounds i8, ptr %20, i64 %21\n  %23 = load i8, ptr %22, align 1\n  %24 = icmp ne i8 %23, 59\n  br label %25\n"
    },
    {
        "unoptimized": "%38 = phi i1 [ false, %23 ], [ %36, %30 ]\n  br i1 %38, label %39, label %55\n",
        "optimized": "%26 = phi i1 [ false, %15 ], [ %24, %19 ]\n  br i1 %26, label %27, label %41\n"
    },
    {
        "unoptimized": "%40 = load ptr, ptr %3, align 8\n  %41 = load i64, ptr %6, align 8\n  %42 = getelementptr inbounds i8, ptr %40, i64 %41\n  %43 = load i8, ptr %42, align 1\n  %44 = call signext i8 @h2o_tolower(i8 noundef signext %43)\n  %45 = load ptr, ptr %5, align 8\n  %46 = getelementptr inbounds %struct.TYPE_9__, ptr %45, i32 0, i32 0\n  %47 = getelementptr inbounds %struct.TYPE_8__, ptr %46, i32 0, i32 1\n  %48 = getelementptr inbounds %struct.TYPE_7__, ptr %47, i32 0, i32 0\n  %49 = load ptr, ptr %48, align 8\n  %50 = load i64, ptr %6, align 8\n  %51 = getelementptr inbounds i8, ptr %49, i64 %50\n  store i8 %44, ptr %51, align 1\n  br label %52\n",
        "optimized": "%28 = load ptr, ptr %3, align 8\n  %29 = load i64, ptr %6, align 8\n  %30 = getelementptr inbounds i8, ptr %28, i64 %29\n  %31 = load i8, ptr %30, align 1\n  %32 = call signext i8 @h2o_tolower(i8 noundef signext %31) #2\n  %33 = load ptr, ptr %5, align 8\n  %34 = getelementptr inbounds %struct.TYPE_8__, ptr %33, i64 0, i32 1\n  %35 = load ptr, ptr %34, align 8\n  %36 = load i64, ptr %6, align 8\n  %37 = getelementptr inbounds i8, ptr %35, i64 %36\n  store i8 %32, ptr %37, align 1\n  br label %38\n"
    },
    {
        "unoptimized": "%53 = load i64, ptr %6, align 8\n  %54 = add i64 %53, 1\n  store i64 %54, ptr %6, align 8\n  br label %23, !llvm.loop !6\n",
        "optimized": "%39 = load i64, ptr %6, align 8\n  %40 = add i64 %39, 1\n  br label %15, !llvm.loop !6\n"
    },
    {
        "unoptimized": "br label %56\n",
        "optimized": "br label %42\n"
    },
    {
        "unoptimized": "%57 = load ptr, ptr %3, align 8\n  %58 = load i64, ptr %6, align 8\n  %59 = getelementptr inbounds i8, ptr %57, i64 %58\n  %60 = load i8, ptr %59, align 1\n  %61 = sext i8 %60 to i32\n  %62 = icmp ne i32 %61, 0\n  br i1 %62, label %63, label %78\n",
        "optimized": "%43 = load ptr, ptr %3, align 8\n  %44 = load i64, ptr %6, align 8\n  %45 = getelementptr inbounds i8, ptr %43, i64 %44\n  %46 = load i8, ptr %45, align 1\n  %.not1 = icmp eq i8 %46, 0\n  br i1 %.not1, label %59, label %47\n"
    },
    {
        "unoptimized": "%64 = load ptr, ptr %3, align 8\n  %65 = load i64, ptr %6, align 8\n  %66 = getelementptr inbounds i8, ptr %64, i64 %65\n  %67 = load i8, ptr %66, align 1\n  %68 = load ptr, ptr %5, align 8\n  %69 = getelementptr inbounds %struct.TYPE_9__, ptr %68, i32 0, i32 0\n  %70 = getelementptr inbounds %struct.TYPE_8__, ptr %69, i32 0, i32 1\n  %71 = getelementptr inbounds %struct.TYPE_7__, ptr %70, i32 0, i32 0\n  %72 = load ptr, ptr %71, align 8\n  %73 = load i64, ptr %6, align 8\n  %74 = getelementptr inbounds i8, ptr %72, i64 %73\n  store i8 %67, ptr %74, align 1\n  br label %75\n",
        "optimized": "%48 = load ptr, ptr %3, align 8\n  %49 = load i64, ptr %6, align 8\n  %50 = getelementptr inbounds i8, ptr %48, i64 %49\n  %51 = load i8, ptr %50, align 1\n  %52 = load ptr, ptr %5, align 8\n  %53 = getelementptr inbounds %struct.TYPE_8__, ptr %52, i64 0, i32 1\n  %54 = load ptr, ptr %53, align 8\n  %55 = getelementptr inbounds i8, ptr %54, i64 %49\n  store i8 %51, ptr %55, align 1\n  br label %56\n"
    },
    {
        "unoptimized": "%76 = load i64, ptr %6, align 8\n  %77 = add i64 %76, 1\n  store i64 %77, ptr %6, align 8\n  br label %56, !llvm.loop !8\n",
        "optimized": "%57 = load i64, ptr %6, align 8\n  %58 = add i64 %57, 1\n  store i64 %58, ptr %6, align 8\n  br label %42, !llvm.loop !8\n"
    },
    {
        "unoptimized": "%79 = load ptr, ptr %5, align 8\n  %80 = getelementptr inbounds %struct.TYPE_9__, ptr %79, i32 0, i32 0\n  %81 = getelementptr inbounds %struct.TYPE_8__, ptr %80, i32 0, i32 1\n  %82 = getelementptr inbounds %struct.TYPE_7__, ptr %81, i32 0, i32 0\n  %83 = load ptr, ptr %82, align 8\n  %84 = load i64, ptr %6, align 8\n  %85 = getelementptr inbounds i8, ptr %83, i64 %84\n  store i8 0, ptr %85, align 1\n  %86 = load i64, ptr %6, align 8\n  %87 = load ptr, ptr %5, align 8\n  %88 = getelementptr inbounds %struct.TYPE_9__, ptr %87, i32 0, i32 0\n  %89 = getelementptr inbounds %struct.TYPE_8__, ptr %88, i32 0, i32 1\n  %90 = getelementptr inbounds %struct.TYPE_7__, ptr %89, i32 0, i32 1\n  store i64 %86, ptr %90, align 8\n  %91 = load ptr, ptr %4, align 8\n  %92 = icmp ne ptr %91, null\n  br i1 %92, label %93, label %99\n",
        "optimized": "%60 = load ptr, ptr %5, align 8\n  %61 = getelementptr inbounds %struct.TYPE_8__, ptr %60, i64 0, i32 1\n  %62 = load ptr, ptr %61, align 8\n  %63 = load i64, ptr %6, align 8\n  %64 = getelementptr inbounds i8, ptr %62, i64 %63\n  store i8 0, ptr %64, align 1\n  %65 = getelementptr inbounds %struct.TYPE_8__, ptr %60, i64 0, i32 1, i32 1\n  store i64 %63, ptr %65, align 8\n  %66 = load ptr, ptr %4, align 8\n  %.not2 = icmp eq ptr %66, null\n  br i1 %.not2, label %71, label %67\n"
    },
    {
        "unoptimized": "%94 = load ptr, ptr %4, align 8\n  %95 = load i32, ptr %94, align 4\n  %96 = load ptr, ptr %5, align 8\n  %97 = getelementptr inbounds %struct.TYPE_9__, ptr %96, i32 0, i32 0\n  %98 = getelementptr inbounds %struct.TYPE_8__, ptr %97, i32 0, i32 0\n  store i32 %95, ptr %98, align 8\n  br label %105\n",
        "optimized": "%68 = load ptr, ptr %4, align 8\n  %69 = load i32, ptr %68, align 4\n  %70 = load ptr, ptr %5, align 8\n  store i32 %69, ptr %70, align 8\n  br label %75\n"
    },
    {
        "unoptimized": "%100 = load ptr, ptr %3, align 8\n  %101 = load ptr, ptr %5, align 8\n  %102 = getelementptr inbounds %struct.TYPE_9__, ptr %101, i32 0, i32 0\n  %103 = getelementptr inbounds %struct.TYPE_8__, ptr %102, i32 0, i32 0\n  %104 = call i32 @h2o_mimemap_get_default_attributes(ptr noundef %100, ptr noundef %103)\n  br label %105\n",
        "optimized": "%72 = load ptr, ptr %3, align 8\n  %73 = load ptr, ptr %5, align 8\n  %74 = call i32 @h2o_mimemap_get_default_attributes(ptr noundef %72, ptr noundef %73) #2\n  br label %75\n"
    },
    {
        "unoptimized": "%106 = load ptr, ptr %5, align 8\n  ret ptr %106\n}",
        "optimized": "%76 = load ptr, ptr %5, align 8\n  ret ptr %76\n}"
    }
]