[
    {
        "unoptimized": "%3 = alloca ptr, align 8\n  %4 = alloca i64, align 8\n  %5 = alloca ptr, align 8\n  store ptr %0, ptr %3, align 8\n  store i64 %1, ptr %4, align 8\n  %6 = load i32, ptr @xas, align 4\n  %7 = load ptr, ptr %3, align 8\n  %8 = load i64, ptr %4, align 8\n  %9 = call i32 @XA_STATE(i32 noundef %6, ptr noundef %7, i64 noundef %8)\n  %10 = call i32 (...) @rcu_read_lock()\n  br label %11\n",
        "optimized": "%3 = alloca ptr, align 8\n  %4 = load i32, ptr @xas, align 4\n  %5 = call i32 @XA_STATE(i32 noundef %4, ptr noundef %0, i64 noundef %1) #2\n  %6 = call i32 (...) @rcu_read_lock() #2\n  br label %7\n"
    },
    {
        "unoptimized": "%12 = call ptr @xas_load(ptr noundef @xas)\n  store ptr %12, ptr %5, align 8\n  %13 = load ptr, ptr %5, align 8\n  %14 = call i64 @xa_is_zero(ptr noundef %13)\n  %15 = icmp ne i64 %14, 0\n  br i1 %15, label %16, label %17\n",
        "optimized": "%8 = call ptr @xas_load(ptr noundef nonnull @xas) #2\n  store ptr %8, ptr %3, align 8\n  %9 = call i64 @xa_is_zero(ptr noundef %8) #2\n  %.not = icmp eq i64 %9, 0\n  br i1 %.not, label %11, label %10\n"
    },
    {
        "unoptimized": "store ptr null, ptr %5, align 8\n  br label %17\n",
        "optimized": "store ptr null, ptr %3, align 8\n  br label %11\n"
    },
    {
        "unoptimized": "br label %18\n",
        "optimized": "br label %12\n"
    },
    {
        "unoptimized": "%19 = load ptr, ptr %5, align 8\n  %20 = call i64 @xas_retry(ptr noundef @xas, ptr noundef %19)\n  %21 = icmp ne i64 %20, 0\n  br i1 %21, label %11, label %22, !llvm.loop !6\n",
        "optimized": "%13 = load ptr, ptr %3, align 8\n  %14 = call i64 @xas_retry(ptr noundef nonnull @xas, ptr noundef %13) #2\n  %.not1 = icmp eq i64 %14, 0\n  br i1 %.not1, label %15, label %7, !llvm.loop !6\n"
    },
    {
        "unoptimized": "%23 = call i32 (...) @rcu_read_unlock()\n  %24 = load ptr, ptr %5, align 8\n  ret ptr %24\n}",
        "optimized": "%16 = call i32 (...) @rcu_read_unlock() #2\n  %17 = load ptr, ptr %3, align 8\n  ret ptr %17\n}"
    }
]