[
    {
        "unoptimized": "%4 = alloca i64, align 8\n  %5 = alloca ptr, align 8\n  %6 = alloca ptr, align 8\n  %7 = alloca i64, align 8\n  %8 = alloca ptr, align 8\n  %9 = alloca ptr, align 8\n  %10 = alloca ptr, align 8\n  %11 = alloca i32, align 4\n  %12 = alloca i32, align 4\n  %13 = alloca ptr, align 8\n  store ptr %0, ptr %5, align 8\n  store ptr %1, ptr %6, align 8\n  store i64 %2, ptr %7, align 8\n  %14 = load ptr, ptr %5, align 8\n  store ptr %14, ptr %8, align 8\n  %15 = load ptr, ptr %8, align 8\n  %16 = load i64, ptr %7, align 8\n  %17 = getelementptr inbounds i32, ptr %15, i64 %16\n  store ptr %17, ptr %9, align 8\n  %18 = load ptr, ptr %6, align 8\n  %19 = load i64, ptr %7, align 8\n  %20 = getelementptr inbounds i32, ptr %18, i64 %19\n  store ptr %20, ptr %10, align 8\n  store i32 0, ptr %11, align 4\n  store i32 40, ptr %12, align 4\n  br label %21\n",
        "optimized": "%4 = alloca i64, align 8\n  %5 = alloca ptr, align 8\n  %6 = alloca ptr, align 8\n  %7 = alloca ptr, align 8\n  %8 = alloca ptr, align 8\n  %9 = alloca ptr, align 8\n  %10 = alloca i32, align 4\n  %11 = alloca i32, align 4\n  %12 = alloca ptr, align 8\n  store ptr %0, ptr %5, align 8\n  store ptr %1, ptr %6, align 8\n  store ptr %0, ptr %7, align 8\n  %13 = getelementptr inbounds i32, ptr %0, i64 %2\n  store ptr %13, ptr %8, align 8\n  %14 = getelementptr inbounds i32, ptr %1, i64 %2\n  store ptr %14, ptr %9, align 8\n  store i32 0, ptr %10, align 4\n  store i32 40, ptr %11, align 4\n  br label %15\n"
    },
    {
        "unoptimized": "%22 = load ptr, ptr %6, align 8\n  %23 = load ptr, ptr %10, align 8\n  %24 = icmp ne ptr %22, %23\n  br i1 %24, label %25, label %68\n",
        "optimized": "%16 = load ptr, ptr %6, align 8\n  %17 = load ptr, ptr %9, align 8\n  %.not = icmp eq ptr %16, %17\n  br i1 %.not, label %55, label %18\n"
    },
    {
        "unoptimized": "%26 = load ptr, ptr @huff_sym_table, align 8\n  %27 = load ptr, ptr %6, align 8\n  %28 = getelementptr inbounds i32, ptr %27, i32 1\n  store ptr %28, ptr %6, align 8\n  %29 = load i32, ptr %27, align 4\n  %30 = sext i32 %29 to i64\n  %31 = getelementptr inbounds %struct.TYPE_3__, ptr %26, i64 %30\n  store ptr %31, ptr %13, align 8\n  %32 = load ptr, ptr %13, align 8\n  %33 = getelementptr inbounds %struct.TYPE_3__, ptr %32, i32 0, i32 1\n  %34 = load i64, ptr %33, align 8\n  %35 = trunc i64 %34 to i32\n  %36 = load i32, ptr %12, align 4\n  %37 = load ptr, ptr %13, align 8\n  %38 = getelementptr inbounds %struct.TYPE_3__, ptr %37, i32 0, i32 0\n  %39 = load i32, ptr %38, align 8\n  %40 = sub nsw i32 %36, %39\n  %41 = shl i32 %35, %40\n  %42 = load i32, ptr %11, align 4\n  %43 = or i32 %42, %41\n  store i32 %43, ptr %11, align 4\n  %44 = load ptr, ptr %13, align 8\n  %45 = getelementptr inbounds %struct.TYPE_3__, ptr %44, i32 0, i32 0\n  %46 = load i32, ptr %45, align 8\n  %47 = load i32, ptr %12, align 4\n  %48 = sub nsw i32 %47, %46\n  store i32 %48, ptr %12, align 4\n  br label %49\n",
        "optimized": "%19 = load ptr, ptr @huff_sym_table, align 8\n  %20 = load ptr, ptr %6, align 8\n  %21 = getelementptr inbounds i32, ptr %20, i64 1\n  store ptr %21, ptr %6, align 8\n  %22 = load i32, ptr %20, align 4\n  %23 = sext i32 %22 to i64\n  %24 = getelementptr inbounds %struct.TYPE_3__, ptr %19, i64 %23\n  store ptr %24, ptr %12, align 8\n  %25 = getelementptr inbounds %struct.TYPE_3__, ptr %19, i64 %23, i32 1\n  %26 = load i64, ptr %25, align 8\n  %27 = trunc i64 %26 to i32\n  %28 = load i32, ptr %11, align 4\n  %29 = load i32, ptr %24, align 8\n  %30 = sub nsw i32 %28, %29\n  %31 = shl i32 %27, %30\n  %32 = load i32, ptr %10, align 4\n  %33 = or i32 %32, %31\n  store i32 %33, ptr %10, align 4\n  %34 = load ptr, ptr %12, align 8\n  %35 = load i32, ptr %34, align 8\n  %36 = load i32, ptr %11, align 4\n  %37 = sub nsw i32 %36, %35\n  store i32 %37, ptr %11, align 4\n  br label %38\n"
    },
    {
        "unoptimized": "%50 = load i32, ptr %12, align 4\n  %51 = icmp sle i32 %50, 32\n  br i1 %51, label %52, label %67\n",
        "optimized": "%39 = load i32, ptr %11, align 4\n  %40 = icmp slt i32 %39, 33\n  br i1 %40, label %41, label %54\n"
    },
    {
        "unoptimized": "%53 = load i32, ptr %11, align 4\n  %54 = ashr i32 %53, 32\n  %55 = load ptr, ptr %8, align 8\n  %56 = getelementptr inbounds i32, ptr %55, i32 1\n  store ptr %56, ptr %8, align 8\n  store i32 %54, ptr %55, align 4\n  %57 = load i32, ptr %11, align 4\n  %58 = shl i32 %57, 8\n  store i32 %58, ptr %11, align 4\n  %59 = load i32, ptr %12, align 4\n  %60 = add nsw i32 %59, 8\n  store i32 %60, ptr %12, align 4\n  %61 = load ptr, ptr %8, align 8\n  %62 = load ptr, ptr %9, align 8\n  %63 = icmp eq ptr %61, %62\n  br i1 %63, label %64, label %66\n",
        "optimized": "%42 = load ptr, ptr %7, align 8\n  %43 = getelementptr inbounds i32, ptr %42, i64 1\n  store ptr %43, ptr %7, align 8\n  %44 = load i32, ptr %10, align 4\n  %45 = shl i32 %44, 8\n  store i32 %45, ptr %10, align 4\n  %46 = load i32, ptr %11, align 4\n  %47 = add nsw i32 %46, 8\n  store i32 %47, ptr %11, align 4\n  %48 = load ptr, ptr %7, align 8\n  %49 = load ptr, ptr %8, align 8\n  %50 = icmp eq ptr %48, %49\n  br i1 %50, label %51, label %53\n"
    },
    {
        "unoptimized": "%65 = load i64, ptr @SIZE_MAX, align 8\n  store i64 %65, ptr %4, align 8\n  br label %94\n",
        "optimized": "%52 = load i64, ptr @SIZE_MAX, align 8\n  store i64 %52, ptr %4, align 8\n  br label %77\n"
    },
    {
        "unoptimized": "br label %49, !llvm.loop !6\n",
        "optimized": "br label %38, !llvm.loop !6\n"
    },
    {
        "unoptimized": "br label %21, !llvm.loop !8\n",
        "optimized": "br label %15, !llvm.loop !8\n"
    },
    {
        "unoptimized": "%69 = load i32, ptr %12, align 4\n  %70 = icmp ne i32 %69, 40\n  br i1 %70, label %71, label %81\n",
        "optimized": "%56 = load i32, ptr %11, align 4\n  %.not1 = icmp eq i32 %56, 40\n  br i1 %.not1, label %64, label %57\n"
    },
    {
        "unoptimized": "%72 = load i32, ptr %12, align 4\n  %73 = shl i32 1, %72\n  %74 = sub nsw i32 %73, 1\n  %75 = load i32, ptr %11, align 4\n  %76 = or i32 %75, %74\n  store i32 %76, ptr %11, align 4\n  %77 = load i32, ptr %11, align 4\n  %78 = ashr i32 %77, 32\n  %79 = load ptr, ptr %8, align 8\n  %80 = getelementptr inbounds i32, ptr %79, i32 1\n  store ptr %80, ptr %8, align 8\n  store i32 %78, ptr %79, align 4\n  br label %81\n",
        "optimized": "%58 = load i32, ptr %11, align 4\n  %notmask = shl nsw i32 -1, %58\n  %59 = xor i32 %notmask, -1\n  %60 = load i32, ptr %10, align 4\n  %61 = or i32 %60, %59\n  store i32 %61, ptr %10, align 4\n  %62 = load ptr, ptr %7, align 8\n  %63 = getelementptr inbounds i32, ptr %62, i64 1\n  store ptr %63, ptr %7, align 8\n  br label %64\n"
    },
    {
        "unoptimized": "%82 = load ptr, ptr %8, align 8\n  %83 = load ptr, ptr %9, align 8\n  %84 = icmp eq ptr %82, %83\n  br i1 %84, label %85, label %87\n",
        "optimized": "%65 = load ptr, ptr %7, align 8\n  %66 = load ptr, ptr %8, align 8\n  %67 = icmp eq ptr %65, %66\n  br i1 %67, label %68, label %70\n"
    },
    {
        "unoptimized": "%86 = load i64, ptr @SIZE_MAX, align 8\n  store i64 %86, ptr %4, align 8\n  br label %94\n",
        "optimized": "%69 = load i64, ptr @SIZE_MAX, align 8\n  store i64 %69, ptr %4, align 8\n  br label %77\n"
    },
    {
        "unoptimized": "%88 = load ptr, ptr %8, align 8\n  %89 = load ptr, ptr %5, align 8\n  %90 = ptrtoint ptr %88 to i64\n  %91 = ptrtoint ptr %89 to i64\n  %92 = sub i64 %90, %91\n  %93 = sdiv exact i64 %92, 4\n  store i64 %93, ptr %4, align 8\n  br label %94\n",
        "optimized": "%71 = load ptr, ptr %7, align 8\n  %72 = load ptr, ptr %5, align 8\n  %73 = ptrtoint ptr %71 to i64\n  %74 = ptrtoint ptr %72 to i64\n  %75 = sub i64 %73, %74\n  %76 = ashr exact i64 %75, 2\n  store i64 %76, ptr %4, align 8\n  br label %77\n"
    },
    {
        "unoptimized": "%95 = load i64, ptr %4, align 8\n  ret i64 %95\n}",
        "optimized": "%78 = load i64, ptr %4, align 8\n  ret i64 %78\n}"
    }
]