[
    {
        "unoptimized": "%3 = alloca ptr, align 8\n  %4 = alloca i64, align 8\n  %5 = alloca i64, align 8\n  store ptr %0, ptr %3, align 8\n  store i64 %1, ptr %4, align 8\n  %6 = load ptr, ptr %3, align 8\n  %7 = getelementptr inbounds %struct.TYPE_7__, ptr %6, i32 0, i32 2\n  %8 = getelementptr inbounds %struct.TYPE_5__, ptr %7, i32 0, i32 0\n  %9 = load i64, ptr %8, align 8\n  %10 = icmp ne i64 %9, 0\n  %11 = zext i1 %10 to i32\n  %12 = call i32 @assert(i32 noundef %11)\n  %13 = load i64, ptr %4, align 8\n  %14 = load ptr, ptr %3, align 8\n  %15 = getelementptr inbounds %struct.TYPE_7__, ptr %14, i32 0, i32 2\n  %16 = getelementptr inbounds %struct.TYPE_5__, ptr %15, i32 0, i32 0\n  %17 = load i64, ptr %16, align 8\n  %18 = icmp sle i64 %13, %17\n  br i1 %18, label %19, label %20\n",
        "optimized": "%3 = alloca ptr, align 8\n  %4 = alloca i64, align 8\n  %5 = alloca i64, align 8\n  store ptr %0, ptr %3, align 8\n  store i64 %1, ptr %4, align 8\n  %6 = getelementptr inbounds %struct.TYPE_7__, ptr %0, i64 0, i32 2\n  %7 = load i64, ptr %6, align 8\n  %8 = icmp ne i64 %7, 0\n  %9 = zext i1 %8 to i32\n  %10 = call i32 @assert(i32 noundef %9) #2\n  %11 = load ptr, ptr %3, align 8\n  %12 = getelementptr inbounds %struct.TYPE_7__, ptr %11, i64 0, i32 2\n  %13 = load i64, ptr %12, align 8\n  %.not = icmp slt i64 %13, %1\n  br i1 %.not, label %15, label %14\n"
    },
    {
        "unoptimized": "store i64 0, ptr %5, align 8\n  br label %27\n",
        "optimized": "br label %21\n"
    },
    {
        "unoptimized": "%21 = load i64, ptr %4, align 8\n  %22 = load ptr, ptr %3, align 8\n  %23 = getelementptr inbounds %struct.TYPE_7__, ptr %22, i32 0, i32 2\n  %24 = getelementptr inbounds %struct.TYPE_5__, ptr %23, i32 0, i32 0\n  %25 = load i64, ptr %24, align 8\n  %26 = sub nsw i64 %21, %25\n  store i64 %26, ptr %5, align 8\n  br label %27\n",
        "optimized": "%16 = load i64, ptr %4, align 8\n  %17 = load ptr, ptr %3, align 8\n  %18 = getelementptr inbounds %struct.TYPE_7__, ptr %17, i64 0, i32 2\n  %19 = load i64, ptr %18, align 8\n  %20 = sub nsw i64 %16, %19\n  br label %21\n"
    },
    {
        "unoptimized": "%28 = load ptr, ptr %3, align 8\n  %29 = getelementptr inbounds %struct.TYPE_7__, ptr %28, i32 0, i32 2\n  %30 = getelementptr inbounds %struct.TYPE_5__, ptr %29, i32 0, i32 0\n  store i64 0, ptr %30, align 8\n  %31 = load i64, ptr %5, align 8\n  %32 = load ptr, ptr %3, align 8\n  %33 = getelementptr inbounds %struct.TYPE_7__, ptr %32, i32 0, i32 1\n  %34 = getelementptr inbounds %struct.TYPE_6__, ptr %33, i32 0, i32 0\n  %35 = load i32, ptr %34, align 8\n  %36 = sext i32 %35 to i64\n  %37 = add nsw i64 %36, %31\n  %38 = trunc i64 %37 to i32\n  store i32 %38, ptr %34, align 8\n  %39 = load ptr, ptr %3, align 8\n  %40 = getelementptr inbounds %struct.TYPE_7__, ptr %39, i32 0, i32 1\n  %41 = getelementptr inbounds %struct.TYPE_6__, ptr %40, i32 0, i32 2\n  %42 = load ptr, ptr %41, align 8\n  %43 = load ptr, ptr %3, align 8\n  %44 = getelementptr inbounds %struct.TYPE_7__, ptr %43, i32 0, i32 1\n  %45 = getelementptr inbounds %struct.TYPE_6__, ptr %44, i32 0, i32 1\n  %46 = load i64, ptr %45, align 8\n  %47 = getelementptr inbounds i64, ptr %42, i64 %46\n  %48 = load i64, ptr %47, align 8\n  %49 = load ptr, ptr %3, align 8\n  %50 = getelementptr inbounds %struct.TYPE_7__, ptr %49, i32 0, i32 1\n  %51 = getelementptr inbounds %struct.TYPE_6__, ptr %50, i32 0, i32 0\n  %52 = load i32, ptr %51, align 8\n  %53 = sext i32 %52 to i64\n  %54 = sub nsw i64 %53, %48\n  %55 = trunc i64 %54 to i32\n  store i32 %55, ptr %51, align 8\n  %56 = load i64, ptr %5, align 8\n  %57 = load ptr, ptr %3, align 8\n  %58 = getelementptr inbounds %struct.TYPE_7__, ptr %57, i32 0, i32 1\n  %59 = getelementptr inbounds %struct.TYPE_6__, ptr %58, i32 0, i32 2\n  %60 = load ptr, ptr %59, align 8\n  %61 = load ptr, ptr %3, align 8\n  %62 = getelementptr inbounds %struct.TYPE_7__, ptr %61, i32 0, i32 1\n  %63 = getelementptr inbounds %struct.TYPE_6__, ptr %62, i32 0, i32 1\n  %64 = load i64, ptr %63, align 8\n  %65 = getelementptr inbounds i64, ptr %60, i64 %64\n  store i64 %56, ptr %65, align 8\n  %66 = load ptr, ptr %3, align 8\n  %67 = getelementptr inbounds %struct.TYPE_7__, ptr %66, i32 0, i32 1\n  %68 = getelementptr inbounds %struct.TYPE_6__, ptr %67, i32 0, i32 1\n  %69 = load i64, ptr %68, align 8\n  %70 = add i64 %69, 1\n  store i64 %70, ptr %68, align 8\n  %71 = icmp uge i64 %70, 1\n  br i1 %71, label %72, label %76\n",
        "optimized": "%storemerge = phi i64 [ %20, %15 ], [ 0, %14 ]\n  store i64 %storemerge, ptr %5, align 8\n  %22 = load ptr, ptr %3, align 8\n  %23 = getelementptr inbounds %struct.TYPE_7__, ptr %22, i64 0, i32 2\n  store i64 0, ptr %23, align 8\n  %24 = getelementptr inbounds %struct.TYPE_7__, ptr %22, i64 0, i32 1\n  %25 = load i32, ptr %24, align 8\n  %26 = trunc i64 %storemerge to i32\n  %27 = add i32 %25, %26\n  store i32 %27, ptr %24, align 8\n  %28 = load ptr, ptr %3, align 8\n  %29 = getelementptr inbounds %struct.TYPE_7__, ptr %28, i64 0, i32 1, i32 2\n  %30 = load ptr, ptr %29, align 8\n  %31 = getelementptr inbounds %struct.TYPE_7__, ptr %28, i64 0, i32 1, i32 1\n  %32 = load i64, ptr %31, align 8\n  %33 = getelementptr inbounds i64, ptr %30, i64 %32\n  %34 = load i64, ptr %33, align 8\n  %35 = load ptr, ptr %3, align 8\n  %36 = getelementptr inbounds %struct.TYPE_7__, ptr %35, i64 0, i32 1\n  %37 = load i32, ptr %36, align 8\n  %38 = trunc i64 %34 to i32\n  %39 = sub i32 %37, %38\n  store i32 %39, ptr %36, align 8\n  %40 = load i64, ptr %5, align 8\n  %41 = load ptr, ptr %3, align 8\n  %42 = getelementptr inbounds %struct.TYPE_7__, ptr %41, i64 0, i32 1, i32 2\n  %43 = load ptr, ptr %42, align 8\n  %44 = getelementptr inbounds %struct.TYPE_7__, ptr %41, i64 0, i32 1, i32 1\n  %45 = load i64, ptr %44, align 8\n  %46 = getelementptr inbounds i64, ptr %43, i64 %45\n  store i64 %40, ptr %46, align 8\n  %47 = load ptr, ptr %3, align 8\n  %48 = getelementptr inbounds %struct.TYPE_7__, ptr %47, i64 0, i32 1, i32 1\n  %49 = load i64, ptr %48, align 8\n  %50 = add i64 %49, 1\n  store i64 %50, ptr %48, align 8\n  %.not1 = icmp eq i64 %50, 0\n  br i1 %.not1, label %54, label %51\n"
    },
    {
        "unoptimized": "%73 = load ptr, ptr %3, align 8\n  %74 = getelementptr inbounds %struct.TYPE_7__, ptr %73, i32 0, i32 1\n  %75 = getelementptr inbounds %struct.TYPE_6__, ptr %74, i32 0, i32 1\n  store i64 0, ptr %75, align 8\n  br label %76\n",
        "optimized": "%52 = load ptr, ptr %3, align 8\n  %53 = getelementptr inbounds %struct.TYPE_7__, ptr %52, i64 0, i32 1, i32 1\n  store i64 0, ptr %53, align 8\n  br label %54\n"
    },
    {
        "unoptimized": "%77 = load ptr, ptr %3, align 8\n  %78 = getelementptr inbounds %struct.TYPE_7__, ptr %77, i32 0, i32 1\n  %79 = getelementptr inbounds %struct.TYPE_6__, ptr %78, i32 0, i32 0\n  %80 = load i32, ptr %79, align 8\n  %81 = sext i32 %80 to i64\n  %82 = udiv i64 %81, 1\n  %83 = trunc i64 %82 to i32\n  %84 = load ptr, ptr %3, align 8\n  %85 = getelementptr inbounds %struct.TYPE_7__, ptr %84, i32 0, i32 0\n  store i32 %83, ptr %85, align 8\n  ret void\n}",
        "optimized": "%55 = load ptr, ptr %3, align 8\n  %56 = getelementptr inbounds %struct.TYPE_7__, ptr %55, i64 0, i32 1\n  %57 = load i32, ptr %56, align 8\n  store i32 %57, ptr %55, align 8\n  ret void\n}"
    }
]