[
    {
        "unoptimized": "%3 = alloca i32, align 4\n  %4 = alloca ptr, align 8\n  %5 = alloca i32, align 4\n  store ptr %0, ptr %4, align 8\n  store i32 %1, ptr %5, align 4\n  %6 = load ptr, ptr %4, align 8\n  %7 = getelementptr inbounds %struct.xa_state, ptr %6, i32 0, i32 0\n  %8 = load i64, ptr %7, align 8\n  %9 = load i32, ptr @ENOMEM, align 4\n  %10 = sub nsw i32 0, %9\n  %11 = call i64 @XA_ERROR(i32 noundef %10)\n  %12 = icmp ne i64 %8, %11\n  br i1 %12, label %13, label %16\n",
        "optimized": "%3 = alloca i32, align 4\n  %4 = alloca ptr, align 8\n  %5 = alloca i32, align 4\n  store ptr %0, ptr %4, align 8\n  store i32 %1, ptr %5, align 4\n  %6 = load i64, ptr %0, align 8\n  %7 = load i32, ptr @ENOMEM, align 4\n  %8 = sub nsw i32 0, %7\n  %9 = call i64 @XA_ERROR(i32 noundef %8) #2\n  %.not = icmp eq i64 %6, %9\n  br i1 %.not, label %13, label %10\n"
    },
    {
        "unoptimized": "%14 = load ptr, ptr %4, align 8\n  %15 = call i32 @xas_destroy(ptr noundef %14)\n  store i32 0, ptr %3, align 4\n  br label %56\n",
        "optimized": "%11 = load ptr, ptr %4, align 8\n  %12 = call i32 @xas_destroy(ptr noundef %11) #2\n  store i32 0, ptr %3, align 4\n  br label %40\n"
    },
    {
        "unoptimized": "%17 = load ptr, ptr %4, align 8\n  %18 = getelementptr inbounds %struct.xa_state, ptr %17, i32 0, i32 2\n  %19 = load ptr, ptr %18, align 8\n  %20 = getelementptr inbounds %struct.TYPE_4__, ptr %19, i32 0, i32 0\n  %21 = load i32, ptr %20, align 4\n  %22 = load i32, ptr @XA_FLAGS_ACCOUNT, align 4\n  %23 = and i32 %21, %22\n  %24 = icmp ne i32 %23, 0\n  br i1 %24, label %25, label %29\n",
        "optimized": "%14 = load ptr, ptr %4, align 8\n  %15 = getelementptr inbounds %struct.xa_state, ptr %14, i64 0, i32 2\n  %16 = load ptr, ptr %15, align 8\n  %17 = load i32, ptr %16, align 4\n  %18 = load i32, ptr @XA_FLAGS_ACCOUNT, align 4\n  %19 = and i32 %17, %18\n  %.not1 = icmp eq i32 %19, 0\n  br i1 %.not1, label %24, label %20\n"
    },
    {
        "unoptimized": "%26 = load i32, ptr @__GFP_ACCOUNT, align 4\n  %27 = load i32, ptr %5, align 4\n  %28 = or i32 %27, %26\n  store i32 %28, ptr %5, align 4\n  br label %29\n",
        "optimized": "%21 = load i32, ptr @__GFP_ACCOUNT, align 4\n  %22 = load i32, ptr %5, align 4\n  %23 = or i32 %22, %21\n  store i32 %23, ptr %5, align 4\n  br label %24\n"
    },
    {
        "unoptimized": "%30 = load i32, ptr @radix_tree_node_cachep, align 4\n  %31 = load i32, ptr %5, align 4\n  %32 = call ptr @kmem_cache_alloc(i32 noundef %30, i32 noundef %31)\n  %33 = load ptr, ptr %4, align 8\n  %34 = getelementptr inbounds %struct.xa_state, ptr %33, i32 0, i32 1\n  store ptr %32, ptr %34, align 8\n  %35 = load ptr, ptr %4, align 8\n  %36 = getelementptr inbounds %struct.xa_state, ptr %35, i32 0, i32 1\n  %37 = load ptr, ptr %36, align 8\n  %38 = icmp ne ptr %37, null\n  br i1 %38, label %40, label %39\n",
        "optimized": "%25 = load i32, ptr @radix_tree_node_cachep, align 4\n  %26 = load i32, ptr %5, align 4\n  %27 = call ptr @kmem_cache_alloc(i32 noundef %25, i32 noundef %26) #2\n  %28 = load ptr, ptr %4, align 8\n  %29 = getelementptr inbounds %struct.xa_state, ptr %28, i64 0, i32 1\n  store ptr %27, ptr %29, align 8\n  %.not2 = icmp eq ptr %27, null\n  br i1 %.not2, label %30, label %31\n"
    },
    {
        "unoptimized": "store i32 0, ptr %3, align 4\n  br label %56\n",
        "optimized": "store i32 0, ptr %3, align 4\n  br label %40\n"
    },
    {
        "unoptimized": "%41 = load ptr, ptr %4, align 8\n  %42 = getelementptr inbounds %struct.xa_state, ptr %41, i32 0, i32 1\n  %43 = load ptr, ptr %42, align 8\n  %44 = load ptr, ptr %4, align 8\n  %45 = getelementptr inbounds %struct.xa_state, ptr %44, i32 0, i32 1\n  %46 = load ptr, ptr %45, align 8\n  %47 = getelementptr inbounds %struct.TYPE_5__, ptr %46, i32 0, i32 0\n  %48 = call i32 @list_empty(ptr noundef %47)\n  %49 = icmp ne i32 %48, 0\n  %50 = xor i1 %49, true\n  %51 = zext i1 %50 to i32\n  %52 = call i32 @XA_NODE_BUG_ON(ptr noundef %43, i32 noundef %51)\n  %53 = load i64, ptr @XAS_RESTART, align 8\n  %54 = load ptr, ptr %4, align 8\n  %55 = getelementptr inbounds %struct.xa_state, ptr %54, i32 0, i32 0\n  store i64 %53, ptr %55, align 8\n  store i32 1, ptr %3, align 4\n  br label %56\n",
        "optimized": "%32 = load ptr, ptr %4, align 8\n  %33 = getelementptr inbounds %struct.xa_state, ptr %32, i64 0, i32 1\n  %34 = load ptr, ptr %33, align 8\n  %35 = call i32 @list_empty(ptr noundef %34) #2\n  %.not3 = icmp eq i32 %35, 0\n  %36 = zext i1 %.not3 to i32\n  %37 = call i32 @XA_NODE_BUG_ON(ptr noundef %34, i32 noundef %36) #2\n  %38 = load i64, ptr @XAS_RESTART, align 8\n  %39 = load ptr, ptr %4, align 8\n  store i64 %38, ptr %39, align 8\n  store i32 1, ptr %3, align 4\n  br label %40\n"
    },
    {
        "unoptimized": "%57 = load i32, ptr %3, align 4\n  ret i32 %57\n}",
        "optimized": "%41 = load i32, ptr %3, align 4\n  ret i32 %41\n}"
    }
]