[
    {
        "unoptimized": "%3 = alloca i64, align 8\n  %4 = alloca ptr, align 8\n  %5 = alloca i64, align 8\n  %6 = alloca i32, align 4\n  %7 = alloca i32, align 4\n  %8 = alloca ptr, align 8\n  %9 = alloca i32, align 4\n  store ptr %0, ptr %4, align 8\n  store i64 %1, ptr %5, align 8\n  store i32 0, ptr %6, align 4\n  store i32 1, ptr %7, align 4\n  %10 = load ptr, ptr %4, align 8\n  %11 = load i64, ptr %5, align 8\n  %12 = getelementptr inbounds i8, ptr %10, i64 %11\n  store ptr %12, ptr %8, align 8\n  %13 = load i64, ptr %5, align 8\n  %14 = icmp eq i64 %13, 0\n  br i1 %14, label %15, label %16\n",
        "optimized": "%3 = alloca ptr, align 8\n  %4 = alloca i32, align 4\n  %5 = alloca i32, align 4\n  %6 = alloca ptr, align 8\n  %7 = alloca i32, align 4\n  store ptr %0, ptr %3, align 8\n  store i32 0, ptr %4, align 4\n  store i32 1, ptr %5, align 4\n  %8 = getelementptr inbounds i8, ptr %0, i64 %1\n  store ptr %8, ptr %6, align 8\n  %9 = icmp eq i64 %1, 0\n  br i1 %9, label %10, label %11\n"
    },
    {
        "unoptimized": "br label %55\n",
        "optimized": "br label %44\n"
    },
    {
        "unoptimized": "br label %17\n",
        "optimized": "br label %12\n"
    },
    {
        "unoptimized": "%18 = load ptr, ptr %8, align 8\n  %19 = getelementptr inbounds i8, ptr %18, i32 -1\n  store ptr %19, ptr %8, align 8\n  %20 = load i8, ptr %19, align 1\n  %21 = sext i8 %20 to i32\n  store i32 %21, ptr %9, align 4\n  %22 = load i32, ptr %9, align 4\n  %23 = icmp sle i32 48, %22\n  br i1 %23, label %24, label %27\n",
        "optimized": "%13 = load ptr, ptr %6, align 8\n  %14 = getelementptr inbounds i8, ptr %13, i64 -1\n  store ptr %14, ptr %6, align 8\n  %15 = load i8, ptr %14, align 1\n  %16 = sext i8 %15 to i32\n  store i32 %16, ptr %7, align 4\n  %17 = icmp sgt i8 %15, 47\n  br i1 %17, label %18, label %21\n"
    },
    {
        "unoptimized": "%25 = load i32, ptr %9, align 4\n  %26 = icmp sle i32 %25, 57\n  br i1 %26, label %28, label %27\n",
        "optimized": "%19 = load i32, ptr %7, align 4\n  %20 = icmp slt i32 %19, 58\n  br i1 %20, label %22, label %21\n"
    },
    {
        "unoptimized": "br label %55\n",
        "optimized": "br label %44\n"
    },
    {
        "unoptimized": "%29 = load i32, ptr %9, align 4\n  %30 = sub nsw i32 %29, 48\n  %31 = load i32, ptr %7, align 4\n  %32 = mul nsw i32 %30, %31\n  %33 = load i32, ptr %6, align 4\n  %34 = add nsw i32 %33, %32\n  store i32 %34, ptr %6, align 4\n  %35 = load ptr, ptr %8, align 8\n  %36 = load ptr, ptr %4, align 8\n  %37 = icmp eq ptr %35, %36\n  br i1 %37, label %38, label %39\n",
        "optimized": "%23 = load i32, ptr %7, align 4\n  %24 = add nsw i32 %23, -48\n  %25 = load i32, ptr %5, align 4\n  %26 = mul nsw i32 %24, %25\n  %27 = load i32, ptr %4, align 4\n  %28 = add nsw i32 %27, %26\n  store i32 %28, ptr %4, align 4\n  %29 = load ptr, ptr %6, align 8\n  %30 = load ptr, ptr %3, align 8\n  %31 = icmp eq ptr %29, %30\n  br i1 %31, label %32, label %33\n"
    },
    {
        "unoptimized": "br label %47\n",
        "optimized": "br label %38\n"
    },
    {
        "unoptimized": "%40 = load i32, ptr %7, align 4\n  %41 = mul nsw i32 %40, 10\n  store i32 %41, ptr %7, align 4\n  %42 = load i32, ptr %7, align 4\n  %43 = sext i32 %42 to i64\n  %44 = icmp eq i64 %43, -8446744073709551616\n  br i1 %44, label %45, label %46\n",
        "optimized": "%34 = load i32, ptr %5, align 4\n  %35 = mul nsw i32 %34, 10\n  store i32 %35, ptr %5, align 4\n  br i1 false, label %36, label %37\n"
    },
    {
        "unoptimized": "br label %55\n",
        "optimized": "br label %44\n"
    },
    {
        "unoptimized": "br label %17\n",
        "optimized": "br label %12\n"
    },
    {
        "unoptimized": "%48 = load i32, ptr %6, align 4\n  %49 = load i32, ptr @SIZE_MAX, align 4\n  %50 = icmp sge i32 %48, %49\n  br i1 %50, label %51, label %52\n",
        "optimized": "%39 = load i32, ptr %4, align 4\n  %40 = load i32, ptr @SIZE_MAX, align 4\n  %.not = icmp slt i32 %39, %40\n  br i1 %.not, label %42, label %41\n"
    },
    {
        "unoptimized": "br label %55\n",
        "optimized": "br label %44\n"
    },
    {
        "unoptimized": "%53 = load i32, ptr %6, align 4\n  %54 = sext i32 %53 to i64\n  store i64 %54, ptr %3, align 8\n  br label %58\n",
        "optimized": "%43 = load i32, ptr %4, align 4\n  br label %46\n"
    },
    {
        "unoptimized": "%56 = load i32, ptr @SIZE_MAX, align 4\n  %57 = sext i32 %56 to i64\n  store i64 %57, ptr %3, align 8\n  br label %58\n",
        "optimized": "%45 = load i32, ptr @SIZE_MAX, align 4\n  br label %46\n"
    },
    {
        "unoptimized": "%59 = load i64, ptr %3, align 8\n  ret i64 %59\n}",
        "optimized": "%storemerge.in = phi i32 [ %45, %44 ], [ %43, %42 ]\n  %storemerge = sext i32 %storemerge.in to i64\n  ret i64 %storemerge\n}"
    }
]