[
    {
        "unoptimized": "%4 = alloca ptr, align 8\n  %5 = alloca i32, align 4\n  %6 = alloca i32, align 4\n  %7 = alloca ptr, align 8\n  store ptr %0, ptr %4, align 8\n  store i32 %1, ptr %5, align 4\n  store i32 %2, ptr %6, align 4\n  %8 = load ptr, ptr %4, align 8\n  %9 = getelementptr inbounds %struct.TYPE_10__, ptr %8, i32 0, i32 1\n  %10 = load i32, ptr %9, align 4\n  %11 = load i32, ptr %5, align 4\n  %12 = call ptr @kh_key(i32 noundef %10, i32 noundef %11)\n  store ptr %12, ptr %7, align 8\n  %13 = load i32, ptr %6, align 4\n  %14 = icmp ne i32 %13, 0\n  br i1 %14, label %22, label %15\n",
        "optimized": "%4 = alloca ptr, align 8\n  %5 = alloca i32, align 4\n  %6 = alloca ptr, align 8\n  store ptr %0, ptr %4, align 8\n  store i32 %1, ptr %5, align 4\n  %7 = getelementptr inbounds %struct.TYPE_10__, ptr %0, i64 0, i32 1\n  %8 = load i32, ptr %7, align 4\n  %9 = call ptr @kh_key(i32 noundef %8, i32 noundef %1) #2\n  store ptr %9, ptr %6, align 8\n  %.not = icmp eq i32 %2, 0\n  br i1 %.not, label %10, label %16\n"
    },
    {
        "unoptimized": "%16 = load ptr, ptr %4, align 8\n  %17 = load ptr, ptr %4, align 8\n  %18 = getelementptr inbounds %struct.TYPE_10__, ptr %17, i32 0, i32 1\n  %19 = load i32, ptr %18, align 4\n  %20 = load i32, ptr %5, align 4\n  %21 = call i32 @kh_del(ptr noundef %16, i32 noundef %19, i32 noundef %20)\n  br label %22\n",
        "optimized": "%11 = load ptr, ptr %4, align 8\n  %12 = getelementptr inbounds %struct.TYPE_10__, ptr %11, i64 0, i32 1\n  %13 = load i32, ptr %12, align 4\n  %14 = load i32, ptr %5, align 4\n  %15 = call i32 @kh_del(ptr noundef %11, i32 noundef %13, i32 noundef %14) #2\n  br label %16\n"
    },
    {
        "unoptimized": "%23 = load ptr, ptr %7, align 8\n  %24 = getelementptr inbounds %struct.TYPE_11__, ptr %23, i32 0, i32 2\n  %25 = call i32 @h2o_linklist_unlink(ptr noundef %24)\n  %26 = load ptr, ptr %7, align 8\n  %27 = getelementptr inbounds %struct.TYPE_11__, ptr %26, i32 0, i32 1\n  %28 = call i32 @h2o_linklist_unlink(ptr noundef %27)\n  %29 = load ptr, ptr %7, align 8\n  %30 = getelementptr inbounds %struct.TYPE_11__, ptr %29, i32 0, i32 0\n  %31 = getelementptr inbounds %struct.TYPE_9__, ptr %30, i32 0, i32 0\n  %32 = load i64, ptr %31, align 8\n  %33 = load ptr, ptr %4, align 8\n  %34 = getelementptr inbounds %struct.TYPE_10__, ptr %33, i32 0, i32 0\n  %35 = load i32, ptr %34, align 4\n  %36 = sext i32 %35 to i64\n  %37 = sub nsw i64 %36, %32\n  %38 = trunc i64 %37 to i32\n  store i32 %38, ptr %34, align 4\n  %39 = load ptr, ptr %4, align 8\n  %40 = load ptr, ptr %7, align 8\n  %41 = call i32 @h2o_cache_release(ptr noundef %39, ptr noundef %40)\n  ret void\n}",
        "optimized": "%17 = load ptr, ptr %6, align 8\n  %18 = getelementptr inbounds %struct.TYPE_11__, ptr %17, i64 0, i32 2\n  %19 = call i32 @h2o_linklist_unlink(ptr noundef nonnull %18) #2\n  %20 = getelementptr inbounds %struct.TYPE_11__, ptr %17, i64 0, i32 1\n  %21 = call i32 @h2o_linklist_unlink(ptr noundef nonnull %20) #2\n  %22 = load i64, ptr %17, align 8\n  %23 = load ptr, ptr %4, align 8\n  %24 = load i32, ptr %23, align 4\n  %25 = trunc i64 %22 to i32\n  %26 = sub i32 %24, %25\n  store i32 %26, ptr %23, align 4\n  %27 = load ptr, ptr %6, align 8\n  %28 = call i32 @h2o_cache_release(ptr noundef nonnull %23, ptr noundef %27) #2\n  ret void\n}"
    }
]