[
    {
        "unoptimized": "%3 = alloca ptr, align 8\n  %4 = alloca ptr, align 8\n  %5 = alloca ptr, align 8\n  %6 = alloca i32, align 4\n  %7 = alloca i32, align 4\n  %8 = alloca i32, align 4\n  %9 = alloca i32, align 4\n  store ptr %0, ptr %3, align 8\n  store ptr %1, ptr %4, align 8\n  store ptr null, ptr %5, align 8\n  store i32 -1, ptr %7, align 4\n  %10 = load ptr, ptr %3, align 8\n  %11 = getelementptr inbounds %struct.elfhdr, ptr %10, i32 0, i32 2\n  %12 = load i32, ptr %11, align 4\n  store i32 %12, ptr %8, align 4\n  %13 = load ptr, ptr %3, align 8\n  %14 = getelementptr inbounds %struct.elfhdr, ptr %13, i32 0, i32 0\n  %15 = load i32, ptr %14, align 4\n  %16 = sext i32 %15 to i64\n  %17 = icmp ne i64 %16, 4\n  br i1 %17, label %18, label %19\n",
        "optimized": "%3 = alloca ptr, align 8\n  %4 = alloca ptr, align 8\n  %5 = alloca ptr, align 8\n  %6 = alloca i32, align 4\n  %7 = alloca i32, align 4\n  %8 = alloca i32, align 4\n  %9 = alloca i32, align 4\n  store ptr %0, ptr %3, align 8\n  store ptr %1, ptr %4, align 8\n  store ptr null, ptr %5, align 8\n  store i32 -1, ptr %7, align 4\n  %10 = getelementptr inbounds %struct.elfhdr, ptr %0, i64 0, i32 2\n  %11 = load i32, ptr %10, align 4\n  store i32 %11, ptr %8, align 4\n  %12 = load ptr, ptr %3, align 8\n  %13 = load i32, ptr %12, align 4\n  %.not = icmp eq i32 %13, 4\n  br i1 %.not, label %15, label %14\n"
    },
    {
        "unoptimized": "br label %62\n",
        "optimized": "br label %50\n"
    },
    {
        "unoptimized": "%20 = load ptr, ptr %3, align 8\n  %21 = getelementptr inbounds %struct.elfhdr, ptr %20, i32 0, i32 1\n  %22 = load i32, ptr %21, align 4\n  %23 = sext i32 %22 to i64\n  %24 = mul i64 4, %23\n  %25 = trunc i64 %24 to i32\n  store i32 %25, ptr %9, align 4\n  %26 = load i32, ptr %9, align 4\n  %27 = icmp eq i32 %26, 0\n  br i1 %27, label %35, label %28\n",
        "optimized": "%16 = load ptr, ptr %3, align 8\n  %17 = getelementptr inbounds %struct.elfhdr, ptr %16, i64 0, i32 1\n  %18 = load i32, ptr %17, align 4\n  %19 = shl i32 %18, 2\n  store i32 %19, ptr %9, align 4\n  %20 = icmp eq i32 %19, 0\n  br i1 %20, label %28, label %21\n"
    },
    {
        "unoptimized": "%29 = load i32, ptr %9, align 4\n  %30 = icmp ugt i32 %29, 65536\n  br i1 %30, label %35, label %31\n",
        "optimized": "%22 = load i32, ptr %9, align 4\n  %23 = icmp ugt i32 %22, 65536\n  br i1 %23, label %28, label %24\n"
    },
    {
        "unoptimized": "%32 = load i32, ptr %9, align 4\n  %33 = load i32, ptr @ELF_MIN_ALIGN, align 4\n  %34 = icmp ugt i32 %32, %33\n  br i1 %34, label %35, label %36\n",
        "optimized": "%25 = load i32, ptr %9, align 4\n  %26 = load i32, ptr @ELF_MIN_ALIGN, align 4\n  %27 = icmp ugt i32 %25, %26\n  br i1 %27, label %28, label %29\n"
    },
    {
        "unoptimized": "br label %62\n",
        "optimized": "br label %50\n"
    },
    {
        "unoptimized": "%37 = load i32, ptr %9, align 4\n  %38 = load i32, ptr @GFP_KERNEL, align 4\n  %39 = call ptr @kmalloc(i32 noundef %37, i32 noundef %38)\n  store ptr %39, ptr %5, align 8\n  %40 = load ptr, ptr %5, align 8\n  %41 = icmp ne ptr %40, null\n  br i1 %41, label %43, label %42\n",
        "optimized": "%30 = load i32, ptr %9, align 4\n  %31 = load i32, ptr @GFP_KERNEL, align 4\n  %32 = call ptr @kmalloc(i32 noundef %30, i32 noundef %31) #2\n  store ptr %32, ptr %5, align 8\n  %.not1 = icmp eq ptr %32, null\n  br i1 %.not1, label %33, label %34\n"
    },
    {
        "unoptimized": "br label %62\n",
        "optimized": "br label %50\n"
    },
    {
        "unoptimized": "%44 = load ptr, ptr %4, align 8\n  %45 = load ptr, ptr %5, align 8\n  %46 = load i32, ptr %9, align 4\n  %47 = call i32 @kernel_read(ptr noundef %44, ptr noundef %45, i32 noundef %46, ptr noundef %8)\n  store i32 %47, ptr %6, align 4\n  %48 = load i32, ptr %6, align 4\n  %49 = load i32, ptr %9, align 4\n  %50 = icmp ne i32 %48, %49\n  br i1 %50, label %51, label %61\n",
        "optimized": "%35 = load ptr, ptr %4, align 8\n  %36 = load ptr, ptr %5, align 8\n  %37 = load i32, ptr %9, align 4\n  %38 = call i32 @kernel_read(ptr noundef %35, ptr noundef %36, i32 noundef %37, ptr noundef nonnull %8) #2\n  store i32 %38, ptr %6, align 4\n  %.not3 = icmp eq i32 %38, %37\n  br i1 %.not3, label %49, label %39\n"
    },
    {
        "unoptimized": "%52 = load i32, ptr %6, align 4\n  %53 = icmp slt i32 %52, 0\n  br i1 %53, label %54, label %56\n",
        "optimized": "%40 = load i32, ptr %6, align 4\n  %41 = icmp slt i32 %40, 0\n  br i1 %41, label %42, label %44\n"
    },
    {
        "unoptimized": "%55 = load i32, ptr %6, align 4\n  br label %59\n",
        "optimized": "%43 = load i32, ptr %6, align 4\n  br label %47\n"
    },
    {
        "unoptimized": "%57 = load i32, ptr @EIO, align 4\n  %58 = sub nsw i32 0, %57\n  br label %59\n",
        "optimized": "%45 = load i32, ptr @EIO, align 4\n  %46 = sub nsw i32 0, %45\n  br label %47\n"
    },
    {
        "unoptimized": "%60 = phi i32 [ %55, %54 ], [ %58, %56 ]\n  store i32 %60, ptr %7, align 4\n  br label %62\n",
        "optimized": "%48 = phi i32 [ %43, %42 ], [ %46, %44 ]\n  store i32 %48, ptr %7, align 4\n  br label %50\n"
    },
    {
        "unoptimized": "store i32 0, ptr %7, align 4\n  br label %62\n",
        "optimized": "store i32 0, ptr %7, align 4\n  br label %50\n"
    },
    {
        "unoptimized": "%63 = load i32, ptr %7, align 4\n  %64 = icmp ne i32 %63, 0\n  br i1 %64, label %65, label %68\n",
        "optimized": "%51 = load i32, ptr %7, align 4\n  %.not2 = icmp eq i32 %51, 0\n  br i1 %.not2, label %55, label %52\n"
    },
    {
        "unoptimized": "%66 = load ptr, ptr %5, align 8\n  %67 = call i32 @kfree(ptr noundef %66)\n  store ptr null, ptr %5, align 8\n  br label %68\n",
        "optimized": "%53 = load ptr, ptr %5, align 8\n  %54 = call i32 @kfree(ptr noundef %53) #2\n  store ptr null, ptr %5, align 8\n  br label %55\n"
    },
    {
        "unoptimized": "%69 = load ptr, ptr %5, align 8\n  ret ptr %69\n}",
        "optimized": "%56 = load ptr, ptr %5, align 8\n  ret ptr %56\n}"
    }
]