[
    {
        "unoptimized": "%3 = alloca ptr, align 8\n  %4 = alloca ptr, align 8\n  %5 = alloca ptr, align 8\n  store ptr %0, ptr %4, align 8\n  store ptr %1, ptr %5, align 8\n  %6 = load ptr, ptr %4, align 8\n  %7 = getelementptr inbounds %struct.pci_device_id, ptr %6, i32 0, i32 0\n  %8 = load i64, ptr %7, align 8\n  %9 = load i64, ptr @PCI_ANY_ID, align 8\n  %10 = icmp eq i64 %8, %9\n  br i1 %10, label %19, label %11\n",
        "optimized": "%3 = alloca ptr, align 8\n  %4 = alloca ptr, align 8\n  store ptr %0, ptr %3, align 8\n  store ptr %1, ptr %4, align 8\n  %5 = load i64, ptr %0, align 8\n  %6 = load i64, ptr @PCI_ANY_ID, align 8\n  %7 = icmp eq i64 %5, %6\n  br i1 %7, label %14, label %8\n"
    },
    {
        "unoptimized": "%12 = load ptr, ptr %4, align 8\n  %13 = getelementptr inbounds %struct.pci_device_id, ptr %12, i32 0, i32 0\n  %14 = load i64, ptr %13, align 8\n  %15 = load ptr, ptr %5, align 8\n  %16 = getelementptr inbounds %struct.pci_dev, ptr %15, i32 0, i32 0\n  %17 = load i64, ptr %16, align 8\n  %18 = icmp eq i64 %14, %17\n  br i1 %18, label %19, label %76\n",
        "optimized": "%9 = load ptr, ptr %3, align 8\n  %10 = load i64, ptr %9, align 8\n  %11 = load ptr, ptr %4, align 8\n  %12 = load i64, ptr %11, align 8\n  %13 = icmp eq i64 %10, %12\n  br i1 %13, label %14, label %70\n"
    },
    {
        "unoptimized": "%20 = load ptr, ptr %4, align 8\n  %21 = getelementptr inbounds %struct.pci_device_id, ptr %20, i32 0, i32 1\n  %22 = load i64, ptr %21, align 8\n  %23 = load i64, ptr @PCI_ANY_ID, align 8\n  %24 = icmp eq i64 %22, %23\n  br i1 %24, label %33, label %25\n",
        "optimized": "%15 = load ptr, ptr %3, align 8\n  %16 = getelementptr inbounds %struct.pci_device_id, ptr %15, i64 0, i32 1\n  %17 = load i64, ptr %16, align 8\n  %18 = load i64, ptr @PCI_ANY_ID, align 8\n  %19 = icmp eq i64 %17, %18\n  br i1 %19, label %28, label %20\n"
    },
    {
        "unoptimized": "%26 = load ptr, ptr %4, align 8\n  %27 = getelementptr inbounds %struct.pci_device_id, ptr %26, i32 0, i32 1\n  %28 = load i64, ptr %27, align 8\n  %29 = load ptr, ptr %5, align 8\n  %30 = getelementptr inbounds %struct.pci_dev, ptr %29, i32 0, i32 1\n  %31 = load i64, ptr %30, align 8\n  %32 = icmp eq i64 %28, %31\n  br i1 %32, label %33, label %76\n",
        "optimized": "%21 = load ptr, ptr %3, align 8\n  %22 = getelementptr inbounds %struct.pci_device_id, ptr %21, i64 0, i32 1\n  %23 = load i64, ptr %22, align 8\n  %24 = load ptr, ptr %4, align 8\n  %25 = getelementptr inbounds %struct.pci_dev, ptr %24, i64 0, i32 1\n  %26 = load i64, ptr %25, align 8\n  %27 = icmp eq i64 %23, %26\n  br i1 %27, label %28, label %70\n"
    },
    {
        "unoptimized": "%34 = load ptr, ptr %4, align 8\n  %35 = getelementptr inbounds %struct.pci_device_id, ptr %34, i32 0, i32 2\n  %36 = load i64, ptr %35, align 8\n  %37 = load i64, ptr @PCI_ANY_ID, align 8\n  %38 = icmp eq i64 %36, %37\n  br i1 %38, label %47, label %39\n",
        "optimized": "%29 = load ptr, ptr %3, align 8\n  %30 = getelementptr inbounds %struct.pci_device_id, ptr %29, i64 0, i32 2\n  %31 = load i64, ptr %30, align 8\n  %32 = load i64, ptr @PCI_ANY_ID, align 8\n  %33 = icmp eq i64 %31, %32\n  br i1 %33, label %42, label %34\n"
    },
    {
        "unoptimized": "%40 = load ptr, ptr %4, align 8\n  %41 = getelementptr inbounds %struct.pci_device_id, ptr %40, i32 0, i32 2\n  %42 = load i64, ptr %41, align 8\n  %43 = load ptr, ptr %5, align 8\n  %44 = getelementptr inbounds %struct.pci_dev, ptr %43, i32 0, i32 2\n  %45 = load i64, ptr %44, align 8\n  %46 = icmp eq i64 %42, %45\n  br i1 %46, label %47, label %76\n",
        "optimized": "%35 = load ptr, ptr %3, align 8\n  %36 = getelementptr inbounds %struct.pci_device_id, ptr %35, i64 0, i32 2\n  %37 = load i64, ptr %36, align 8\n  %38 = load ptr, ptr %4, align 8\n  %39 = getelementptr inbounds %struct.pci_dev, ptr %38, i64 0, i32 2\n  %40 = load i64, ptr %39, align 8\n  %41 = icmp eq i64 %37, %40\n  br i1 %41, label %42, label %70\n"
    },
    {
        "unoptimized": "%48 = load ptr, ptr %4, align 8\n  %49 = getelementptr inbounds %struct.pci_device_id, ptr %48, i32 0, i32 3\n  %50 = load i64, ptr %49, align 8\n  %51 = load i64, ptr @PCI_ANY_ID, align 8\n  %52 = icmp eq i64 %50, %51\n  br i1 %52, label %61, label %53\n",
        "optimized": "%43 = load ptr, ptr %3, align 8\n  %44 = getelementptr inbounds %struct.pci_device_id, ptr %43, i64 0, i32 3\n  %45 = load i64, ptr %44, align 8\n  %46 = load i64, ptr @PCI_ANY_ID, align 8\n  %47 = icmp eq i64 %45, %46\n  br i1 %47, label %56, label %48\n"
    },
    {
        "unoptimized": "%54 = load ptr, ptr %4, align 8\n  %55 = getelementptr inbounds %struct.pci_device_id, ptr %54, i32 0, i32 3\n  %56 = load i64, ptr %55, align 8\n  %57 = load ptr, ptr %5, align 8\n  %58 = getelementptr inbounds %struct.pci_dev, ptr %57, i32 0, i32 3\n  %59 = load i64, ptr %58, align 8\n  %60 = icmp eq i64 %56, %59\n  br i1 %60, label %61, label %76\n",
        "optimized": "%49 = load ptr, ptr %3, align 8\n  %50 = getelementptr inbounds %struct.pci_device_id, ptr %49, i64 0, i32 3\n  %51 = load i64, ptr %50, align 8\n  %52 = load ptr, ptr %4, align 8\n  %53 = getelementptr inbounds %struct.pci_dev, ptr %52, i64 0, i32 3\n  %54 = load i64, ptr %53, align 8\n  %55 = icmp eq i64 %51, %54\n  br i1 %55, label %56, label %70\n"
    },
    {
        "unoptimized": "%62 = load ptr, ptr %4, align 8\n  %63 = getelementptr inbounds %struct.pci_device_id, ptr %62, i32 0, i32 4\n  %64 = load i32, ptr %63, align 8\n  %65 = load ptr, ptr %5, align 8\n  %66 = getelementptr inbounds %struct.pci_dev, ptr %65, i32 0, i32 4\n  %67 = load i32, ptr %66, align 8\n  %68 = xor i32 %64, %67\n  %69 = load ptr, ptr %4, align 8\n  %70 = getelementptr inbounds %struct.pci_device_id, ptr %69, i32 0, i32 5\n  %71 = load i32, ptr %70, align 4\n  %72 = and i32 %68, %71\n  %73 = icmp ne i32 %72, 0\n  br i1 %73, label %76, label %74\n",
        "optimized": "%57 = load ptr, ptr %3, align 8\n  %58 = getelementptr inbounds %struct.pci_device_id, ptr %57, i64 0, i32 4\n  %59 = load i32, ptr %58, align 8\n  %60 = load ptr, ptr %4, align 8\n  %61 = getelementptr inbounds %struct.pci_dev, ptr %60, i64 0, i32 4\n  %62 = load i32, ptr %61, align 8\n  %63 = xor i32 %59, %62\n  %64 = load ptr, ptr %3, align 8\n  %65 = getelementptr inbounds %struct.pci_device_id, ptr %64, i64 0, i32 5\n  %66 = load i32, ptr %65, align 4\n  %67 = and i32 %63, %66\n  %.not = icmp eq i32 %67, 0\n  br i1 %.not, label %68, label %70\n"
    },
    {
        "unoptimized": "%75 = load ptr, ptr %4, align 8\n  store ptr %75, ptr %3, align 8\n  br label %77\n",
        "optimized": "%69 = load ptr, ptr %3, align 8\n  br label %71\n"
    },
    {
        "unoptimized": "store ptr null, ptr %3, align 8\n  br label %77\n",
        "optimized": "br label %71\n"
    },
    {
        "unoptimized": "%78 = load ptr, ptr %3, align 8\n  ret ptr %78\n}",
        "optimized": "%storemerge = phi ptr [ null, %70 ], [ %69, %68 ]\n  ret ptr %storemerge\n}"
    }
]