[
    {
        "unoptimized": "%5 = alloca i64, align 8\n  %6 = alloca ptr, align 8\n  %7 = alloca ptr, align 8\n  %8 = alloca i64, align 8\n  %9 = alloca i64, align 8\n  %10 = alloca ptr, align 8\n  store ptr %0, ptr %6, align 8\n  store ptr %1, ptr %7, align 8\n  store i64 %2, ptr %8, align 8\n  store i64 %3, ptr %9, align 8\n  %11 = load i64, ptr %9, align 8\n  %12 = add nsw i64 %11, 1\n  store i64 %12, ptr %9, align 8\n  br label %13\n",
        "optimized": "%5 = alloca ptr, align 8\n  %6 = alloca ptr, align 8\n  %7 = alloca i64, align 8\n  %8 = alloca i64, align 8\n  store ptr %0, ptr %5, align 8\n  store ptr %1, ptr %6, align 8\n  store i64 %2, ptr %7, align 8\n  br label %9\n"
    },
    {
        "unoptimized": "%14 = load i64, ptr %9, align 8\n  %15 = load ptr, ptr %6, align 8\n  %16 = getelementptr inbounds %struct.TYPE_6__, ptr %15, i32 0, i32 0\n  %17 = load i64, ptr %16, align 8\n  %18 = icmp slt i64 %14, %17\n  br i1 %18, label %19, label %45\n",
        "optimized": "%storemerge.in = phi i64 [ %3, %4 ], [ %30, %29 ]\n  %storemerge = add nsw i64 %storemerge.in, 1\n  store i64 %storemerge, ptr %8, align 8\n  %10 = load ptr, ptr %5, align 8\n  %11 = load i64, ptr %10, align 8\n  %12 = icmp slt i64 %storemerge, %11\n  br i1 %12, label %13, label %31\n"
    },
    {
        "unoptimized": "%20 = load ptr, ptr %6, align 8\n  %21 = getelementptr inbounds %struct.TYPE_6__, ptr %20, i32 0, i32 1\n  %22 = load ptr, ptr %21, align 8\n  %23 = load i64, ptr %9, align 8\n  %24 = getelementptr inbounds %struct.TYPE_7__, ptr %22, i64 %23\n  store ptr %24, ptr %10, align 8\n  %25 = load ptr, ptr %10, align 8\n  %26 = getelementptr inbounds %struct.TYPE_7__, ptr %25, i32 0, i32 0\n  %27 = load ptr, ptr %26, align 8\n  %28 = getelementptr inbounds %struct.TYPE_5__, ptr %27, i32 0, i32 1\n  %29 = load i32, ptr %28, align 4\n  %30 = load ptr, ptr %10, align 8\n  %31 = getelementptr inbounds %struct.TYPE_7__, ptr %30, i32 0, i32 0\n  %32 = load ptr, ptr %31, align 8\n  %33 = getelementptr inbounds %struct.TYPE_5__, ptr %32, i32 0, i32 0\n  %34 = load i32, ptr %33, align 4\n  %35 = load ptr, ptr %7, align 8\n  %36 = load i64, ptr %8, align 8\n  %37 = call i64 @h2o_memis(i32 noundef %29, i32 noundef %34, ptr noundef %35, i64 noundef %36)\n  %38 = icmp ne i64 %37, 0\n  br i1 %38, label %39, label %41\n",
        "optimized": "%14 = load ptr, ptr %5, align 8\n  %15 = getelementptr inbounds %struct.TYPE_6__, ptr %14, i64 0, i32 1\n  %16 = load ptr, ptr %15, align 8\n  %17 = load i64, ptr %8, align 8\n  %18 = getelementptr inbounds %struct.TYPE_7__, ptr %16, i64 %17\n  %19 = load ptr, ptr %18, align 8\n  %20 = getelementptr inbounds %struct.TYPE_5__, ptr %19, i64 0, i32 1\n  %21 = load i32, ptr %20, align 4\n  %22 = load i32, ptr %19, align 4\n  %23 = load ptr, ptr %6, align 8\n  %24 = load i64, ptr %7, align 8\n  %25 = call i64 @h2o_memis(i32 noundef %21, i32 noundef %22, ptr noundef %23, i64 noundef %24) #2\n  %.not = icmp eq i64 %25, 0\n  br i1 %.not, label %28, label %26\n"
    },
    {
        "unoptimized": "%40 = load i64, ptr %9, align 8\n  store i64 %40, ptr %5, align 8\n  br label %46\n",
        "optimized": "%27 = load i64, ptr %8, align 8\n  br label %32\n"
    },
    {
        "unoptimized": "br label %42\n",
        "optimized": "br label %29\n"
    },
    {
        "unoptimized": "%43 = load i64, ptr %9, align 8\n  %44 = add nsw i64 %43, 1\n  store i64 %44, ptr %9, align 8\n  br label %13, !llvm.loop !6\n",
        "optimized": "%30 = load i64, ptr %8, align 8\n  br label %9, !llvm.loop !6\n"
    },
    {
        "unoptimized": "store i64 -1, ptr %5, align 8\n  br label %46\n",
        "optimized": "br label %32\n"
    },
    {
        "unoptimized": "%47 = load i64, ptr %5, align 8\n  ret i64 %47\n}",
        "optimized": "%storemerge1 = phi i64 [ -1, %31 ], [ %27, %26 ]\n  ret i64 %storemerge1\n}"
    }
]