[
    {
        "unoptimized": "%2 = alloca ptr, align 8\n  %3 = alloca ptr, align 8\n  store ptr %0, ptr %2, align 8\n  %4 = load ptr, ptr %2, align 8\n  %5 = getelementptr inbounds %struct.TYPE_7__, ptr %4, i32 0, i32 0\n  %6 = load i64, ptr %5, align 8\n  %7 = icmp ne i64 %6, 0\n  %8 = zext i1 %7 to i32\n  %9 = call i32 @assert(i32 noundef %8)\n  %10 = load ptr, ptr %2, align 8\n  %11 = load ptr, ptr %2, align 8\n  %12 = getelementptr inbounds %struct.TYPE_7__, ptr %11, i32 0, i32 0\n  %13 = load i64, ptr %12, align 8\n  %14 = add nsw i64 %13, -1\n  store i64 %14, ptr %12, align 8\n  %15 = call ptr @h2o_hpack_header_table_get(ptr noundef %10, i64 noundef %14)\n  store ptr %15, ptr %3, align 8\n  %16 = load ptr, ptr %3, align 8\n  %17 = getelementptr inbounds %struct.st_h2o_hpack_header_table_entry_t, ptr %16, i32 0, i32 1\n  %18 = load ptr, ptr %17, align 8\n  %19 = getelementptr inbounds %struct.TYPE_8__, ptr %18, i32 0, i32 0\n  %20 = load i64, ptr %19, align 8\n  %21 = load ptr, ptr %3, align 8\n  %22 = getelementptr inbounds %struct.st_h2o_hpack_header_table_entry_t, ptr %21, i32 0, i32 0\n  %23 = load ptr, ptr %22, align 8\n  %24 = getelementptr inbounds %struct.TYPE_8__, ptr %23, i32 0, i32 0\n  %25 = load i64, ptr %24, align 8\n  %26 = add nsw i64 %20, %25\n  %27 = load i64, ptr @HEADER_TABLE_ENTRY_SIZE_OFFSET, align 8\n  %28 = add nsw i64 %26, %27\n  %29 = load ptr, ptr %2, align 8\n  %30 = getelementptr inbounds %struct.TYPE_7__, ptr %29, i32 0, i32 1\n  %31 = load i32, ptr %30, align 8\n  %32 = sext i32 %31 to i64\n  %33 = sub nsw i64 %32, %28\n  %34 = trunc i64 %33 to i32\n  store i32 %34, ptr %30, align 8\n  %35 = load ptr, ptr %3, align 8\n  %36 = getelementptr inbounds %struct.st_h2o_hpack_header_table_entry_t, ptr %35, i32 0, i32 1\n  %37 = load ptr, ptr %36, align 8\n  %38 = call i32 @h2o_iovec_is_token(ptr noundef %37)\n  %39 = icmp ne i32 %38, 0\n  br i1 %39, label %45, label %40\n",
        "optimized": "%2 = alloca ptr, align 8\n  %3 = alloca ptr, align 8\n  store ptr %0, ptr %2, align 8\n  %4 = load i64, ptr %0, align 8\n  %5 = icmp ne i64 %4, 0\n  %6 = zext i1 %5 to i32\n  %7 = call i32 @assert(i32 noundef %6) #2\n  %8 = load i64, ptr %0, align 8\n  %9 = add nsw i64 %8, -1\n  store i64 %9, ptr %0, align 8\n  %10 = call ptr @h2o_hpack_header_table_get(ptr noundef nonnull %0, i64 noundef %9) #2\n  store ptr %10, ptr %3, align 8\n  %11 = getelementptr inbounds %struct.st_h2o_hpack_header_table_entry_t, ptr %10, i64 0, i32 1\n  %12 = load ptr, ptr %11, align 8\n  %13 = load i64, ptr %12, align 8\n  %14 = load ptr, ptr %10, align 8\n  %15 = load i64, ptr %14, align 8\n  %16 = add nsw i64 %13, %15\n  %17 = load i64, ptr @HEADER_TABLE_ENTRY_SIZE_OFFSET, align 8\n  %18 = add nsw i64 %16, %17\n  %19 = load ptr, ptr %2, align 8\n  %20 = getelementptr inbounds %struct.TYPE_7__, ptr %19, i64 0, i32 1\n  %21 = load i32, ptr %20, align 8\n  %22 = trunc i64 %18 to i32\n  %23 = sub i32 %21, %22\n  store i32 %23, ptr %20, align 8\n  %24 = load ptr, ptr %3, align 8\n  %25 = getelementptr inbounds %struct.st_h2o_hpack_header_table_entry_t, ptr %24, i64 0, i32 1\n  %26 = load ptr, ptr %25, align 8\n  %27 = call i32 @h2o_iovec_is_token(ptr noundef %26) #2\n  %.not = icmp eq i32 %27, 0\n  br i1 %.not, label %28, label %33\n"
    },
    {
        "unoptimized": "%41 = load ptr, ptr %3, align 8\n  %42 = getelementptr inbounds %struct.st_h2o_hpack_header_table_entry_t, ptr %41, i32 0, i32 1\n  %43 = load ptr, ptr %42, align 8\n  %44 = call i32 @h2o_mem_release_shared(ptr noundef %43)\n  br label %45\n",
        "optimized": "%29 = load ptr, ptr %3, align 8\n  %30 = getelementptr inbounds %struct.st_h2o_hpack_header_table_entry_t, ptr %29, i64 0, i32 1\n  %31 = load ptr, ptr %30, align 8\n  %32 = call i32 @h2o_mem_release_shared(ptr noundef %31) #2\n  br label %33\n"
    },
    {
        "unoptimized": "%46 = load ptr, ptr %3, align 8\n  %47 = getelementptr inbounds %struct.st_h2o_hpack_header_table_entry_t, ptr %46, i32 0, i32 0\n  %48 = load ptr, ptr %47, align 8\n  %49 = call i32 @value_is_part_of_static_table(ptr noundef %48)\n  %50 = icmp ne i32 %49, 0\n  br i1 %50, label %56, label %51\n",
        "optimized": "%34 = load ptr, ptr %3, align 8\n  %35 = load ptr, ptr %34, align 8\n  %36 = call i32 @value_is_part_of_static_table(ptr noundef %35) #2\n  %.not1 = icmp eq i32 %36, 0\n  br i1 %.not1, label %37, label %41\n"
    },
    {
        "unoptimized": "%52 = load ptr, ptr %3, align 8\n  %53 = getelementptr inbounds %struct.st_h2o_hpack_header_table_entry_t, ptr %52, i32 0, i32 0\n  %54 = load ptr, ptr %53, align 8\n  %55 = call i32 @h2o_mem_release_shared(ptr noundef %54)\n  br label %56\n",
        "optimized": "%38 = load ptr, ptr %3, align 8\n  %39 = load ptr, ptr %38, align 8\n  %40 = call i32 @h2o_mem_release_shared(ptr noundef %39) #2\n  br label %41\n"
    },
    {
        "unoptimized": "%57 = load ptr, ptr %3, align 8\n  %58 = call i32 @memset(ptr noundef %57, i32 noundef 0, i32 noundef 16)\n  ret void\n}",
        "optimized": "%42 = load ptr, ptr %3, align 8\n  %43 = call i32 @memset(ptr noundef %42, i32 noundef 0, i32 noundef 16) #2\n  ret void\n}"
    }
]