[
    {
        "unoptimized": "%4 = alloca i32, align 4\n  %5 = alloca ptr, align 8\n  %6 = alloca ptr, align 8\n  %7 = alloca i64, align 8\n  %8 = alloca ptr, align 8\n  %9 = alloca i32, align 4\n  %10 = alloca i32, align 4\n  store ptr %0, ptr %5, align 8\n  store ptr %1, ptr %6, align 8\n  store i64 %2, ptr %7, align 8\n  %11 = load ptr, ptr %5, align 8\n  store ptr %11, ptr %8, align 8\n  %12 = load i64, ptr %7, align 8\n  %13 = urem i64 %12, 2\n  %14 = icmp ne i64 %13, 0\n  br i1 %14, label %15, label %16\n",
        "optimized": "%4 = alloca i32, align 4\n  %5 = alloca ptr, align 8\n  %6 = alloca i64, align 8\n  %7 = alloca ptr, align 8\n  %8 = alloca i32, align 4\n  %9 = alloca i32, align 4\n  store ptr %1, ptr %5, align 8\n  store i64 %2, ptr %6, align 8\n  store ptr %0, ptr %7, align 8\n  %10 = and i64 %2, 1\n  %.not = icmp eq i64 %10, 0\n  br i1 %.not, label %12, label %11\n"
    },
    {
        "unoptimized": "store i32 -1, ptr %4, align 4\n  br label %47\n",
        "optimized": "store i32 -1, ptr %4, align 4\n  br label %42\n"
    },
    {
        "unoptimized": "br label %17\n",
        "optimized": "br label %13\n"
    },
    {
        "unoptimized": "%18 = load i64, ptr %7, align 8\n  %19 = icmp ne i64 %18, 0\n  br i1 %19, label %20, label %46\n",
        "optimized": "%14 = load i64, ptr %6, align 8\n  %.not1 = icmp eq i64 %14, 0\n  br i1 %.not1, label %41, label %15\n"
    },
    {
        "unoptimized": "%21 = load ptr, ptr %6, align 8\n  %22 = getelementptr inbounds i8, ptr %21, i32 1\n  store ptr %22, ptr %6, align 8\n  %23 = load i8, ptr %21, align 1\n  %24 = sext i8 %23 to i32\n  %25 = call i32 @decode_hex(i32 noundef %24)\n  store i32 %25, ptr %9, align 4\n  %26 = icmp eq i32 %25, -1\n  br i1 %26, label %34, label %27\n",
        "optimized": "%16 = load ptr, ptr %5, align 8\n  %17 = getelementptr inbounds i8, ptr %16, i64 1\n  store ptr %17, ptr %5, align 8\n  %18 = load i8, ptr %16, align 1\n  %19 = sext i8 %18 to i32\n  %20 = call i32 @decode_hex(i32 noundef %19) #2\n  store i32 %20, ptr %8, align 4\n  %21 = icmp eq i32 %20, -1\n  br i1 %21, label %29, label %22\n"
    },
    {
        "unoptimized": "%28 = load ptr, ptr %6, align 8\n  %29 = getelementptr inbounds i8, ptr %28, i32 1\n  store ptr %29, ptr %6, align 8\n  %30 = load i8, ptr %28, align 1\n  %31 = sext i8 %30 to i32\n  %32 = call i32 @decode_hex(i32 noundef %31)\n  store i32 %32, ptr %10, align 4\n  %33 = icmp eq i32 %32, -1\n  br i1 %33, label %34, label %35\n",
        "optimized": "%23 = load ptr, ptr %5, align 8\n  %24 = getelementptr inbounds i8, ptr %23, i64 1\n  store ptr %24, ptr %5, align 8\n  %25 = load i8, ptr %23, align 1\n  %26 = sext i8 %25 to i32\n  %27 = call i32 @decode_hex(i32 noundef %26) #2\n  store i32 %27, ptr %9, align 4\n  %28 = icmp eq i32 %27, -1\n  br i1 %28, label %29, label %30\n"
    },
    {
        "unoptimized": "store i32 -1, ptr %4, align 4\n  br label %47\n",
        "optimized": "store i32 -1, ptr %4, align 4\n  br label %42\n"
    },
    {
        "unoptimized": "%36 = load i32, ptr %9, align 4\n  %37 = shl i32 %36, 4\n  %38 = load i32, ptr %10, align 4\n  %39 = or i32 %37, %38\n  %40 = trunc i32 %39 to i8\n  %41 = load ptr, ptr %8, align 8\n  %42 = getelementptr inbounds i8, ptr %41, i32 1\n  store ptr %42, ptr %8, align 8\n  store i8 %40, ptr %41, align 1\n  br label %43\n",
        "optimized": "%31 = load i32, ptr %8, align 4\n  %32 = shl i32 %31, 4\n  %33 = load i32, ptr %9, align 4\n  %34 = or i32 %32, %33\n  %35 = trunc i32 %34 to i8\n  %36 = load ptr, ptr %7, align 8\n  %37 = getelementptr inbounds i8, ptr %36, i64 1\n  store ptr %37, ptr %7, align 8\n  store i8 %35, ptr %36, align 1\n  br label %38\n"
    },
    {
        "unoptimized": "%44 = load i64, ptr %7, align 8\n  %45 = sub i64 %44, 2\n  store i64 %45, ptr %7, align 8\n  br label %17, !llvm.loop !6\n",
        "optimized": "%39 = load i64, ptr %6, align 8\n  %40 = add i64 %39, -2\n  store i64 %40, ptr %6, align 8\n  br label %13, !llvm.loop !6\n"
    },
    {
        "unoptimized": "store i32 0, ptr %4, align 4\n  br label %47\n",
        "optimized": "store i32 0, ptr %4, align 4\n  br label %42\n"
    },
    {
        "unoptimized": "%48 = load i32, ptr %4, align 4\n  ret i32 %48\n}",
        "optimized": "%43 = load i32, ptr %4, align 4\n  ret i32 %43\n}"
    }
]