[
    {
        "unoptimized": "%3 = alloca ptr, align 8\n  %4 = alloca ptr, align 8\n  %5 = alloca ptr, align 8\n  %6 = alloca i64, align 8\n  store ptr %0, ptr %3, align 8\n  store ptr %1, ptr %4, align 8\n  %7 = load ptr, ptr %3, align 8\n  %8 = call i64 @simple_strtoull(ptr noundef %7, ptr noundef %5, i32 noundef 0)\n  store i64 %8, ptr %6, align 8\n  %9 = load ptr, ptr %5, align 8\n  %10 = load i8, ptr %9, align 1\n  %11 = sext i8 %10 to i32\n  switch i32 %11, label %32 [\n    i32 69, label %12\n    i32 101, label %12\n    i32 80, label %15\n    i32 112, label %15\n    i32 84, label %18\n    i32 116, label %18\n    i32 71, label %21\n    i32 103, label %21\n    i32 77, label %24\n    i32 109, label %24\n    i32 75, label %27\n    i32 107, label %27\n  ]\n",
        "optimized": "%3 = alloca ptr, align 8\n  %4 = alloca ptr, align 8\n  %5 = alloca i64, align 8\n  store ptr %1, ptr %3, align 8\n  %6 = call i64 @simple_strtoull(ptr noundef %0, ptr noundef nonnull %4, i32 noundef 0) #2\n  store i64 %6, ptr %5, align 8\n  %7 = load ptr, ptr %4, align 8\n  %8 = load i8, ptr %7, align 1\n  %9 = sext i8 %8 to i32\n  switch i32 %9, label %30 [\n    i32 69, label %10\n    i32 101, label %10\n    i32 80, label %13\n    i32 112, label %13\n    i32 84, label %16\n    i32 116, label %16\n    i32 71, label %19\n    i32 103, label %19\n    i32 77, label %22\n    i32 109, label %22\n    i32 75, label %25\n    i32 107, label %25\n  ]\n"
    },
    {
        "unoptimized": "%13 = load i64, ptr %6, align 8\n  %14 = shl i64 %13, 10\n  store i64 %14, ptr %6, align 8\n  br label %15\n",
        "optimized": "%11 = load i64, ptr %5, align 8\n  %12 = shl i64 %11, 10\n  store i64 %12, ptr %5, align 8\n  br label %13\n"
    },
    {
        "unoptimized": "%16 = load i64, ptr %6, align 8\n  %17 = shl i64 %16, 10\n  store i64 %17, ptr %6, align 8\n  br label %18\n",
        "optimized": "%14 = load i64, ptr %5, align 8\n  %15 = shl i64 %14, 10\n  store i64 %15, ptr %5, align 8\n  br label %16\n"
    },
    {
        "unoptimized": "%19 = load i64, ptr %6, align 8\n  %20 = shl i64 %19, 10\n  store i64 %20, ptr %6, align 8\n  br label %21\n",
        "optimized": "%17 = load i64, ptr %5, align 8\n  %18 = shl i64 %17, 10\n  store i64 %18, ptr %5, align 8\n  br label %19\n"
    },
    {
        "unoptimized": "%22 = load i64, ptr %6, align 8\n  %23 = shl i64 %22, 10\n  store i64 %23, ptr %6, align 8\n  br label %24\n",
        "optimized": "%20 = load i64, ptr %5, align 8\n  %21 = shl i64 %20, 10\n  store i64 %21, ptr %5, align 8\n  br label %22\n"
    },
    {
        "unoptimized": "%25 = load i64, ptr %6, align 8\n  %26 = shl i64 %25, 10\n  store i64 %26, ptr %6, align 8\n  br label %27\n",
        "optimized": "%23 = load i64, ptr %5, align 8\n  %24 = shl i64 %23, 10\n  store i64 %24, ptr %5, align 8\n  br label %25\n"
    },
    {
        "unoptimized": "%28 = load i64, ptr %6, align 8\n  %29 = shl i64 %28, 10\n  store i64 %29, ptr %6, align 8\n  %30 = load ptr, ptr %5, align 8\n  %31 = getelementptr inbounds i8, ptr %30, i32 1\n  store ptr %31, ptr %5, align 8\n  br label %32\n",
        "optimized": "%26 = load i64, ptr %5, align 8\n  %27 = shl i64 %26, 10\n  store i64 %27, ptr %5, align 8\n  %28 = load ptr, ptr %4, align 8\n  %29 = getelementptr inbounds i8, ptr %28, i64 1\n  store ptr %29, ptr %4, align 8\n  br label %30\n"
    },
    {
        "unoptimized": "br label %33\n",
        "optimized": "br label %31\n"
    },
    {
        "unoptimized": "%34 = load ptr, ptr %4, align 8\n  %35 = icmp ne ptr %34, null\n  br i1 %35, label %36, label %39\n",
        "optimized": "%32 = load ptr, ptr %3, align 8\n  %.not = icmp eq ptr %32, null\n  br i1 %.not, label %36, label %33\n"
    },
    {
        "unoptimized": "%37 = load ptr, ptr %5, align 8\n  %38 = load ptr, ptr %4, align 8\n  store ptr %37, ptr %38, align 8\n  br label %39\n",
        "optimized": "%34 = load ptr, ptr %4, align 8\n  %35 = load ptr, ptr %3, align 8\n  store ptr %34, ptr %35, align 8\n  br label %36\n"
    },
    {
        "unoptimized": "%40 = load i64, ptr %6, align 8\n  ret i64 %40\n}",
        "optimized": "%37 = load i64, ptr %5, align 8\n  ret i64 %37\n}"
    }
]