[
    {
        "unoptimized": "%4 = alloca ptr, align 8\n  %5 = alloca ptr, align 8\n  %6 = alloca ptr, align 8\n  %7 = alloca ptr, align 8\n  store ptr %0, ptr %5, align 8\n  store ptr %1, ptr %6, align 8\n  store ptr %2, ptr %7, align 8\n  %8 = load ptr, ptr %6, align 8\n  %9 = load ptr, ptr %5, align 8\n  %10 = ptrtoint ptr %8 to i64\n  %11 = ptrtoint ptr %9 to i64\n  %12 = sub i64 %10, %11\n  %13 = icmp sge i64 %12, 5\n  br i1 %13, label %14, label %22\n",
        "optimized": "%4 = alloca ptr, align 8\n  %5 = alloca ptr, align 8\n  %6 = alloca ptr, align 8\n  %7 = alloca ptr, align 8\n  store ptr %0, ptr %5, align 8\n  store ptr %1, ptr %6, align 8\n  store ptr %2, ptr %7, align 8\n  %8 = ptrtoint ptr %1 to i64\n  %9 = ptrtoint ptr %0 to i64\n  %10 = sub i64 %8, %9\n  %11 = icmp sgt i64 %10, 4\n  br i1 %11, label %12, label %20\n"
    },
    {
        "unoptimized": "%15 = load ptr, ptr %5, align 8\n  %16 = call i64 @memcmp(ptr noundef %15, ptr noundef @.str, i32 noundef 5)\n  %17 = icmp eq i64 %16, 0\n  br i1 %17, label %18, label %22\n",
        "optimized": "%13 = load ptr, ptr %5, align 8\n  %14 = call i64 @memcmp(ptr noundef %13, ptr noundef nonnull @.str, i32 noundef 5) #2\n  %15 = icmp eq i64 %14, 0\n  br i1 %15, label %16, label %20\n"
    },
    {
        "unoptimized": "%19 = load ptr, ptr %7, align 8\n  store ptr @H2O_URL_SCHEME_HTTP, ptr %19, align 8\n  %20 = load ptr, ptr %5, align 8\n  %21 = getelementptr inbounds i8, ptr %20, i64 5\n  store ptr %21, ptr %4, align 8\n  br label %39\n",
        "optimized": "%17 = load ptr, ptr %7, align 8\n  store ptr @H2O_URL_SCHEME_HTTP, ptr %17, align 8\n  %18 = load ptr, ptr %5, align 8\n  %19 = getelementptr inbounds i8, ptr %18, i64 5\n  store ptr %19, ptr %4, align 8\n  br label %37\n"
    },
    {
        "unoptimized": "%23 = load ptr, ptr %6, align 8\n  %24 = load ptr, ptr %5, align 8\n  %25 = ptrtoint ptr %23 to i64\n  %26 = ptrtoint ptr %24 to i64\n  %27 = sub i64 %25, %26\n  %28 = icmp sge i64 %27, 6\n  br i1 %28, label %29, label %37\n",
        "optimized": "%21 = load ptr, ptr %6, align 8\n  %22 = load ptr, ptr %5, align 8\n  %23 = ptrtoint ptr %21 to i64\n  %24 = ptrtoint ptr %22 to i64\n  %25 = sub i64 %23, %24\n  %26 = icmp sgt i64 %25, 5\n  br i1 %26, label %27, label %35\n"
    },
    {
        "unoptimized": "%30 = load ptr, ptr %5, align 8\n  %31 = call i64 @memcmp(ptr noundef %30, ptr noundef @.str.1, i32 noundef 6)\n  %32 = icmp eq i64 %31, 0\n  br i1 %32, label %33, label %37\n",
        "optimized": "%28 = load ptr, ptr %5, align 8\n  %29 = call i64 @memcmp(ptr noundef %28, ptr noundef nonnull @.str.1, i32 noundef 6) #2\n  %30 = icmp eq i64 %29, 0\n  br i1 %30, label %31, label %35\n"
    },
    {
        "unoptimized": "%34 = load ptr, ptr %7, align 8\n  store ptr @H2O_URL_SCHEME_HTTPS, ptr %34, align 8\n  %35 = load ptr, ptr %5, align 8\n  %36 = getelementptr inbounds i8, ptr %35, i64 6\n  store ptr %36, ptr %4, align 8\n  br label %39\n",
        "optimized": "%32 = load ptr, ptr %7, align 8\n  store ptr @H2O_URL_SCHEME_HTTPS, ptr %32, align 8\n  %33 = load ptr, ptr %5, align 8\n  %34 = getelementptr inbounds i8, ptr %33, i64 6\n  store ptr %34, ptr %4, align 8\n  br label %37\n"
    },
    {
        "unoptimized": "br label %38\n",
        "optimized": "br label %36\n"
    },
    {
        "unoptimized": "store ptr null, ptr %4, align 8\n  br label %39\n",
        "optimized": "store ptr null, ptr %4, align 8\n  br label %37\n"
    },
    {
        "unoptimized": "%40 = load ptr, ptr %4, align 8\n  ret ptr %40\n}",
        "optimized": "%38 = load ptr, ptr %4, align 8\n  ret ptr %38\n}"
    }
]