[
    {
        "unoptimized": "%6 = alloca i64, align 8\n  %7 = alloca i32, align 4\n  %8 = alloca ptr, align 8\n  %9 = alloca i64, align 8\n  %10 = alloca ptr, align 8\n  %11 = alloca ptr, align 8\n  %12 = alloca i64, align 8\n  store i32 %0, ptr %7, align 4\n  store ptr %1, ptr %8, align 8\n  store i64 %2, ptr %9, align 8\n  store ptr %3, ptr %10, align 8\n  store ptr %4, ptr %11, align 8\n  %13 = load i32, ptr %7, align 4\n  %14 = icmp ne i32 %13, 0\n  br i1 %14, label %15, label %26\n",
        "optimized": "%6 = alloca ptr, align 8\n  %7 = alloca i64, align 8\n  %8 = alloca ptr, align 8\n  %9 = alloca ptr, align 8\n  %10 = alloca i64, align 8\n  store ptr %1, ptr %6, align 8\n  store i64 %2, ptr %7, align 8\n  store ptr %3, ptr %8, align 8\n  store ptr %4, ptr %9, align 8\n  %.not = icmp eq i32 %0, 0\n  br i1 %.not, label %22, label %11\n"
    },
    {
        "unoptimized": "%16 = load ptr, ptr %10, align 8\n  %17 = load ptr, ptr %8, align 8\n  %18 = load i64, ptr %9, align 8\n  %19 = load ptr, ptr %11, align 8\n  %20 = call i64 @h2o_hpack_decode_huffman(ptr noundef %16, ptr noundef %17, i64 noundef %18, i32 noundef 0, ptr noundef %19)\n  store i64 %20, ptr %12, align 8\n  %21 = load i64, ptr @SIZE_MAX, align 8\n  %22 = icmp eq i64 %20, %21\n  br i1 %22, label %23, label %25\n",
        "optimized": "%12 = load ptr, ptr %8, align 8\n  %13 = load ptr, ptr %6, align 8\n  %14 = load i64, ptr %7, align 8\n  %15 = load ptr, ptr %9, align 8\n  %16 = call i64 @h2o_hpack_decode_huffman(ptr noundef %12, ptr noundef %13, i64 noundef %14, i32 noundef 0, ptr noundef %15) #2\n  store i64 %16, ptr %10, align 8\n  %17 = load i64, ptr @SIZE_MAX, align 8\n  %18 = icmp eq i64 %16, %17\n  br i1 %18, label %19, label %21\n"
    },
    {
        "unoptimized": "%24 = load i64, ptr @SIZE_MAX, align 8\n  store i64 %24, ptr %6, align 8\n  br label %41\n",
        "optimized": "%20 = load i64, ptr @SIZE_MAX, align 8\n  br label %33\n"
    },
    {
        "unoptimized": "br label %36\n",
        "optimized": "br label %29\n"
    },
    {
        "unoptimized": "%27 = load ptr, ptr %8, align 8\n  %28 = load i64, ptr %9, align 8\n  %29 = load ptr, ptr %11, align 8\n  %30 = call i32 @h2o_hpack_validate_header_value(ptr noundef %27, i64 noundef %28, ptr noundef %29)\n  %31 = load ptr, ptr %10, align 8\n  %32 = load ptr, ptr %8, align 8\n  %33 = load i64, ptr %9, align 8\n  %34 = call i32 @memcpy(ptr noundef %31, ptr noundef %32, i64 noundef %33)\n  %35 = load i64, ptr %9, align 8\n  store i64 %35, ptr %12, align 8\n  br label %36\n",
        "optimized": "%23 = load ptr, ptr %6, align 8\n  %24 = load i64, ptr %7, align 8\n  %25 = load ptr, ptr %9, align 8\n  %26 = call i32 @h2o_hpack_validate_header_value(ptr noundef %23, i64 noundef %24, ptr noundef %25) #2\n  %27 = load ptr, ptr %8, align 8\n  %28 = call i32 @memcpy(ptr noundef %27, ptr noundef %23, i64 noundef %24) #2\n  store i64 %24, ptr %10, align 8\n  br label %29\n"
    },
    {
        "unoptimized": "%37 = load ptr, ptr %10, align 8\n  %38 = load i64, ptr %12, align 8\n  %39 = getelementptr inbounds i8, ptr %37, i64 %38\n  store i8 0, ptr %39, align 1\n  %40 = load i64, ptr %12, align 8\n  store i64 %40, ptr %6, align 8\n  br label %41\n",
        "optimized": "%30 = load ptr, ptr %8, align 8\n  %31 = load i64, ptr %10, align 8\n  %32 = getelementptr inbounds i8, ptr %30, i64 %31\n  store i8 0, ptr %32, align 1\n  br label %33\n"
    },
    {
        "unoptimized": "%42 = load i64, ptr %6, align 8\n  ret i64 %42\n}",
        "optimized": "%storemerge = phi i64 [ %31, %29 ], [ %20, %19 ]\n  ret i64 %storemerge\n}"
    }
]