[
    {
        "unoptimized": "%2 = alloca i32, align 4\n  store i32 %0, ptr %2, align 4\n  %3 = load i32, ptr %2, align 4\n  %4 = icmp eq i32 %3, 32\n  br i1 %4, label %14, label %5\n",
        "optimized": "%2 = alloca i32, align 4\n  store i32 %0, ptr %2, align 4\n  %3 = icmp eq i32 %0, 32\n  br i1 %3, label %14, label %4\n"
    },
    {
        "unoptimized": "%6 = load i32, ptr %2, align 4\n  %7 = icmp eq i32 %6, 9\n  br i1 %7, label %14, label %8\n",
        "optimized": "%5 = load i32, ptr %2, align 4\n  %6 = icmp eq i32 %5, 9\n  br i1 %6, label %14, label %7\n"
    },
    {
        "unoptimized": "%9 = load i32, ptr %2, align 4\n  %10 = icmp eq i32 %9, 13\n  br i1 %10, label %14, label %11\n",
        "optimized": "%8 = load i32, ptr %2, align 4\n  %9 = icmp eq i32 %8, 13\n  br i1 %9, label %14, label %10\n"
    },
    {
        "unoptimized": "%12 = load i32, ptr %2, align 4\n  %13 = icmp eq i32 %12, 10\n  br label %14\n",
        "optimized": "%11 = load i32, ptr %2, align 4\n  %12 = icmp eq i32 %11, 10\n  %13 = zext i1 %12 to i32\n  br label %14\n"
    },
    {
        "unoptimized": "%15 = phi i1 [ true, %8 ], [ true, %5 ], [ true, %1 ], [ %13, %11 ]\n  %16 = zext i1 %15 to i32\n  ret i32 %16\n}",
        "optimized": "%15 = phi i32 [ 1, %7 ], [ 1, %4 ], [ 1, %1 ], [ %13, %10 ]\n  ret i32 %15\n}"
    }
]