[
    {
        "unoptimized": "%2 = alloca ptr, align 8\n  store ptr %0, ptr %2, align 8\n  %3 = load i32, ptr @malloc_count, align 4\n  %4 = add nsw i32 %3, -1\n  store i32 %4, ptr @malloc_count, align 4\n  %5 = load i32, ptr @malloc_count, align 4\n  %6 = icmp ne i32 %5, 0\n  br i1 %6, label %9, label %7\n",
        "optimized": "%2 = load i32, ptr @malloc_count, align 4\n  %3 = add nsw i32 %2, -1\n  store i32 %3, ptr @malloc_count, align 4\n  %.not = icmp eq i32 %3, 0\n  br i1 %.not, label %4, label %6\n"
    },
    {
        "unoptimized": "%8 = load i32, ptr @free_mem_ptr, align 4\n  store i32 %8, ptr @malloc_ptr, align 4\n  br label %9\n",
        "optimized": "%5 = load i32, ptr @free_mem_ptr, align 4\n  store i32 %5, ptr @malloc_ptr, align 4\n  br label %6\n"
    },
    {
        "unoptimized": "ret void\n}",
        "optimized": "ret void\n}"
    }
]