[
    {
        "unoptimized": "%2 = alloca ptr, align 8\n  store ptr %0, ptr %2, align 8\n  %3 = load ptr, ptr %2, align 8\n  %4 = getelementptr inbounds %struct.st_h2o_socket_ssl_t, ptr %3, i32 0, i32 3\n  %5 = load ptr, ptr %4, align 8\n  %6 = icmp ne ptr %5, null\n  br i1 %6, label %7, label %14\n",
        "optimized": "%2 = alloca ptr, align 8\n  store ptr %0, ptr %2, align 8\n  %3 = getelementptr inbounds %struct.st_h2o_socket_ssl_t, ptr %0, i64 0, i32 3\n  %4 = load ptr, ptr %3, align 8\n  %.not = icmp eq ptr %4, null\n  br i1 %.not, label %11, label %5\n"
    },
    {
        "unoptimized": "%8 = load ptr, ptr %2, align 8\n  %9 = getelementptr inbounds %struct.st_h2o_socket_ssl_t, ptr %8, i32 0, i32 3\n  %10 = load ptr, ptr %9, align 8\n  %11 = call i32 @ptls_free(ptr noundef %10)\n  %12 = load ptr, ptr %2, align 8\n  %13 = getelementptr inbounds %struct.st_h2o_socket_ssl_t, ptr %12, i32 0, i32 3\n  store ptr null, ptr %13, align 8\n  br label %14\n",
        "optimized": "%6 = load ptr, ptr %2, align 8\n  %7 = getelementptr inbounds %struct.st_h2o_socket_ssl_t, ptr %6, i64 0, i32 3\n  %8 = load ptr, ptr %7, align 8\n  %9 = call i32 @ptls_free(ptr noundef %8) #2\n  %10 = getelementptr inbounds %struct.st_h2o_socket_ssl_t, ptr %6, i64 0, i32 3\n  store ptr null, ptr %10, align 8\n  br label %11\n"
    },
    {
        "unoptimized": "%15 = load ptr, ptr %2, align 8\n  %16 = getelementptr inbounds %struct.st_h2o_socket_ssl_t, ptr %15, i32 0, i32 1\n  %17 = load ptr, ptr %16, align 8\n  %18 = icmp ne ptr %17, null\n  br i1 %18, label %19, label %46\n",
        "optimized": "%12 = load ptr, ptr %2, align 8\n  %13 = getelementptr inbounds %struct.st_h2o_socket_ssl_t, ptr %12, i64 0, i32 1\n  %14 = load ptr, ptr %13, align 8\n  %.not1 = icmp eq ptr %14, null\n  br i1 %.not1, label %34, label %15\n"
    },
    {
        "unoptimized": "%20 = load ptr, ptr %2, align 8\n  %21 = getelementptr inbounds %struct.st_h2o_socket_ssl_t, ptr %20, i32 0, i32 1\n  %22 = load ptr, ptr %21, align 8\n  %23 = call i32 @SSL_is_server(ptr noundef %22)\n  %24 = icmp ne i32 %23, 0\n  br i1 %24, label %39, label %25\n",
        "optimized": "%16 = load ptr, ptr %2, align 8\n  %17 = getelementptr inbounds %struct.st_h2o_socket_ssl_t, ptr %16, i64 0, i32 1\n  %18 = load ptr, ptr %17, align 8\n  %19 = call i32 @SSL_is_server(ptr noundef %18) #2\n  %.not2 = icmp eq i32 %19, 0\n  br i1 %.not2, label %20, label %28\n"
    },
    {
        "unoptimized": "%26 = load ptr, ptr %2, align 8\n  %27 = getelementptr inbounds %struct.st_h2o_socket_ssl_t, ptr %26, i32 0, i32 2\n  %28 = getelementptr inbounds %struct.TYPE_7__, ptr %27, i32 0, i32 0\n  %29 = getelementptr inbounds %struct.TYPE_6__, ptr %28, i32 0, i32 1\n  %30 = load ptr, ptr %29, align 8\n  %31 = call i32 @free(ptr noundef %30)\n  %32 = load ptr, ptr %2, align 8\n  %33 = getelementptr inbounds %struct.st_h2o_socket_ssl_t, ptr %32, i32 0, i32 2\n  %34 = getelementptr inbounds %struct.TYPE_7__, ptr %33, i32 0, i32 0\n  %35 = getelementptr inbounds %struct.TYPE_6__, ptr %34, i32 0, i32 0\n  %36 = getelementptr inbounds %struct.TYPE_5__, ptr %35, i32 0, i32 0\n  %37 = load ptr, ptr %36, align 8\n  %38 = call i32 @free(ptr noundef %37)\n  br label %39\n",
        "optimized": "%21 = load ptr, ptr %2, align 8\n  %22 = getelementptr inbounds %struct.st_h2o_socket_ssl_t, ptr %21, i64 0, i32 2, i32 0, i32 1\n  %23 = load ptr, ptr %22, align 8\n  %24 = call i32 @free(ptr noundef %23) #2\n  %25 = getelementptr inbounds %struct.st_h2o_socket_ssl_t, ptr %21, i64 0, i32 2\n  %26 = load ptr, ptr %25, align 8\n  %27 = call i32 @free(ptr noundef %26) #2\n  br label %28\n"
    },
    {
        "unoptimized": "%40 = load ptr, ptr %2, align 8\n  %41 = getelementptr inbounds %struct.st_h2o_socket_ssl_t, ptr %40, i32 0, i32 1\n  %42 = load ptr, ptr %41, align 8\n  %43 = call i32 @SSL_free(ptr noundef %42)\n  %44 = load ptr, ptr %2, align 8\n  %45 = getelementptr inbounds %struct.st_h2o_socket_ssl_t, ptr %44, i32 0, i32 1\n  store ptr null, ptr %45, align 8\n  br label %46\n",
        "optimized": "%29 = load ptr, ptr %2, align 8\n  %30 = getelementptr inbounds %struct.st_h2o_socket_ssl_t, ptr %29, i64 0, i32 1\n  %31 = load ptr, ptr %30, align 8\n  %32 = call i32 @SSL_free(ptr noundef %31) #2\n  %33 = getelementptr inbounds %struct.st_h2o_socket_ssl_t, ptr %29, i64 0, i32 1\n  store ptr null, ptr %33, align 8\n  br label %34\n"
    },
    {
        "unoptimized": "%47 = load ptr, ptr %2, align 8\n  %48 = getelementptr inbounds %struct.st_h2o_socket_ssl_t, ptr %47, i32 0, i32 0\n  %49 = getelementptr inbounds %struct.TYPE_8__, ptr %48, i32 0, i32 0\n  %50 = call i32 @h2o_buffer_dispose(ptr noundef %49)\n  %51 = load ptr, ptr %2, align 8\n  %52 = call i32 @clear_output_buffer(ptr noundef %51)\n  %53 = load ptr, ptr %2, align 8\n  %54 = call i32 @free(ptr noundef %53)\n  ret void\n}",
        "optimized": "%35 = load ptr, ptr %2, align 8\n  %36 = call i32 @h2o_buffer_dispose(ptr noundef %35) #2\n  %37 = call i32 @clear_output_buffer(ptr noundef %35) #2\n  %38 = call i32 @free(ptr noundef %35) #2\n  ret void\n}"
    }
]