[
    {
        "unoptimized": "%4 = alloca ptr, align 8\n  %5 = alloca i64, align 8\n  %6 = alloca i32, align 4\n  %7 = alloca ptr, align 8\n  store ptr %0, ptr %4, align 8\n  store i64 %1, ptr %5, align 8\n  store i32 %2, ptr %6, align 4\n  %8 = load i32, ptr @xas, align 4\n  %9 = load ptr, ptr %4, align 8\n  %10 = load i64, ptr %5, align 8\n  %11 = call i32 @XA_STATE(i32 noundef %8, ptr noundef %9, i64 noundef %10)\n  %12 = call ptr @xas_load(ptr noundef @xas)\n  store ptr %12, ptr %7, align 8\n  %13 = load ptr, ptr %7, align 8\n  %14 = icmp ne ptr %13, null\n  br i1 %14, label %15, label %18\n",
        "optimized": "%4 = alloca i32, align 4\n  store i32 %2, ptr %4, align 4\n  %5 = load i32, ptr @xas, align 4\n  %6 = call i32 @XA_STATE(i32 noundef %5, ptr noundef %0, i64 noundef %1) #2\n  %7 = call ptr @xas_load(ptr noundef nonnull @xas) #2\n  %.not = icmp eq ptr %7, null\n  br i1 %.not, label %11, label %8\n"
    },
    {
        "unoptimized": "%16 = load i32, ptr %6, align 4\n  %17 = call i32 @xas_clear_mark(ptr noundef @xas, i32 noundef %16)\n  br label %18\n",
        "optimized": "%9 = load i32, ptr %4, align 4\n  %10 = call i32 @xas_clear_mark(ptr noundef nonnull @xas, i32 noundef %9) #2\n  br label %11\n"
    },
    {
        "unoptimized": "ret void\n}",
        "optimized": "ret void\n}"
    }
]