[
    {
        "unoptimized": "%3 = alloca i32, align 4\n  %4 = alloca ptr, align 8\n  %5 = alloca ptr, align 8\n  %6 = alloca ptr, align 8\n  %7 = alloca i32, align 4\n  store ptr %0, ptr %4, align 8\n  store ptr %1, ptr %5, align 8\n  %8 = load ptr, ptr %4, align 8\n  store ptr %8, ptr %6, align 8\n  store i32 4, ptr %7, align 4\n  %9 = load ptr, ptr %6, align 8\n  %10 = getelementptr inbounds %struct.st_h2o_evloop_socket_t, ptr %9, i32 0, i32 0\n  %11 = load i32, ptr %10, align 4\n  %12 = load ptr, ptr %5, align 8\n  %13 = call i64 @getsockname(i32 noundef %11, ptr noundef %12, ptr noundef %7)\n  %14 = icmp ne i64 %13, 0\n  br i1 %14, label %15, label %16\n",
        "optimized": "%3 = alloca i32, align 4\n  store i32 4, ptr %3, align 4\n  %4 = load i32, ptr %0, align 4\n  %5 = call i64 @getsockname(i32 noundef %4, ptr noundef %1, ptr noundef nonnull %3) #2\n  %.not = icmp eq i64 %5, 0\n  br i1 %.not, label %7, label %6\n"
    },
    {
        "unoptimized": "store i32 0, ptr %3, align 4\n  br label %18\n",
        "optimized": "br label %9\n"
    },
    {
        "unoptimized": "%17 = load i32, ptr %7, align 4\n  store i32 %17, ptr %3, align 4\n  br label %18\n",
        "optimized": "%8 = load i32, ptr %3, align 4\n  br label %9\n"
    },
    {
        "unoptimized": "%19 = load i32, ptr %3, align 4\n  ret i32 %19\n}",
        "optimized": "%storemerge = phi i32 [ %8, %7 ], [ 0, %6 ]\n  ret i32 %storemerge\n}"
    }
]