[
    {
        "unoptimized": "%4 = alloca ptr, align 8\n  %5 = alloca ptr, align 8\n  %6 = alloca ptr, align 8\n  %7 = alloca i64, align 8\n  %8 = alloca ptr, align 8\n  store ptr %0, ptr %5, align 8\n  store ptr %1, ptr %6, align 8\n  store i64 %2, ptr %7, align 8\n  %9 = load ptr, ptr %5, align 8\n  store ptr %9, ptr %8, align 8\n  br label %10\n",
        "optimized": "%4 = alloca ptr, align 8\n  %5 = alloca i64, align 8\n  %6 = alloca ptr, align 8\n  store ptr %1, ptr %4, align 8\n  store i64 %2, ptr %5, align 8\n  br label %7\n"
    },
    {
        "unoptimized": "%11 = load ptr, ptr %8, align 8\n  %12 = load ptr, ptr %6, align 8\n  %13 = icmp ult ptr %11, %12\n  br i1 %13, label %14, label %30\n",
        "optimized": "%storemerge = phi ptr [ %0, %3 ], [ %23, %19 ]\n  store ptr %storemerge, ptr %6, align 8\n  %8 = load ptr, ptr %4, align 8\n  %9 = icmp ult ptr %storemerge, %8\n  br i1 %9, label %10, label %24\n"
    },
    {
        "unoptimized": "%15 = load ptr, ptr %8, align 8\n  %16 = getelementptr inbounds %struct.gds_subvector, ptr %15, i32 0, i32 1\n  %17 = load i64, ptr %16, align 8\n  %18 = load i64, ptr %7, align 8\n  %19 = icmp eq i64 %17, %18\n  br i1 %19, label %20, label %22\n",
        "optimized": "%11 = load ptr, ptr %6, align 8\n  %12 = getelementptr inbounds %struct.gds_subvector, ptr %11, i64 0, i32 1\n  %13 = load i64, ptr %12, align 8\n  %14 = load i64, ptr %5, align 8\n  %15 = icmp eq i64 %13, %14\n  br i1 %15, label %16, label %18\n"
    },
    {
        "unoptimized": "%21 = load ptr, ptr %8, align 8\n  store ptr %21, ptr %4, align 8\n  br label %31\n",
        "optimized": "%17 = load ptr, ptr %6, align 8\n  br label %25\n"
    },
    {
        "unoptimized": "br label %23\n",
        "optimized": "br label %19\n"
    },
    {
        "unoptimized": "%24 = load ptr, ptr %8, align 8\n  %25 = load ptr, ptr %8, align 8\n  %26 = getelementptr inbounds %struct.gds_subvector, ptr %25, i32 0, i32 0\n  %27 = load i32, ptr %26, align 8\n  %28 = sext i32 %27 to i64\n  %29 = getelementptr i8, ptr %24, i64 %28\n  store ptr %29, ptr %8, align 8\n  br label %10, !llvm.loop !6\n",
        "optimized": "%20 = load ptr, ptr %6, align 8\n  %21 = load i32, ptr %20, align 8\n  %22 = sext i32 %21 to i64\n  %23 = getelementptr i8, ptr %20, i64 %22\n  br label %7, !llvm.loop !6\n"
    },
    {
        "unoptimized": "store ptr null, ptr %4, align 8\n  br label %31\n",
        "optimized": "br label %25\n"
    },
    {
        "unoptimized": "%32 = load ptr, ptr %4, align 8\n  ret ptr %32\n}",
        "optimized": "%storemerge1 = phi ptr [ null, %24 ], [ %17, %16 ]\n  ret ptr %storemerge1\n}"
    }
]