[
    {
        "unoptimized": "%3 = alloca ptr, align 8\n  %4 = alloca i64, align 8\n  %5 = alloca i32, align 4\n  store ptr %0, ptr %3, align 8\n  store i64 %1, ptr %4, align 8\n  store i32 0, ptr %5, align 4\n  br label %6\n",
        "optimized": "%3 = alloca ptr, align 8\n  %4 = alloca i64, align 8\n  %5 = alloca i32, align 4\n  store ptr %0, ptr %3, align 8\n  store i64 %1, ptr %4, align 8\n  store i32 0, ptr %5, align 4\n  br label %6\n"
    },
    {
        "unoptimized": "%7 = load i64, ptr %4, align 8\n  %8 = icmp ne i64 %7, 0\n  br i1 %8, label %9, label %24\n",
        "optimized": "%7 = load i64, ptr %4, align 8\n  %.not = icmp eq i64 %7, 0\n  br i1 %.not, label %21, label %8\n"
    },
    {
        "unoptimized": "%10 = load i32, ptr %5, align 4\n  %11 = shl i32 %10, 5\n  %12 = load i32, ptr %5, align 4\n  %13 = sub nsw i32 %11, %12\n  %14 = load ptr, ptr %3, align 8\n  %15 = load i64, ptr %4, align 8\n  %16 = sub i64 %15, 1\n  %17 = getelementptr inbounds i8, ptr %14, i64 %16\n  %18 = load i8, ptr %17, align 1\n  %19 = zext i8 %18 to i32\n  %20 = add nsw i32 %13, %19\n  store i32 %20, ptr %5, align 4\n  br label %21\n",
        "optimized": "%9 = load i32, ptr %5, align 4\n  %10 = mul i32 %9, 31\n  %11 = load ptr, ptr %3, align 8\n  %12 = load i64, ptr %4, align 8\n  %13 = add i64 %12, -1\n  %14 = getelementptr inbounds i8, ptr %11, i64 %13\n  %15 = load i8, ptr %14, align 1\n  %16 = zext i8 %15 to i32\n  %17 = add nsw i32 %10, %16\n  store i32 %17, ptr %5, align 4\n  br label %18\n"
    },
    {
        "unoptimized": "%22 = load i64, ptr %4, align 8\n  %23 = add i64 %22, -1\n  store i64 %23, ptr %4, align 8\n  br label %6, !llvm.loop !6\n",
        "optimized": "%19 = load i64, ptr %4, align 8\n  %20 = add i64 %19, -1\n  store i64 %20, ptr %4, align 8\n  br label %6, !llvm.loop !6\n"
    },
    {
        "unoptimized": "%25 = load i32, ptr %5, align 4\n  ret i32 %25\n}",
        "optimized": "%22 = load i32, ptr %5, align 4\n  ret i32 %22\n}"
    }
]