[
    {
        "unoptimized": "%3 = alloca ptr, align 8\n  %4 = alloca ptr, align 8\n  %5 = alloca ptr, align 8\n  store ptr %0, ptr %3, align 8\n  store ptr %1, ptr %4, align 8\n  %6 = load ptr, ptr %4, align 8\n  %7 = getelementptr inbounds %struct.TYPE_13__, ptr %6, i32 0, i32 0\n  %8 = load i32, ptr %7, align 8\n  %9 = icmp ne i32 %8, -1\n  %10 = zext i1 %9 to i32\n  %11 = call i32 @assert(i32 noundef %10)\n  %12 = load ptr, ptr %3, align 8\n  %13 = load ptr, ptr %4, align 8\n  %14 = call ptr @do_import(ptr noundef %12, ptr noundef %13)\n  store ptr %14, ptr %5, align 8\n  %15 = load ptr, ptr %4, align 8\n  %16 = getelementptr inbounds %struct.TYPE_13__, ptr %15, i32 0, i32 0\n  store i32 -1, ptr %16, align 8\n  %17 = load ptr, ptr %4, align 8\n  %18 = getelementptr inbounds %struct.TYPE_13__, ptr %17, i32 0, i32 2\n  %19 = load ptr, ptr %18, align 8\n  %20 = load ptr, ptr %5, align 8\n  %21 = getelementptr inbounds %struct.TYPE_12__, ptr %20, i32 0, i32 1\n  store ptr %19, ptr %21, align 8\n  %22 = icmp ne ptr %19, null\n  br i1 %22, label %23, label %32\n",
        "optimized": "%3 = alloca ptr, align 8\n  %4 = alloca ptr, align 8\n  store ptr %1, ptr %3, align 8\n  %5 = load i32, ptr %1, align 8\n  %6 = icmp ne i32 %5, -1\n  %7 = zext i1 %6 to i32\n  %8 = call i32 @assert(i32 noundef %7) #2\n  %9 = call ptr @do_import(ptr noundef %0, ptr noundef nonnull %1) #2\n  store ptr %9, ptr %4, align 8\n  %10 = load ptr, ptr %3, align 8\n  store i32 -1, ptr %10, align 8\n  %11 = getelementptr inbounds %struct.TYPE_13__, ptr %10, i64 0, i32 2\n  %12 = load ptr, ptr %11, align 8\n  %13 = getelementptr inbounds %struct.TYPE_12__, ptr %9, i64 0, i32 1\n  store ptr %12, ptr %13, align 8\n  %.not = icmp eq ptr %12, null\n  br i1 %.not, label %20, label %14\n"
    },
    {
        "unoptimized": "%24 = load ptr, ptr %5, align 8\n  %25 = call i32 @setup_bio(ptr noundef %24)\n  %26 = load ptr, ptr %5, align 8\n  %27 = getelementptr inbounds %struct.TYPE_12__, ptr %26, i32 0, i32 1\n  %28 = load ptr, ptr %27, align 8\n  %29 = getelementptr inbounds %struct.TYPE_11__, ptr %28, i32 0, i32 0\n  %30 = getelementptr inbounds %struct.TYPE_10__, ptr %29, i32 0, i32 0\n  %31 = call i32 @h2o_buffer_set_prototype(ptr noundef %30, ptr noundef @h2o_socket_buffer_prototype)\n  br label %32\n",
        "optimized": "%15 = load ptr, ptr %4, align 8\n  %16 = call i32 @setup_bio(ptr noundef %15) #2\n  %17 = getelementptr inbounds %struct.TYPE_12__, ptr %15, i64 0, i32 1\n  %18 = load ptr, ptr %17, align 8\n  %19 = call i32 @h2o_buffer_set_prototype(ptr noundef %18, ptr noundef nonnull @h2o_socket_buffer_prototype) #2\n  br label %20\n"
    },
    {
        "unoptimized": "%33 = load ptr, ptr %4, align 8\n  %34 = getelementptr inbounds %struct.TYPE_13__, ptr %33, i32 0, i32 1\n  %35 = load i32, ptr %34, align 4\n  %36 = load ptr, ptr %5, align 8\n  %37 = getelementptr inbounds %struct.TYPE_12__, ptr %36, i32 0, i32 0\n  store i32 %35, ptr %37, align 8\n  %38 = load ptr, ptr %5, align 8\n  %39 = getelementptr inbounds %struct.TYPE_12__, ptr %38, i32 0, i32 0\n  %40 = call i32 @h2o_buffer_set_prototype(ptr noundef %39, ptr noundef @h2o_socket_buffer_prototype)\n  %41 = load ptr, ptr %5, align 8\n  ret ptr %41\n}",
        "optimized": "%21 = load ptr, ptr %3, align 8\n  %22 = getelementptr inbounds %struct.TYPE_13__, ptr %21, i64 0, i32 1\n  %23 = load i32, ptr %22, align 4\n  %24 = load ptr, ptr %4, align 8\n  store i32 %23, ptr %24, align 8\n  %25 = call i32 @h2o_buffer_set_prototype(ptr noundef nonnull %24, ptr noundef nonnull @h2o_socket_buffer_prototype) #2\n  ret ptr %24\n}"
    }
]