[
    {
        "unoptimized": "%6 = alloca ptr, align 8\n  %7 = alloca i64, align 8\n  %8 = alloca i32, align 4\n  %9 = alloca ptr, align 8\n  %10 = alloca i32, align 4\n  %11 = alloca ptr, align 8\n  store ptr %0, ptr %6, align 8\n  store i64 %1, ptr %7, align 8\n  store i32 %2, ptr %8, align 4\n  store ptr %3, ptr %9, align 8\n  store i32 %4, ptr %10, align 4\n  %12 = load i32, ptr @xas, align 4\n  %13 = load ptr, ptr %6, align 8\n  %14 = load i64, ptr %7, align 8\n  %15 = load i32, ptr %8, align 4\n  %16 = call i32 @XA_STATE_ORDER(i32 noundef %12, ptr noundef %13, i64 noundef %14, i32 noundef %15)\n  br label %17\n",
        "optimized": "%6 = alloca ptr, align 8\n  %7 = alloca i32, align 4\n  %8 = alloca ptr, align 8\n  store ptr %3, ptr %6, align 8\n  store i32 %4, ptr %7, align 4\n  %9 = load i32, ptr @xas, align 4\n  %10 = call i32 @XA_STATE_ORDER(i32 noundef %9, ptr noundef %0, i64 noundef %1, i32 noundef %2) #2\n  br label %11\n"
    },
    {
        "unoptimized": "%18 = call i32 @xas_lock(ptr noundef @xas)\n  %19 = load ptr, ptr %9, align 8\n  %20 = call ptr @xas_store(ptr noundef @xas, ptr noundef %19)\n  store ptr %20, ptr %11, align 8\n  %21 = call i32 @xas_unlock(ptr noundef @xas)\n  br label %22\n",
        "optimized": "%12 = call i32 @xas_lock(ptr noundef nonnull @xas) #2\n  %13 = load ptr, ptr %6, align 8\n  %14 = call ptr @xas_store(ptr noundef nonnull @xas, ptr noundef %13) #2\n  store ptr %14, ptr %8, align 8\n  %15 = call i32 @xas_unlock(ptr noundef nonnull @xas) #2\n  br label %16\n"
    },
    {
        "unoptimized": "%23 = load i32, ptr %10, align 4\n  %24 = call i64 @xas_nomem(ptr noundef @xas, i32 noundef %23)\n  %25 = icmp ne i64 %24, 0\n  br i1 %25, label %17, label %26, !llvm.loop !6\n",
        "optimized": "%17 = load i32, ptr %7, align 4\n  %18 = call i64 @xas_nomem(ptr noundef nonnull @xas, i32 noundef %17) #2\n  %.not = icmp eq i64 %18, 0\n  br i1 %.not, label %19, label %11, !llvm.loop !6\n"
    },
    {
        "unoptimized": "%27 = load ptr, ptr %11, align 8\n  ret ptr %27\n}",
        "optimized": "%20 = load ptr, ptr %8, align 8\n  ret ptr %20\n}"
    }
]