[
    {
        "unoptimized": "%1 = alloca i64, align 8\n  %2 = alloca i32, align 4\n  %3 = load i64, ptr %1, align 8\n  %4 = call i32 @raw_local_irq_save(i64 noundef %3)\n  %5 = load ptr, ptr @current, align 8\n  %6 = call i32 @lockdep_init_task(ptr noundef %5)\n  %7 = load ptr, ptr @current, align 8\n  %8 = getelementptr inbounds %struct.TYPE_3__, ptr %7, i32 0, i32 0\n  %9 = load i32, ptr %8, align 4\n  %10 = load i32, ptr @MAX_LOCK_DEPTH, align 4\n  %11 = sext i32 %10 to i64\n  %12 = mul i64 %11, 4\n  %13 = trunc i64 %12 to i32\n  %14 = call i32 @memset(i32 noundef %9, i32 noundef 0, i32 noundef %13)\n  store i64 0, ptr @nr_hardirq_chains, align 8\n  store i64 0, ptr @nr_softirq_chains, align 8\n  store i64 0, ptr @nr_process_chains, align 8\n  store i32 1, ptr @debug_locks, align 4\n  store i32 0, ptr %2, align 4\n  br label %15\n",
        "optimized": "%1 = alloca i64, align 8\n  %2 = alloca i32, align 4\n  %3 = load i64, ptr %1, align 8\n  %4 = call i32 @raw_local_irq_save(i64 noundef %3) #2\n  %5 = load ptr, ptr @current, align 8\n  %6 = call i32 @lockdep_init_task(ptr noundef %5) #2\n  %7 = load ptr, ptr @current, align 8\n  %8 = load i32, ptr %7, align 4\n  %9 = load i32, ptr @MAX_LOCK_DEPTH, align 4\n  %10 = shl i32 %9, 2\n  %11 = call i32 @memset(i32 noundef %8, i32 noundef 0, i32 noundef %10) #2\n  store i64 0, ptr @nr_hardirq_chains, align 8\n  store i64 0, ptr @nr_softirq_chains, align 8\n  store i64 0, ptr @nr_process_chains, align 8\n  store i32 1, ptr @debug_locks, align 4\n  br label %12\n"
    },
    {
        "unoptimized": "%16 = load i32, ptr %2, align 4\n  %17 = load i32, ptr @CHAINHASH_SIZE, align 4\n  %18 = icmp slt i32 %16, %17\n  br i1 %18, label %19, label %28\n",
        "optimized": "%storemerge = phi i32 [ 0, %0 ], [ %23, %21 ]\n  store i32 %storemerge, ptr %2, align 4\n  %13 = load i32, ptr @CHAINHASH_SIZE, align 4\n  %14 = icmp slt i32 %storemerge, %13\n  br i1 %14, label %15, label %24\n"
    },
    {
        "unoptimized": "%20 = load i64, ptr @chainhash_table, align 8\n  %21 = load i32, ptr %2, align 4\n  %22 = sext i32 %21 to i64\n  %23 = add nsw i64 %20, %22\n  %24 = call i32 @INIT_HLIST_HEAD(i64 noundef %23)\n  br label %25\n",
        "optimized": "%16 = load i64, ptr @chainhash_table, align 8\n  %17 = load i32, ptr %2, align 4\n  %18 = sext i32 %17 to i64\n  %19 = add nsw i64 %16, %18\n  %20 = call i32 @INIT_HLIST_HEAD(i64 noundef %19) #2\n  br label %21\n"
    },
    {
        "unoptimized": "%26 = load i32, ptr %2, align 4\n  %27 = add nsw i32 %26, 1\n  store i32 %27, ptr %2, align 4\n  br label %15, !llvm.loop !6\n",
        "optimized": "%22 = load i32, ptr %2, align 4\n  %23 = add nsw i32 %22, 1\n  br label %12, !llvm.loop !6\n"
    },
    {
        "unoptimized": "%29 = load i64, ptr %1, align 8\n  %30 = call i32 @raw_local_irq_restore(i64 noundef %29)\n  ret void\n}",
        "optimized": "%25 = load i64, ptr %1, align 8\n  %26 = call i32 @raw_local_irq_restore(i64 noundef %25) #2\n  ret void\n}"
    }
]