[
    {
        "unoptimized": "%3 = alloca ptr, align 8\n  %4 = alloca i32, align 4\n  store ptr %0, ptr %3, align 8\n  store i32 %1, ptr %4, align 4\n  %5 = load i32, ptr %4, align 4\n  %6 = load i32, ptr @XA_LOCK_IRQ, align 4\n  %7 = icmp eq i32 %5, %6\n  br i1 %7, label %8, label %11\n",
        "optimized": "%3 = alloca ptr, align 8\n  %4 = alloca i32, align 4\n  store ptr %0, ptr %3, align 8\n  store i32 %1, ptr %4, align 4\n  %5 = load i32, ptr @XA_LOCK_IRQ, align 4\n  %6 = icmp eq i32 %5, %1\n  br i1 %6, label %7, label %10\n"
    },
    {
        "unoptimized": "%9 = load ptr, ptr %3, align 8\n  %10 = call i32 @xas_lock_irq(ptr noundef %9)\n  br label %22\n",
        "optimized": "%8 = load ptr, ptr %3, align 8\n  %9 = call i32 @xas_lock_irq(ptr noundef %8) #2\n  br label %21\n"
    },
    {
        "unoptimized": "%12 = load i32, ptr %4, align 4\n  %13 = load i32, ptr @XA_LOCK_BH, align 4\n  %14 = icmp eq i32 %12, %13\n  br i1 %14, label %15, label %18\n",
        "optimized": "%11 = load i32, ptr %4, align 4\n  %12 = load i32, ptr @XA_LOCK_BH, align 4\n  %13 = icmp eq i32 %11, %12\n  br i1 %13, label %14, label %17\n"
    },
    {
        "unoptimized": "%16 = load ptr, ptr %3, align 8\n  %17 = call i32 @xas_lock_bh(ptr noundef %16)\n  br label %21\n",
        "optimized": "%15 = load ptr, ptr %3, align 8\n  %16 = call i32 @xas_lock_bh(ptr noundef %15) #2\n  br label %20\n"
    },
    {
        "unoptimized": "%19 = load ptr, ptr %3, align 8\n  %20 = call i32 @xas_lock(ptr noundef %19)\n  br label %21\n",
        "optimized": "%18 = load ptr, ptr %3, align 8\n  %19 = call i32 @xas_lock(ptr noundef %18) #2\n  br label %20\n"
    },
    {
        "unoptimized": "br label %22\n",
        "optimized": "br label %21\n"
    },
    {
        "unoptimized": "ret void\n}",
        "optimized": "ret void\n}"
    }
]