[
    {
        "unoptimized": "%2 = alloca ptr, align 8\n  %3 = alloca ptr, align 8\n  %4 = alloca i64, align 8\n  %5 = alloca i32, align 4\n  store ptr %0, ptr %2, align 8\n  %6 = load i64, ptr %4, align 8\n  %7 = call i32 @raw_local_irq_save(i64 noundef %6)\n  %8 = call i32 (...) @graph_lock()\n  store i32 %8, ptr %5, align 4\n  %9 = load i32, ptr %5, align 4\n  %10 = icmp ne i32 %9, 0\n  br i1 %10, label %12, label %11\n",
        "optimized": "%2 = alloca ptr, align 8\n  %3 = alloca i64, align 8\n  store ptr %0, ptr %2, align 8\n  %4 = load i64, ptr %3, align 8\n  %5 = call i32 @raw_local_irq_save(i64 noundef %4) #2\n  %6 = call i32 (...) @graph_lock() #2\n  %.not = icmp eq i32 %6, 0\n  br i1 %.not, label %7, label %8\n"
    },
    {
        "unoptimized": "br label %20\n",
        "optimized": "br label %14\n"
    },
    {
        "unoptimized": "%13 = call ptr (...) @get_pending_free()\n  store ptr %13, ptr %3, align 8\n  %14 = load ptr, ptr %3, align 8\n  %15 = load ptr, ptr %2, align 8\n  %16 = call i32 @__lockdep_reset_lock(ptr noundef %14, ptr noundef %15)\n  %17 = load ptr, ptr %3, align 8\n  %18 = call i32 @call_rcu_zapped(ptr noundef %17)\n  %19 = call i32 (...) @graph_unlock()\n  br label %20\n",
        "optimized": "%9 = call ptr (...) @get_pending_free() #2\n  %10 = load ptr, ptr %2, align 8\n  %11 = call i32 @__lockdep_reset_lock(ptr noundef %9, ptr noundef %10) #2\n  %12 = call i32 @call_rcu_zapped(ptr noundef %9) #2\n  %13 = call i32 (...) @graph_unlock() #2\n  br label %14\n"
    },
    {
        "unoptimized": "%21 = load i64, ptr %4, align 8\n  %22 = call i32 @raw_local_irq_restore(i64 noundef %21)\n  ret void\n}",
        "optimized": "%15 = load i64, ptr %3, align 8\n  %16 = call i32 @raw_local_irq_restore(i64 noundef %15) #2\n  ret void\n}"
    }
]