[
    {
        "unoptimized": "%2 = alloca ptr, align 8\n  %3 = alloca i64, align 8\n  store ptr %0, ptr %2, align 8\n  %4 = load ptr, ptr %2, align 8\n  %5 = getelementptr inbounds %struct.st_h2o_evloop_socket_t, ptr %4, i32 0, i32 3\n  %6 = getelementptr inbounds %struct.TYPE_6__, ptr %5, i32 0, i32 0\n  %7 = getelementptr inbounds %struct.TYPE_5__, ptr %6, i32 0, i32 0\n  %8 = load ptr, ptr %7, align 8\n  %9 = icmp ne ptr %8, null\n  %10 = zext i1 %9 to i32\n  %11 = call i32 @assert(i32 noundef %10)\n  %12 = load ptr, ptr %2, align 8\n  %13 = getelementptr inbounds %struct.st_h2o_evloop_socket_t, ptr %12, i32 0, i32 1\n  %14 = getelementptr inbounds %struct.TYPE_7__, ptr %13, i32 0, i32 0\n  %15 = load i64, ptr %14, align 8\n  %16 = icmp eq i64 %15, 0\n  br i1 %16, label %17, label %18\n",
        "optimized": "%2 = alloca ptr, align 8\n  %3 = alloca i64, align 8\n  store ptr %0, ptr %2, align 8\n  %4 = getelementptr inbounds %struct.st_h2o_evloop_socket_t, ptr %0, i64 0, i32 3\n  %5 = load ptr, ptr %4, align 8\n  %6 = icmp ne ptr %5, null\n  %7 = zext i1 %6 to i32\n  %8 = call i32 @assert(i32 noundef %7) #2\n  %9 = getelementptr inbounds %struct.st_h2o_evloop_socket_t, ptr %0, i64 0, i32 1\n  %10 = load i64, ptr %9, align 8\n  %11 = icmp eq i64 %10, 0\n  br i1 %11, label %12, label %13\n"
    },
    {
        "unoptimized": "br label %58\n",
        "optimized": "br label %42\n"
    },
    {
        "unoptimized": "%19 = load ptr, ptr %2, align 8\n  %20 = getelementptr inbounds %struct.st_h2o_evloop_socket_t, ptr %19, i32 0, i32 2\n  %21 = load i32, ptr %20, align 8\n  %22 = load ptr, ptr %2, align 8\n  %23 = getelementptr inbounds %struct.st_h2o_evloop_socket_t, ptr %22, i32 0, i32 1\n  %24 = getelementptr inbounds %struct.TYPE_7__, ptr %23, i32 0, i32 1\n  %25 = load ptr, ptr %2, align 8\n  %26 = getelementptr inbounds %struct.st_h2o_evloop_socket_t, ptr %25, i32 0, i32 1\n  %27 = getelementptr inbounds %struct.TYPE_7__, ptr %26, i32 0, i32 0\n  %28 = call i64 @write_core(i32 noundef %21, ptr noundef %24, ptr noundef %27, ptr noundef %3)\n  %29 = icmp eq i64 %28, 0\n  br i1 %29, label %30, label %55\n",
        "optimized": "%14 = load ptr, ptr %2, align 8\n  %15 = getelementptr inbounds %struct.st_h2o_evloop_socket_t, ptr %14, i64 0, i32 2\n  %16 = load i32, ptr %15, align 8\n  %17 = getelementptr inbounds %struct.st_h2o_evloop_socket_t, ptr %14, i64 0, i32 1, i32 1\n  %18 = getelementptr inbounds %struct.st_h2o_evloop_socket_t, ptr %14, i64 0, i32 1\n  %19 = call i64 @write_core(i32 noundef %16, ptr noundef nonnull %17, ptr noundef nonnull %18, ptr noundef nonnull %3) #2\n  %20 = icmp eq i64 %19, 0\n  br i1 %20, label %21, label %39\n"
    },
    {
        "unoptimized": "%31 = load ptr, ptr %2, align 8\n  %32 = getelementptr inbounds %struct.st_h2o_evloop_socket_t, ptr %31, i32 0, i32 1\n  %33 = getelementptr inbounds %struct.TYPE_7__, ptr %32, i32 0, i32 0\n  %34 = load i64, ptr %33, align 8\n  %35 = icmp ne i64 %34, 0\n  br i1 %35, label %36, label %55\n",
        "optimized": "%22 = load ptr, ptr %2, align 8\n  %23 = getelementptr inbounds %struct.st_h2o_evloop_socket_t, ptr %22, i64 0, i32 1\n  %24 = load i64, ptr %23, align 8\n  %.not = icmp eq i64 %24, 0\n  br i1 %.not, label %39, label %25\n"
    },
    {
        "unoptimized": "%37 = load i64, ptr %3, align 8\n  %38 = load ptr, ptr %2, align 8\n  %39 = getelementptr inbounds %struct.st_h2o_evloop_socket_t, ptr %38, i32 0, i32 1\n  %40 = getelementptr inbounds %struct.TYPE_7__, ptr %39, i32 0, i32 1\n  %41 = load ptr, ptr %40, align 8\n  %42 = getelementptr inbounds %struct.TYPE_8__, ptr %41, i64 0\n  %43 = getelementptr inbounds %struct.TYPE_8__, ptr %42, i32 0, i32 0\n  %44 = load i64, ptr %43, align 8\n  %45 = add i64 %44, %37\n  store i64 %45, ptr %43, align 8\n  %46 = load i64, ptr %3, align 8\n  %47 = load ptr, ptr %2, align 8\n  %48 = getelementptr inbounds %struct.st_h2o_evloop_socket_t, ptr %47, i32 0, i32 1\n  %49 = getelementptr inbounds %struct.TYPE_7__, ptr %48, i32 0, i32 1\n  %50 = load ptr, ptr %49, align 8\n  %51 = getelementptr inbounds %struct.TYPE_8__, ptr %50, i64 0\n  %52 = getelementptr inbounds %struct.TYPE_8__, ptr %51, i32 0, i32 1\n  %53 = load i64, ptr %52, align 8\n  %54 = sub i64 %53, %46\n  store i64 %54, ptr %52, align 8\n  br label %68\n",
        "optimized": "%26 = load i64, ptr %3, align 8\n  %27 = load ptr, ptr %2, align 8\n  %28 = getelementptr inbounds %struct.st_h2o_evloop_socket_t, ptr %27, i64 0, i32 1, i32 1\n  %29 = load ptr, ptr %28, align 8\n  %30 = load i64, ptr %29, align 8\n  %31 = add i64 %30, %26\n  store i64 %31, ptr %29, align 8\n  %32 = load i64, ptr %3, align 8\n  %33 = load ptr, ptr %2, align 8\n  %34 = getelementptr inbounds %struct.st_h2o_evloop_socket_t, ptr %33, i64 0, i32 1, i32 1\n  %35 = load ptr, ptr %34, align 8\n  %36 = getelementptr inbounds %struct.TYPE_8__, ptr %35, i64 0, i32 1\n  %37 = load i64, ptr %36, align 8\n  %38 = sub i64 %37, %32\n  store i64 %38, ptr %36, align 8\n  br label %49\n"
    },
    {
        "unoptimized": "%56 = load ptr, ptr %2, align 8\n  %57 = call i32 @wreq_free_buffer_if_allocated(ptr noundef %56)\n  br label %58\n",
        "optimized": "%40 = load ptr, ptr %2, align 8\n  %41 = call i32 @wreq_free_buffer_if_allocated(ptr noundef %40) #2\n  br label %42\n"
    },
    {
        "unoptimized": "%59 = load i32, ptr @H2O_SOCKET_FLAG_IS_WRITE_NOTIFY, align 4\n  %60 = load ptr, ptr %2, align 8\n  %61 = getelementptr inbounds %struct.st_h2o_evloop_socket_t, ptr %60, i32 0, i32 0\n  %62 = load i32, ptr %61, align 8\n  %63 = or i32 %62, %59\n  store i32 %63, ptr %61, align 8\n  %64 = load ptr, ptr %2, align 8\n  %65 = call i32 @link_to_pending(ptr noundef %64)\n  %66 = load ptr, ptr %2, align 8\n  %67 = call i32 @link_to_statechanged(ptr noundef %66)\n  br label %68\n",
        "optimized": "%43 = load i32, ptr @H2O_SOCKET_FLAG_IS_WRITE_NOTIFY, align 4\n  %44 = load ptr, ptr %2, align 8\n  %45 = load i32, ptr %44, align 8\n  %46 = or i32 %45, %43\n  store i32 %46, ptr %44, align 8\n  %47 = call i32 @link_to_pending(ptr noundef nonnull %44) #2\n  %48 = call i32 @link_to_statechanged(ptr noundef nonnull %44) #2\n  br label %49\n"
    },
    {
        "unoptimized": "ret void\n}",
        "optimized": "ret void\n}"
    }
]