[
    {
        "unoptimized": "%2 = alloca ptr, align 8\n  %3 = alloca ptr, align 8\n  %4 = alloca i32, align 4\n  %5 = alloca i32, align 4\n  store ptr %0, ptr %2, align 8\n  %6 = load ptr, ptr %2, align 8\n  %7 = getelementptr inbounds %struct.st_h2o_evloop_socket_t, ptr %6, i32 0, i32 0\n  %8 = load i32, ptr %7, align 8\n  %9 = load i32, ptr @H2O_SOCKET_FLAG_IS_DISPOSED, align 4\n  %10 = and i32 %8, %9\n  %11 = icmp ne i32 %10, 0\n  br i1 %11, label %12, label %13\n",
        "optimized": "%2 = alloca ptr, align 8\n  %3 = alloca ptr, align 8\n  %4 = alloca i32, align 4\n  %5 = alloca i32, align 4\n  store ptr %0, ptr %2, align 8\n  %6 = load i32, ptr %0, align 8\n  %7 = load i32, ptr @H2O_SOCKET_FLAG_IS_DISPOSED, align 4\n  %8 = and i32 %6, %7\n  %.not = icmp eq i32 %8, 0\n  br i1 %.not, label %10, label %9\n"
    },
    {
        "unoptimized": "br label %94\n",
        "optimized": "br label %73\n"
    },
    {
        "unoptimized": "%14 = load ptr, ptr %2, align 8\n  %15 = getelementptr inbounds %struct.st_h2o_evloop_socket_t, ptr %14, i32 0, i32 0\n  %16 = load i32, ptr %15, align 8\n  %17 = load i32, ptr @H2O_SOCKET_FLAG_IS_READ_READY, align 4\n  %18 = and i32 %16, %17\n  %19 = icmp ne i32 %18, 0\n  br i1 %19, label %20, label %29\n",
        "optimized": "%11 = load ptr, ptr %2, align 8\n  %12 = load i32, ptr %11, align 8\n  %13 = load i32, ptr @H2O_SOCKET_FLAG_IS_READ_READY, align 4\n  %14 = and i32 %12, %13\n  %.not1 = icmp eq i32 %14, 0\n  br i1 %.not1, label %22, label %15\n"
    },
    {
        "unoptimized": "%21 = load i32, ptr @H2O_SOCKET_FLAG_IS_READ_READY, align 4\n  %22 = xor i32 %21, -1\n  %23 = load ptr, ptr %2, align 8\n  %24 = getelementptr inbounds %struct.st_h2o_evloop_socket_t, ptr %23, i32 0, i32 0\n  %25 = load i32, ptr %24, align 8\n  %26 = and i32 %25, %22\n  store i32 %26, ptr %24, align 8\n  %27 = load ptr, ptr %2, align 8\n  %28 = call i32 @read_on_ready(ptr noundef %27)\n  br label %29\n",
        "optimized": "%16 = load i32, ptr @H2O_SOCKET_FLAG_IS_READ_READY, align 4\n  %17 = xor i32 %16, -1\n  %18 = load ptr, ptr %2, align 8\n  %19 = load i32, ptr %18, align 8\n  %20 = and i32 %19, %17\n  store i32 %20, ptr %18, align 8\n  %21 = call i32 @read_on_ready(ptr noundef nonnull %18) #2\n  br label %22\n"
    },
    {
        "unoptimized": "%30 = load ptr, ptr %2, align 8\n  %31 = getelementptr inbounds %struct.st_h2o_evloop_socket_t, ptr %30, i32 0, i32 0\n  %32 = load i32, ptr %31, align 8\n  %33 = load i32, ptr @H2O_SOCKET_FLAG_IS_WRITE_NOTIFY, align 4\n  %34 = and i32 %32, %33\n  %35 = icmp ne i32 %34, 0\n  br i1 %35, label %36, label %94\n",
        "optimized": "%23 = load ptr, ptr %2, align 8\n  %24 = load i32, ptr %23, align 8\n  %25 = load i32, ptr @H2O_SOCKET_FLAG_IS_WRITE_NOTIFY, align 4\n  %26 = and i32 %24, %25\n  %.not2 = icmp eq i32 %26, 0\n  br i1 %.not2, label %73, label %27\n"
    },
    {
        "unoptimized": "store ptr null, ptr %3, align 8\n  %37 = load ptr, ptr %2, align 8\n  %38 = getelementptr inbounds %struct.st_h2o_evloop_socket_t, ptr %37, i32 0, i32 1\n  %39 = getelementptr inbounds %struct.TYPE_6__, ptr %38, i32 0, i32 0\n  %40 = getelementptr inbounds %struct.TYPE_4__, ptr %39, i32 0, i32 0\n  %41 = load ptr, ptr %40, align 8\n  %42 = icmp ne ptr %41, null\n  %43 = zext i1 %42 to i32\n  %44 = call i32 @assert(i32 noundef %43)\n  %45 = load i32, ptr @H2O_SOCKET_FLAG_IS_WRITE_NOTIFY, align 4\n  %46 = xor i32 %45, -1\n  %47 = load ptr, ptr %2, align 8\n  %48 = getelementptr inbounds %struct.st_h2o_evloop_socket_t, ptr %47, i32 0, i32 0\n  %49 = load i32, ptr %48, align 8\n  %50 = and i32 %49, %46\n  store i32 %50, ptr %48, align 8\n  %51 = load ptr, ptr %2, align 8\n  %52 = getelementptr inbounds %struct.st_h2o_evloop_socket_t, ptr %51, i32 0, i32 3\n  %53 = getelementptr inbounds %struct.TYPE_5__, ptr %52, i32 0, i32 0\n  %54 = load i64, ptr %53, align 8\n  %55 = icmp ne i64 %54, 0\n  br i1 %55, label %56, label %61\n",
        "optimized": "store ptr null, ptr %3, align 8\n  %28 = load ptr, ptr %2, align 8\n  %29 = getelementptr inbounds %struct.st_h2o_evloop_socket_t, ptr %28, i64 0, i32 1\n  %30 = load ptr, ptr %29, align 8\n  %31 = icmp ne ptr %30, null\n  %32 = zext i1 %31 to i32\n  %33 = call i32 @assert(i32 noundef %32) #2\n  %34 = load i32, ptr @H2O_SOCKET_FLAG_IS_WRITE_NOTIFY, align 4\n  %35 = xor i32 %34, -1\n  %36 = load ptr, ptr %2, align 8\n  %37 = load i32, ptr %36, align 8\n  %38 = and i32 %37, %35\n  store i32 %38, ptr %36, align 8\n  %39 = getelementptr inbounds %struct.st_h2o_evloop_socket_t, ptr %36, i64 0, i32 3\n  %40 = load i64, ptr %39, align 8\n  %.not3 = icmp eq i64 %40, 0\n  br i1 %.not3, label %45, label %41\n"
    },
    {
        "unoptimized": "%57 = load ptr, ptr @h2o_socket_error_io, align 8\n  store ptr %57, ptr %3, align 8\n  %58 = load ptr, ptr %2, align 8\n  %59 = getelementptr inbounds %struct.st_h2o_evloop_socket_t, ptr %58, i32 0, i32 3\n  %60 = getelementptr inbounds %struct.TYPE_5__, ptr %59, i32 0, i32 0\n  store i64 0, ptr %60, align 8\n  br label %89\n",
        "optimized": "%42 = load ptr, ptr @h2o_socket_error_io, align 8\n  store ptr %42, ptr %3, align 8\n  %43 = load ptr, ptr %2, align 8\n  %44 = getelementptr inbounds %struct.st_h2o_evloop_socket_t, ptr %43, i64 0, i32 3\n  store i64 0, ptr %44, align 8\n  br label %68\n"
    },
    {
        "unoptimized": "%62 = load ptr, ptr %2, align 8\n  %63 = getelementptr inbounds %struct.st_h2o_evloop_socket_t, ptr %62, i32 0, i32 0\n  %64 = load i32, ptr %63, align 8\n  %65 = load i32, ptr @H2O_SOCKET_FLAG_IS_CONNECTING, align 4\n  %66 = and i32 %64, %65\n  %67 = icmp ne i32 %66, 0\n  br i1 %67, label %68, label %88\n",
        "optimized": "%46 = load ptr, ptr %2, align 8\n  %47 = load i32, ptr %46, align 8\n  %48 = load i32, ptr @H2O_SOCKET_FLAG_IS_CONNECTING, align 4\n  %49 = and i32 %47, %48\n  %.not4 = icmp eq i32 %49, 0\n  br i1 %.not4, label %67, label %50\n"
    },
    {
        "unoptimized": "%69 = load i32, ptr @H2O_SOCKET_FLAG_IS_CONNECTING, align 4\n  %70 = xor i32 %69, -1\n  %71 = load ptr, ptr %2, align 8\n  %72 = getelementptr inbounds %struct.st_h2o_evloop_socket_t, ptr %71, i32 0, i32 0\n  %73 = load i32, ptr %72, align 8\n  %74 = and i32 %73, %70\n  store i32 %74, ptr %72, align 8\n  store i32 0, ptr %4, align 4\n  store i32 4, ptr %5, align 4\n  store i32 0, ptr %4, align 4\n  %75 = load ptr, ptr %2, align 8\n  %76 = getelementptr inbounds %struct.st_h2o_evloop_socket_t, ptr %75, i32 0, i32 2\n  %77 = load i32, ptr %76, align 8\n  %78 = load i32, ptr @SOL_SOCKET, align 4\n  %79 = load i32, ptr @SO_ERROR, align 4\n  %80 = call i64 @getsockopt(i32 noundef %77, i32 noundef %78, i32 noundef %79, ptr noundef %4, ptr noundef %5)\n  %81 = icmp ne i64 %80, 0\n  br i1 %81, label %85, label %82\n",
        "optimized": "%51 = load i32, ptr @H2O_SOCKET_FLAG_IS_CONNECTING, align 4\n  %52 = xor i32 %51, -1\n  %53 = load ptr, ptr %2, align 8\n  %54 = load i32, ptr %53, align 8\n  %55 = and i32 %54, %52\n  store i32 %55, ptr %53, align 8\n  store i32 0, ptr %4, align 4\n  store i32 4, ptr %5, align 4\n  store i32 0, ptr %4, align 4\n  %56 = load ptr, ptr %2, align 8\n  %57 = getelementptr inbounds %struct.st_h2o_evloop_socket_t, ptr %56, i64 0, i32 2\n  %58 = load i32, ptr %57, align 8\n  %59 = load i32, ptr @SOL_SOCKET, align 4\n  %60 = load i32, ptr @SO_ERROR, align 4\n  %61 = call i64 @getsockopt(i32 noundef %58, i32 noundef %59, i32 noundef %60, ptr noundef nonnull %4, ptr noundef nonnull %5) #2\n  %.not5 = icmp eq i64 %61, 0\n  br i1 %.not5, label %62, label %64\n"
    },
    {
        "unoptimized": "%83 = load i32, ptr %4, align 4\n  %84 = icmp ne i32 %83, 0\n  br i1 %84, label %85, label %87\n",
        "optimized": "%63 = load i32, ptr %4, align 4\n  %.not6 = icmp eq i32 %63, 0\n  br i1 %.not6, label %66, label %64\n"
    },
    {
        "unoptimized": "%86 = load ptr, ptr @h2o_socket_error_conn_fail, align 8\n  store ptr %86, ptr %3, align 8\n  br label %87\n",
        "optimized": "%65 = load ptr, ptr @h2o_socket_error_conn_fail, align 8\n  store ptr %65, ptr %3, align 8\n  br label %66\n"
    },
    {
        "unoptimized": "br label %88\n",
        "optimized": "br label %67\n"
    },
    {
        "unoptimized": "br label %89\n",
        "optimized": "br label %68\n"
    },
    {
        "unoptimized": "%90 = load ptr, ptr %2, align 8\n  %91 = getelementptr inbounds %struct.st_h2o_evloop_socket_t, ptr %90, i32 0, i32 1\n  %92 = load ptr, ptr %3, align 8\n  %93 = call i32 @on_write_complete(ptr noundef %91, ptr noundef %92)\n  br label %94\n",
        "optimized": "%69 = load ptr, ptr %2, align 8\n  %70 = getelementptr inbounds %struct.st_h2o_evloop_socket_t, ptr %69, i64 0, i32 1\n  %71 = load ptr, ptr %3, align 8\n  %72 = call i32 @on_write_complete(ptr noundef nonnull %70, ptr noundef %71) #2\n  br label %73\n"
    },
    {
        "unoptimized": "ret void\n}",
        "optimized": "ret void\n}"
    }
]