[
    {
        "unoptimized": "%4 = alloca ptr, align 8\n  %5 = alloca ptr, align 8\n  %6 = alloca ptr, align 8\n  %7 = alloca i32, align 4\n  %8 = alloca i32, align 4\n  %9 = alloca i32, align 4\n  %10 = alloca i32, align 4\n  %11 = alloca ptr, align 8\n  store ptr %0, ptr %4, align 8\n  store ptr %1, ptr %5, align 8\n  store ptr %2, ptr %6, align 8\n  store i32 0, ptr %8, align 4\n  store i32 0, ptr %9, align 4\n  store i32 0, ptr %10, align 4\n  %12 = load ptr, ptr %4, align 8\n  %13 = load i8, ptr %12, align 1\n  %14 = sext i8 %13 to i32\n  %15 = icmp eq i32 %14, 34\n  br i1 %15, label %16, label %19\n",
        "optimized": "%4 = alloca ptr, align 8\n  %5 = alloca ptr, align 8\n  %6 = alloca ptr, align 8\n  %7 = alloca i32, align 4\n  %8 = alloca i32, align 4\n  %9 = alloca i32, align 4\n  %10 = alloca i32, align 4\n  store ptr %0, ptr %4, align 8\n  store ptr %1, ptr %5, align 8\n  store ptr %2, ptr %6, align 8\n  store i32 0, ptr %8, align 4\n  store i32 0, ptr %9, align 4\n  store i32 0, ptr %10, align 4\n  %11 = load i8, ptr %0, align 1\n  %12 = icmp eq i8 %11, 34\n  br i1 %12, label %13, label %16\n"
    },
    {
        "unoptimized": "%17 = load ptr, ptr %4, align 8\n  %18 = getelementptr inbounds i8, ptr %17, i32 1\n  store ptr %18, ptr %4, align 8\n  store i32 1, ptr %9, align 4\n  store i32 1, ptr %10, align 4\n  br label %19\n",
        "optimized": "%14 = load ptr, ptr %4, align 8\n  %15 = getelementptr inbounds i8, ptr %14, i64 1\n  store ptr %15, ptr %4, align 8\n  store i32 1, ptr %9, align 4\n  store i32 1, ptr %10, align 4\n  br label %16\n"
    },
    {
        "unoptimized": "store i32 0, ptr %7, align 4\n  br label %20\n",
        "optimized": "br label %17\n"
    },
    {
        "unoptimized": "%21 = load ptr, ptr %4, align 8\n  %22 = load i32, ptr %7, align 4\n  %23 = zext i32 %22 to i64\n  %24 = getelementptr inbounds i8, ptr %21, i64 %23\n  %25 = load i8, ptr %24, align 1\n  %26 = icmp ne i8 %25, 0\n  br i1 %26, label %27, label %70\n",
        "optimized": "%storemerge = phi i32 [ 0, %16 ], [ %58, %56 ]\n  store i32 %storemerge, ptr %7, align 4\n  %18 = load ptr, ptr %4, align 8\n  %19 = zext i32 %storemerge to i64\n  %20 = getelementptr inbounds i8, ptr %18, i64 %19\n  %21 = load i8, ptr %20, align 1\n  %.not = icmp eq i8 %21, 0\n  br i1 %.not, label %59, label %22\n"
    },
    {
        "unoptimized": "%28 = load ptr, ptr %4, align 8\n  %29 = load i32, ptr %7, align 4\n  %30 = zext i32 %29 to i64\n  %31 = getelementptr inbounds i8, ptr %28, i64 %30\n  %32 = load i8, ptr %31, align 1\n  %33 = call i64 @isspace(i8 noundef signext %32)\n  %34 = icmp ne i64 %33, 0\n  br i1 %34, label %35, label %39\n",
        "optimized": "%23 = load ptr, ptr %4, align 8\n  %24 = load i32, ptr %7, align 4\n  %25 = zext i32 %24 to i64\n  %26 = getelementptr inbounds i8, ptr %23, i64 %25\n  %27 = load i8, ptr %26, align 1\n  %28 = call i64 @isspace(i8 noundef signext %27) #2\n  %.not5 = icmp eq i64 %28, 0\n  br i1 %.not5, label %32, label %29\n"
    },
    {
        "unoptimized": "%36 = load i32, ptr %9, align 4\n  %37 = icmp ne i32 %36, 0\n  br i1 %37, label %39, label %38\n",
        "optimized": "%30 = load i32, ptr %9, align 4\n  %.not7 = icmp eq i32 %30, 0\n  br i1 %.not7, label %31, label %32\n"
    },
    {
        "unoptimized": "br label %70\n",
        "optimized": "br label %59\n"
    },
    {
        "unoptimized": "%40 = load i32, ptr %8, align 4\n  %41 = icmp eq i32 %40, 0\n  br i1 %41, label %42, label %53\n",
        "optimized": "%33 = load i32, ptr %8, align 4\n  %34 = icmp eq i32 %33, 0\n  br i1 %34, label %35, label %45\n"
    },
    {
        "unoptimized": "%43 = load ptr, ptr %4, align 8\n  %44 = load i32, ptr %7, align 4\n  %45 = zext i32 %44 to i64\n  %46 = getelementptr inbounds i8, ptr %43, i64 %45\n  %47 = load i8, ptr %46, align 1\n  %48 = sext i8 %47 to i32\n  %49 = icmp eq i32 %48, 61\n  br i1 %49, label %50, label %52\n",
        "optimized": "%36 = load ptr, ptr %4, align 8\n  %37 = load i32, ptr %7, align 4\n  %38 = zext i32 %37 to i64\n  %39 = getelementptr inbounds i8, ptr %36, i64 %38\n  %40 = load i8, ptr %39, align 1\n  %41 = icmp eq i8 %40, 61\n  br i1 %41, label %42, label %44\n"
    },
    {
        "unoptimized": "%51 = load i32, ptr %7, align 4\n  store i32 %51, ptr %8, align 4\n  br label %52\n",
        "optimized": "%43 = load i32, ptr %7, align 4\n  store i32 %43, ptr %8, align 4\n  br label %44\n"
    },
    {
        "unoptimized": "br label %53\n",
        "optimized": "br label %45\n"
    },
    {
        "unoptimized": "%54 = load ptr, ptr %4, align 8\n  %55 = load i32, ptr %7, align 4\n  %56 = zext i32 %55 to i64\n  %57 = getelementptr inbounds i8, ptr %54, i64 %56\n  %58 = load i8, ptr %57, align 1\n  %59 = sext i8 %58 to i32\n  %60 = icmp eq i32 %59, 34\n  br i1 %60, label %61, label %66\n",
        "optimized": "%46 = load ptr, ptr %4, align 8\n  %47 = load i32, ptr %7, align 4\n  %48 = zext i32 %47 to i64\n  %49 = getelementptr inbounds i8, ptr %46, i64 %48\n  %50 = load i8, ptr %49, align 1\n  %51 = icmp eq i8 %50, 34\n  br i1 %51, label %52, label %55\n"
    },
    {
        "unoptimized": "%62 = load i32, ptr %9, align 4\n  %63 = icmp ne i32 %62, 0\n  %64 = xor i1 %63, true\n  %65 = zext i1 %64 to i32\n  store i32 %65, ptr %9, align 4\n  br label %66\n",
        "optimized": "%53 = load i32, ptr %9, align 4\n  %.not6 = icmp eq i32 %53, 0\n  %54 = zext i1 %.not6 to i32\n  store i32 %54, ptr %9, align 4\n  br label %55\n"
    },
    {
        "unoptimized": "br label %67\n",
        "optimized": "br label %56\n"
    },
    {
        "unoptimized": "%68 = load i32, ptr %7, align 4\n  %69 = add i32 %68, 1\n  store i32 %69, ptr %7, align 4\n  br label %20, !llvm.loop !6\n",
        "optimized": "%57 = load i32, ptr %7, align 4\n  %58 = add i32 %57, 1\n  br label %17, !llvm.loop !6\n"
    },
    {
        "unoptimized": "%71 = load ptr, ptr %4, align 8\n  %72 = load ptr, ptr %5, align 8\n  store ptr %71, ptr %72, align 8\n  %73 = load i32, ptr %8, align 4\n  %74 = icmp ne i32 %73, 0\n  br i1 %74, label %77, label %75\n",
        "optimized": "%60 = load ptr, ptr %4, align 8\n  %61 = load ptr, ptr %5, align 8\n  store ptr %60, ptr %61, align 8\n  %62 = load i32, ptr %8, align 4\n  %.not1 = icmp eq i32 %62, 0\n  br i1 %.not1, label %63, label %65\n"
    },
    {
        "unoptimized": "%76 = load ptr, ptr %6, align 8\n  store ptr null, ptr %76, align 8\n  br label %113\n",
        "optimized": "%64 = load ptr, ptr %6, align 8\n  store ptr null, ptr %64, align 8\n  br label %95\n"
    },
    {
        "unoptimized": "%78 = load ptr, ptr %4, align 8\n  %79 = load i32, ptr %8, align 4\n  %80 = zext i32 %79 to i64\n  %81 = getelementptr inbounds i8, ptr %78, i64 %80\n  store i8 0, ptr %81, align 1\n  %82 = load ptr, ptr %4, align 8\n  %83 = load i32, ptr %8, align 4\n  %84 = zext i32 %83 to i64\n  %85 = getelementptr inbounds i8, ptr %82, i64 %84\n  %86 = getelementptr inbounds i8, ptr %85, i64 1\n  %87 = load ptr, ptr %6, align 8\n  store ptr %86, ptr %87, align 8\n  %88 = load ptr, ptr %6, align 8\n  %89 = load ptr, ptr %88, align 8\n  %90 = load i8, ptr %89, align 1\n  %91 = sext i8 %90 to i32\n  %92 = icmp eq i32 %91, 34\n  br i1 %92, label %93, label %112\n",
        "optimized": "%66 = load ptr, ptr %4, align 8\n  %67 = load i32, ptr %8, align 4\n  %68 = zext i32 %67 to i64\n  %69 = getelementptr inbounds i8, ptr %66, i64 %68\n  store i8 0, ptr %69, align 1\n  %70 = zext i32 %67 to i64\n  %71 = getelementptr inbounds i8, ptr %66, i64 %70\n  %72 = getelementptr inbounds i8, ptr %71, i64 1\n  %73 = load ptr, ptr %6, align 8\n  store ptr %72, ptr %73, align 8\n  %74 = load i8, ptr %72, align 1\n  %75 = icmp eq i8 %74, 34\n  br i1 %75, label %76, label %94\n"
    },
    {
        "unoptimized": "%94 = load ptr, ptr %6, align 8\n  %95 = load ptr, ptr %94, align 8\n  %96 = getelementptr inbounds i8, ptr %95, i32 1\n  store ptr %96, ptr %94, align 8\n  %97 = load ptr, ptr %4, align 8\n  %98 = load i32, ptr %7, align 4\n  %99 = sub i32 %98, 1\n  %100 = zext i32 %99 to i64\n  %101 = getelementptr inbounds i8, ptr %97, i64 %100\n  %102 = load i8, ptr %101, align 1\n  %103 = sext i8 %102 to i32\n  %104 = icmp eq i32 %103, 34\n  br i1 %104, label %105, label %111\n",
        "optimized": "%77 = load ptr, ptr %6, align 8\n  %78 = load ptr, ptr %77, align 8\n  %79 = getelementptr inbounds i8, ptr %78, i64 1\n  store ptr %79, ptr %77, align 8\n  %80 = load ptr, ptr %4, align 8\n  %81 = load i32, ptr %7, align 4\n  %82 = add i32 %81, -1\n  %83 = zext i32 %82 to i64\n  %84 = getelementptr inbounds i8, ptr %80, i64 %83\n  %85 = load i8, ptr %84, align 1\n  %86 = icmp eq i8 %85, 34\n  br i1 %86, label %87, label %93\n"
    },
    {
        "unoptimized": "%106 = load ptr, ptr %4, align 8\n  %107 = load i32, ptr %7, align 4\n  %108 = sub i32 %107, 1\n  %109 = zext i32 %108 to i64\n  %110 = getelementptr inbounds i8, ptr %106, i64 %109\n  store i8 0, ptr %110, align 1\n  br label %111\n",
        "optimized": "%88 = load ptr, ptr %4, align 8\n  %89 = load i32, ptr %7, align 4\n  %90 = add i32 %89, -1\n  %91 = zext i32 %90 to i64\n  %92 = getelementptr inbounds i8, ptr %88, i64 %91\n  store i8 0, ptr %92, align 1\n  br label %93\n"
    },
    {
        "unoptimized": "br label %112\n",
        "optimized": "br label %94\n"
    },
    {
        "unoptimized": "br label %113\n",
        "optimized": "br label %95\n"
    },
    {
        "unoptimized": "%114 = load i32, ptr %10, align 4\n  %115 = icmp ne i32 %114, 0\n  br i1 %115, label %116, label %131\n",
        "optimized": "%96 = load i32, ptr %10, align 4\n  %.not2 = icmp eq i32 %96, 0\n  br i1 %.not2, label %111, label %97\n"
    },
    {
        "unoptimized": "%117 = load ptr, ptr %4, align 8\n  %118 = load i32, ptr %7, align 4\n  %119 = sub i32 %118, 1\n  %120 = zext i32 %119 to i64\n  %121 = getelementptr inbounds i8, ptr %117, i64 %120\n  %122 = load i8, ptr %121, align 1\n  %123 = sext i8 %122 to i32\n  %124 = icmp eq i32 %123, 34\n  br i1 %124, label %125, label %131\n",
        "optimized": "%98 = load ptr, ptr %4, align 8\n  %99 = load i32, ptr %7, align 4\n  %100 = add i32 %99, -1\n  %101 = zext i32 %100 to i64\n  %102 = getelementptr inbounds i8, ptr %98, i64 %101\n  %103 = load i8, ptr %102, align 1\n  %104 = icmp eq i8 %103, 34\n  br i1 %104, label %105, label %111\n"
    },
    {
        "unoptimized": "%126 = load ptr, ptr %4, align 8\n  %127 = load i32, ptr %7, align 4\n  %128 = sub i32 %127, 1\n  %129 = zext i32 %128 to i64\n  %130 = getelementptr inbounds i8, ptr %126, i64 %129\n  store i8 0, ptr %130, align 1\n  br label %131\n",
        "optimized": "%106 = load ptr, ptr %4, align 8\n  %107 = load i32, ptr %7, align 4\n  %108 = add i32 %107, -1\n  %109 = zext i32 %108 to i64\n  %110 = getelementptr inbounds i8, ptr %106, i64 %109\n  store i8 0, ptr %110, align 1\n  br label %111\n"
    },
    {
        "unoptimized": "%132 = load ptr, ptr %4, align 8\n  %133 = load i32, ptr %7, align 4\n  %134 = zext i32 %133 to i64\n  %135 = getelementptr inbounds i8, ptr %132, i64 %134\n  %136 = load i8, ptr %135, align 1\n  %137 = icmp ne i8 %136, 0\n  br i1 %137, label %138, label %148\n",
        "optimized": "%112 = load ptr, ptr %4, align 8\n  %113 = load i32, ptr %7, align 4\n  %114 = zext i32 %113 to i64\n  %115 = getelementptr inbounds i8, ptr %112, i64 %114\n  %116 = load i8, ptr %115, align 1\n  %.not3 = icmp eq i8 %116, 0\n  br i1 %.not3, label %125, label %117\n"
    },
    {
        "unoptimized": "%139 = load ptr, ptr %4, align 8\n  %140 = load i32, ptr %7, align 4\n  %141 = zext i32 %140 to i64\n  %142 = getelementptr inbounds i8, ptr %139, i64 %141\n  store i8 0, ptr %142, align 1\n  %143 = load ptr, ptr %4, align 8\n  %144 = load i32, ptr %7, align 4\n  %145 = zext i32 %144 to i64\n  %146 = getelementptr inbounds i8, ptr %143, i64 %145\n  %147 = getelementptr inbounds i8, ptr %146, i64 1\n  store ptr %147, ptr %11, align 8\n  br label %153\n",
        "optimized": "%118 = load ptr, ptr %4, align 8\n  %119 = load i32, ptr %7, align 4\n  %120 = zext i32 %119 to i64\n  %121 = getelementptr inbounds i8, ptr %118, i64 %120\n  store i8 0, ptr %121, align 1\n  %122 = zext i32 %119 to i64\n  %123 = getelementptr inbounds i8, ptr %118, i64 %122\n  %124 = getelementptr inbounds i8, ptr %123, i64 1\n  br label %130\n"
    },
    {
        "unoptimized": "%149 = load ptr, ptr %4, align 8\n  %150 = load i32, ptr %7, align 4\n  %151 = zext i32 %150 to i64\n  %152 = getelementptr inbounds i8, ptr %149, i64 %151\n  store ptr %152, ptr %11, align 8\n  br label %153\n",
        "optimized": "%126 = load ptr, ptr %4, align 8\n  %127 = load i32, ptr %7, align 4\n  %128 = zext i32 %127 to i64\n  %129 = getelementptr inbounds i8, ptr %126, i64 %128\n  br label %130\n"
    },
    {
        "unoptimized": "%154 = load ptr, ptr %11, align 8\n  %155 = call ptr @skip_spaces(ptr noundef %154)\n  ret ptr %155\n}",
        "optimized": "%storemerge4 = phi ptr [ %129, %125 ], [ %124, %117 ]\n  %131 = call ptr @skip_spaces(ptr noundef %storemerge4) #2\n  ret ptr %131\n}"
    }
]