[
    {
        "unoptimized": "%5 = alloca %struct.TYPE_6__, align 4\n  %6 = alloca ptr, align 8\n  %7 = alloca i64, align 8\n  %8 = alloca i32, align 4\n  store i64 %2, ptr %5, align 4\n  store ptr %0, ptr %6, align 8\n  store i64 %1, ptr %7, align 8\n  store i32 %3, ptr %8, align 4\n  %9 = load i64, ptr %7, align 8\n  %10 = load ptr, ptr %6, align 8\n  %11 = getelementptr inbounds %struct.st_h2o_qpack_flatten_context_t, ptr %10, i32 0, i32 0\n  %12 = load i64, ptr %11, align 8\n  %13 = icmp sgt i64 %9, %12\n  br i1 %13, label %14, label %18\n",
        "optimized": "%5 = alloca %struct.TYPE_6__, align 8\n  %6 = alloca ptr, align 8\n  %7 = alloca i64, align 8\n  %8 = alloca i32, align 4\n  store i64 %2, ptr %5, align 8\n  store ptr %0, ptr %6, align 8\n  store i64 %1, ptr %7, align 8\n  store i32 %3, ptr %8, align 4\n  %9 = load i64, ptr %0, align 8\n  %10 = icmp slt i64 %9, %1\n  br i1 %10, label %11, label %14\n"
    },
    {
        "unoptimized": "%15 = load i64, ptr %7, align 8\n  %16 = load ptr, ptr %6, align 8\n  %17 = getelementptr inbounds %struct.st_h2o_qpack_flatten_context_t, ptr %16, i32 0, i32 0\n  store i64 %15, ptr %17, align 8\n  br label %18\n",
        "optimized": "%12 = load i64, ptr %7, align 8\n  %13 = load ptr, ptr %6, align 8\n  store i64 %12, ptr %13, align 8\n  br label %14\n"
    },
    {
        "unoptimized": "%19 = load ptr, ptr %6, align 8\n  %20 = getelementptr inbounds %struct.st_h2o_qpack_flatten_context_t, ptr %19, i32 0, i32 3\n  %21 = load i32, ptr %20, align 8\n  %22 = load ptr, ptr %6, align 8\n  %23 = getelementptr inbounds %struct.st_h2o_qpack_flatten_context_t, ptr %22, i32 0, i32 2\n  %24 = load ptr, ptr %23, align 8\n  %25 = load ptr, ptr %6, align 8\n  %26 = getelementptr inbounds %struct.st_h2o_qpack_flatten_context_t, ptr %25, i32 0, i32 2\n  %27 = load ptr, ptr %26, align 8\n  %28 = getelementptr inbounds %struct.TYPE_7__, ptr %27, i32 0, i32 0\n  %29 = load i32, ptr %28, align 8\n  %30 = load i32, ptr @H2O_HPACK_ENCODE_INT_MAX_LENGTH, align 4\n  %31 = mul nsw i32 %30, 2\n  %32 = add nsw i32 %29, %31\n  %33 = getelementptr inbounds %struct.TYPE_6__, ptr %5, i32 0, i32 0\n  %34 = load i32, ptr %33, align 4\n  %35 = add nsw i32 %32, %34\n  %36 = call i32 @h2o_vector_reserve(i32 noundef %21, ptr noundef %24, i32 noundef %35)\n  %37 = load i64, ptr %7, align 8\n  %38 = load ptr, ptr %6, align 8\n  %39 = getelementptr inbounds %struct.st_h2o_qpack_flatten_context_t, ptr %38, i32 0, i32 1\n  %40 = load i64, ptr %39, align 8\n  %41 = icmp sle i64 %37, %40\n  br i1 %41, label %42, label %69\n",
        "optimized": "%15 = load ptr, ptr %6, align 8\n  %16 = getelementptr inbounds %struct.st_h2o_qpack_flatten_context_t, ptr %15, i64 0, i32 3\n  %17 = load i32, ptr %16, align 8\n  %18 = getelementptr inbounds %struct.st_h2o_qpack_flatten_context_t, ptr %15, i64 0, i32 2\n  %19 = load ptr, ptr %18, align 8\n  %20 = load i32, ptr %19, align 8\n  %21 = load i32, ptr @H2O_HPACK_ENCODE_INT_MAX_LENGTH, align 4\n  %22 = shl nsw i32 %21, 1\n  %23 = add nsw i32 %20, %22\n  %24 = load i32, ptr %5, align 8\n  %25 = add nsw i32 %23, %24\n  %26 = call i32 @h2o_vector_reserve(i32 noundef %17, ptr noundef nonnull %19, i32 noundef %25) #2\n  %27 = load i64, ptr %7, align 8\n  %28 = load ptr, ptr %6, align 8\n  %29 = getelementptr inbounds %struct.st_h2o_qpack_flatten_context_t, ptr %28, i64 0, i32 1\n  %30 = load i64, ptr %29, align 8\n  %.not = icmp sgt i64 %27, %30\n  br i1 %.not, label %50, label %31\n"
    },
    {
        "unoptimized": "%43 = load i32, ptr %8, align 4\n  %44 = icmp ne i32 %43, 0\n  %45 = zext i1 %44 to i64\n  %46 = select i1 %44, i32 32, i32 0\n  %47 = or i32 64, %46\n  %48 = load ptr, ptr %6, align 8\n  %49 = getelementptr inbounds %struct.st_h2o_qpack_flatten_context_t, ptr %48, i32 0, i32 2\n  %50 = load ptr, ptr %49, align 8\n  %51 = getelementptr inbounds %struct.TYPE_7__, ptr %50, i32 0, i32 1\n  %52 = load ptr, ptr %51, align 8\n  %53 = load ptr, ptr %6, align 8\n  %54 = getelementptr inbounds %struct.st_h2o_qpack_flatten_context_t, ptr %53, i32 0, i32 2\n  %55 = load ptr, ptr %54, align 8\n  %56 = getelementptr inbounds %struct.TYPE_7__, ptr %55, i32 0, i32 0\n  %57 = load i32, ptr %56, align 8\n  %58 = sext i32 %57 to i64\n  %59 = getelementptr inbounds i32, ptr %52, i64 %58\n  store i32 %47, ptr %59, align 4\n  %60 = load ptr, ptr %6, align 8\n  %61 = getelementptr inbounds %struct.st_h2o_qpack_flatten_context_t, ptr %60, i32 0, i32 2\n  %62 = load ptr, ptr %61, align 8\n  %63 = load ptr, ptr %6, align 8\n  %64 = getelementptr inbounds %struct.st_h2o_qpack_flatten_context_t, ptr %63, i32 0, i32 1\n  %65 = load i64, ptr %64, align 8\n  %66 = load i64, ptr %7, align 8\n  %67 = sub nsw i64 %65, %66\n  %68 = call i32 @flatten_int(ptr noundef %62, i64 noundef %67, i32 noundef 4)\n  br label %96\n",
        "optimized": "%32 = load i32, ptr %8, align 4\n  %.not2 = icmp eq i32 %32, 0\n  %33 = select i1 %.not2, i32 64, i32 96\n  %34 = load ptr, ptr %6, align 8\n  %35 = getelementptr inbounds %struct.st_h2o_qpack_flatten_context_t, ptr %34, i64 0, i32 2\n  %36 = load ptr, ptr %35, align 8\n  %37 = getelementptr inbounds %struct.TYPE_7__, ptr %36, i64 0, i32 1\n  %38 = load ptr, ptr %37, align 8\n  %39 = load i32, ptr %36, align 8\n  %40 = sext i32 %39 to i64\n  %41 = getelementptr inbounds i32, ptr %38, i64 %40\n  store i32 %33, ptr %41, align 4\n  %42 = load ptr, ptr %6, align 8\n  %43 = getelementptr inbounds %struct.st_h2o_qpack_flatten_context_t, ptr %42, i64 0, i32 2\n  %44 = load ptr, ptr %43, align 8\n  %45 = getelementptr inbounds %struct.st_h2o_qpack_flatten_context_t, ptr %42, i64 0, i32 1\n  %46 = load i64, ptr %45, align 8\n  %47 = load i64, ptr %7, align 8\n  %48 = sub nsw i64 %46, %47\n  %49 = call i32 @flatten_int(ptr noundef %44, i64 noundef %48, i32 noundef 4) #2\n  br label %70\n"
    },
    {
        "unoptimized": "%70 = load i32, ptr %8, align 4\n  %71 = icmp ne i32 %70, 0\n  %72 = zext i1 %71 to i64\n  %73 = select i1 %71, i32 8, i32 0\n  %74 = load ptr, ptr %6, align 8\n  %75 = getelementptr inbounds %struct.st_h2o_qpack_flatten_context_t, ptr %74, i32 0, i32 2\n  %76 = load ptr, ptr %75, align 8\n  %77 = getelementptr inbounds %struct.TYPE_7__, ptr %76, i32 0, i32 1\n  %78 = load ptr, ptr %77, align 8\n  %79 = load ptr, ptr %6, align 8\n  %80 = getelementptr inbounds %struct.st_h2o_qpack_flatten_context_t, ptr %79, i32 0, i32 2\n  %81 = load ptr, ptr %80, align 8\n  %82 = getelementptr inbounds %struct.TYPE_7__, ptr %81, i32 0, i32 0\n  %83 = load i32, ptr %82, align 8\n  %84 = sext i32 %83 to i64\n  %85 = getelementptr inbounds i32, ptr %78, i64 %84\n  store i32 %73, ptr %85, align 4\n  %86 = load ptr, ptr %6, align 8\n  %87 = getelementptr inbounds %struct.st_h2o_qpack_flatten_context_t, ptr %86, i32 0, i32 2\n  %88 = load ptr, ptr %87, align 8\n  %89 = load i64, ptr %7, align 8\n  %90 = load ptr, ptr %6, align 8\n  %91 = getelementptr inbounds %struct.st_h2o_qpack_flatten_context_t, ptr %90, i32 0, i32 1\n  %92 = load i64, ptr %91, align 8\n  %93 = sub nsw i64 %89, %92\n  %94 = sub nsw i64 %93, 1\n  %95 = call i32 @flatten_int(ptr noundef %88, i64 noundef %94, i32 noundef 3)\n  br label %96\n",
        "optimized": "%51 = load i32, ptr %8, align 4\n  %.not1 = icmp eq i32 %51, 0\n  %52 = select i1 %.not1, i32 0, i32 8\n  %53 = load ptr, ptr %6, align 8\n  %54 = getelementptr inbounds %struct.st_h2o_qpack_flatten_context_t, ptr %53, i64 0, i32 2\n  %55 = load ptr, ptr %54, align 8\n  %56 = getelementptr inbounds %struct.TYPE_7__, ptr %55, i64 0, i32 1\n  %57 = load ptr, ptr %56, align 8\n  %58 = load i32, ptr %55, align 8\n  %59 = sext i32 %58 to i64\n  %60 = getelementptr inbounds i32, ptr %57, i64 %59\n  store i32 %52, ptr %60, align 4\n  %61 = load ptr, ptr %6, align 8\n  %62 = getelementptr inbounds %struct.st_h2o_qpack_flatten_context_t, ptr %61, i64 0, i32 2\n  %63 = load ptr, ptr %62, align 8\n  %64 = load i64, ptr %7, align 8\n  %65 = getelementptr inbounds %struct.st_h2o_qpack_flatten_context_t, ptr %61, i64 0, i32 1\n  %66 = load i64, ptr %65, align 8\n  %67 = xor i64 %66, -1\n  %68 = add i64 %64, %67\n  %69 = call i32 @flatten_int(ptr noundef %63, i64 noundef %68, i32 noundef 3) #2\n  br label %70\n"
    },
    {
        "unoptimized": "%97 = load ptr, ptr %6, align 8\n  %98 = getelementptr inbounds %struct.st_h2o_qpack_flatten_context_t, ptr %97, i32 0, i32 2\n  %99 = load ptr, ptr %98, align 8\n  %100 = getelementptr inbounds %struct.TYPE_6__, ptr %5, i32 0, i32 1\n  %101 = load i32, ptr %100, align 4\n  %102 = getelementptr inbounds %struct.TYPE_6__, ptr %5, i32 0, i32 0\n  %103 = load i32, ptr %102, align 4\n  %104 = load i32, ptr %8, align 4\n  %105 = call i32 @flatten_string(ptr noundef %99, i32 noundef %101, i32 noundef %103, i32 noundef 7, i32 noundef %104)\n  ret void\n}",
        "optimized": "%71 = load ptr, ptr %6, align 8\n  %72 = getelementptr inbounds %struct.st_h2o_qpack_flatten_context_t, ptr %71, i64 0, i32 2\n  %73 = load ptr, ptr %72, align 8\n  %74 = getelementptr inbounds %struct.TYPE_6__, ptr %5, i64 0, i32 1\n  %75 = load i32, ptr %74, align 4\n  %76 = load i32, ptr %5, align 8\n  %77 = load i32, ptr %8, align 4\n  %78 = call i32 @flatten_string(ptr noundef %73, i32 noundef %75, i32 noundef %76, i32 noundef 7, i32 noundef %77) #2\n  ret void\n}"
    }
]