[
    {
        "unoptimized": "%3 = alloca ptr, align 8\n  %4 = alloca i32, align 4\n  %5 = alloca i64, align 8\n  store ptr %0, ptr %3, align 8\n  store i32 %1, ptr %4, align 4\n  store i64 0, ptr %5, align 8\n  br label %6\n",
        "optimized": "%3 = alloca ptr, align 8\n  %4 = alloca i32, align 4\n  %5 = alloca i64, align 8\n  store ptr %0, ptr %3, align 8\n  store i32 %1, ptr %4, align 4\n  br label %6\n"
    },
    {
        "unoptimized": "%7 = load i64, ptr %5, align 8\n  %8 = load i64, ptr @IDA_BITMAP_BITS, align 8\n  %9 = icmp ult i64 %7, %8\n  br i1 %9, label %10, label %27\n",
        "optimized": "%storemerge = phi i64 [ 0, %2 ], [ %23, %21 ]\n  store i64 %storemerge, ptr %5, align 8\n  %7 = load i64, ptr @IDA_BITMAP_BITS, align 8\n  %8 = icmp ult i64 %storemerge, %7\n  br i1 %8, label %9, label %24\n"
    },
    {
        "unoptimized": "%11 = load ptr, ptr %3, align 8\n  %12 = load ptr, ptr %3, align 8\n  %13 = load i32, ptr %4, align 4\n  %14 = load i32, ptr @GFP_KERNEL, align 4\n  %15 = call i32 @ida_alloc_min(ptr noundef %12, i32 noundef %13, i32 noundef %14)\n  %16 = zext i32 %15 to i64\n  %17 = load i32, ptr %4, align 4\n  %18 = zext i32 %17 to i64\n  %19 = load i64, ptr %5, align 8\n  %20 = add i64 %18, %19\n  %21 = icmp ne i64 %16, %20\n  %22 = zext i1 %21 to i32\n  %23 = call i32 @IDA_BUG_ON(ptr noundef %11, i32 noundef %22)\n  br label %24\n",
        "optimized": "%10 = load ptr, ptr %3, align 8\n  %11 = load i32, ptr %4, align 4\n  %12 = load i32, ptr @GFP_KERNEL, align 4\n  %13 = call i32 @ida_alloc_min(ptr noundef %10, i32 noundef %11, i32 noundef %12) #2\n  %14 = zext i32 %13 to i64\n  %15 = zext i32 %11 to i64\n  %16 = load i64, ptr %5, align 8\n  %17 = add i64 %16, %15\n  %18 = icmp ne i64 %17, %14\n  %19 = zext i1 %18 to i32\n  %20 = call i32 @IDA_BUG_ON(ptr noundef %10, i32 noundef %19) #2\n  br label %21\n"
    },
    {
        "unoptimized": "%25 = load i64, ptr %5, align 8\n  %26 = add i64 %25, 1\n  store i64 %26, ptr %5, align 8\n  br label %6, !llvm.loop !6\n",
        "optimized": "%22 = load i64, ptr %5, align 8\n  %23 = add i64 %22, 1\n  br label %6, !llvm.loop !6\n"
    },
    {
        "unoptimized": "%28 = load ptr, ptr %3, align 8\n  %29 = call i32 @ida_destroy(ptr noundef %28)\n  %30 = load ptr, ptr %3, align 8\n  %31 = load ptr, ptr %3, align 8\n  %32 = call i32 @ida_is_empty(ptr noundef %31)\n  %33 = icmp ne i32 %32, 0\n  %34 = xor i1 %33, true\n  %35 = zext i1 %34 to i32\n  %36 = call i32 @IDA_BUG_ON(ptr noundef %30, i32 noundef %35)\n  %37 = load ptr, ptr %3, align 8\n  %38 = load ptr, ptr %3, align 8\n  %39 = load i32, ptr @GFP_KERNEL, align 4\n  %40 = call i64 @ida_alloc(ptr noundef %38, i32 noundef %39)\n  %41 = icmp ne i64 %40, 0\n  %42 = zext i1 %41 to i32\n  %43 = call i32 @IDA_BUG_ON(ptr noundef %37, i32 noundef %42)\n  %44 = load ptr, ptr %3, align 8\n  %45 = load ptr, ptr %3, align 8\n  %46 = call i32 @ida_is_empty(ptr noundef %45)\n  %47 = call i32 @IDA_BUG_ON(ptr noundef %44, i32 noundef %46)\n  %48 = load ptr, ptr %3, align 8\n  %49 = call i32 @ida_free(ptr noundef %48, i32 noundef 0)\n  %50 = load ptr, ptr %3, align 8\n  %51 = load ptr, ptr %3, align 8\n  %52 = call i32 @ida_is_empty(ptr noundef %51)\n  %53 = icmp ne i32 %52, 0\n  %54 = xor i1 %53, true\n  %55 = zext i1 %54 to i32\n  %56 = call i32 @IDA_BUG_ON(ptr noundef %50, i32 noundef %55)\n  ret void\n}",
        "optimized": "%25 = load ptr, ptr %3, align 8\n  %26 = call i32 @ida_destroy(ptr noundef %25) #2\n  %27 = call i32 @ida_is_empty(ptr noundef %25) #2\n  %.not = icmp eq i32 %27, 0\n  %28 = zext i1 %.not to i32\n  %29 = call i32 @IDA_BUG_ON(ptr noundef %25, i32 noundef %28) #2\n  %30 = load i32, ptr @GFP_KERNEL, align 4\n  %31 = call i64 @ida_alloc(ptr noundef %25, i32 noundef %30) #2\n  %32 = icmp ne i64 %31, 0\n  %33 = zext i1 %32 to i32\n  %34 = call i32 @IDA_BUG_ON(ptr noundef %25, i32 noundef %33) #2\n  %35 = load ptr, ptr %3, align 8\n  %36 = call i32 @ida_is_empty(ptr noundef %35) #2\n  %37 = call i32 @IDA_BUG_ON(ptr noundef %35, i32 noundef %36) #2\n  %38 = call i32 @ida_free(ptr noundef %35, i32 noundef 0) #2\n  %39 = call i32 @ida_is_empty(ptr noundef %35) #2\n  %.not1 = icmp eq i32 %39, 0\n  %40 = zext i1 %.not1 to i32\n  %41 = call i32 @IDA_BUG_ON(ptr noundef %35, i32 noundef %40) #2\n  ret void\n}"
    }
]