[
    {
        "unoptimized": "%1 = alloca %struct.biosregs, align 4\n  %2 = alloca %struct.biosregs, align 4\n  %3 = call i32 @initregs(ptr noundef %1)\n  %4 = getelementptr inbounds %struct.biosregs, ptr %1, i32 0, i32 0\n  store i32 20234, ptr %4, align 4\n  %5 = call i32 @intcall(i32 noundef 16, ptr noundef %1, ptr noundef %2)\n  %6 = getelementptr inbounds %struct.biosregs, ptr %2, i32 0, i32 0\n  %7 = load i32, ptr %6, align 4\n  %8 = icmp ne i32 %7, 79\n  br i1 %8, label %9, label %10\n",
        "optimized": "%1 = alloca %struct.biosregs, align 4\n  %2 = alloca %struct.biosregs, align 4\n  %3 = call i32 @initregs(ptr noundef nonnull %1) #2\n  store i32 20234, ptr %1, align 4\n  %4 = call i32 @intcall(i32 noundef 16, ptr noundef nonnull %1, ptr noundef nonnull %2) #2\n  %5 = load i32, ptr %2, align 4\n  %.not = icmp eq i32 %5, 79\n  br i1 %.not, label %7, label %6\n"
    },
    {
        "unoptimized": "br label %15\n",
        "optimized": "br label %12\n"
    },
    {
        "unoptimized": "%11 = getelementptr inbounds %struct.biosregs, ptr %2, i32 0, i32 2\n  %12 = load i32, ptr %11, align 4\n  store i32 %12, ptr getelementptr inbounds (%struct.TYPE_3__, ptr @boot_params, i32 0, i32 1), align 4\n  %13 = getelementptr inbounds %struct.biosregs, ptr %2, i32 0, i32 1\n  %14 = load i32, ptr %13, align 4\n  store i32 %14, ptr @boot_params, align 4\n  br label %15\n",
        "optimized": "%8 = getelementptr inbounds %struct.biosregs, ptr %2, i64 0, i32 2\n  %9 = load i32, ptr %8, align 4\n  store i32 %9, ptr getelementptr inbounds (%struct.TYPE_4__, ptr @boot_params, i64 0, i32 0, i32 1), align 4\n  %10 = getelementptr inbounds %struct.biosregs, ptr %2, i64 0, i32 1\n  %11 = load i32, ptr %10, align 4\n  store i32 %11, ptr @boot_params, align 4\n  br label %12\n"
    },
    {
        "unoptimized": "ret void\n}",
        "optimized": "ret void\n}"
    }
]