[
    {
        "unoptimized": "%5 = alloca ptr, align 8\n  %6 = alloca ptr, align 8\n  %7 = alloca i32, align 4\n  %8 = alloca i32, align 4\n  store ptr %0, ptr %5, align 8\n  store ptr %1, ptr %6, align 8\n  store i32 %2, ptr %7, align 4\n  store i32 %3, ptr %8, align 4\n  %9 = load i32, ptr %7, align 4\n  %10 = load i32, ptr @MAX_INSN_SIZE, align 4\n  %11 = icmp sgt i32 %9, %10\n  br i1 %11, label %12, label %14\n",
        "optimized": "%5 = alloca ptr, align 8\n  %6 = alloca ptr, align 8\n  %7 = alloca i32, align 4\n  %8 = alloca i32, align 4\n  store ptr %0, ptr %5, align 8\n  store ptr %1, ptr %6, align 8\n  store i32 %2, ptr %7, align 4\n  store i32 %3, ptr %8, align 4\n  %9 = load i32, ptr @MAX_INSN_SIZE, align 4\n  %10 = icmp slt i32 %9, %2\n  br i1 %10, label %11, label %13\n"
    },
    {
        "unoptimized": "%13 = load i32, ptr @MAX_INSN_SIZE, align 4\n  store i32 %13, ptr %7, align 4\n  br label %14\n",
        "optimized": "%12 = load i32, ptr @MAX_INSN_SIZE, align 4\n  store i32 %12, ptr %7, align 4\n  br label %13\n"
    },
    {
        "unoptimized": "%15 = load ptr, ptr %5, align 8\n  %16 = call i32 @memset(ptr noundef %15, i32 noundef 0, i32 noundef 40)\n  %17 = load ptr, ptr %6, align 8\n  %18 = load ptr, ptr %5, align 8\n  %19 = getelementptr inbounds %struct.insn, ptr %18, i32 0, i32 5\n  store ptr %17, ptr %19, align 8\n  %20 = load ptr, ptr %6, align 8\n  %21 = load i32, ptr %7, align 4\n  %22 = sext i32 %21 to i64\n  %23 = getelementptr i8, ptr %20, i64 %22\n  %24 = load ptr, ptr %5, align 8\n  %25 = getelementptr inbounds %struct.insn, ptr %24, i32 0, i32 4\n  store ptr %23, ptr %25, align 8\n  %26 = load ptr, ptr %6, align 8\n  %27 = load ptr, ptr %5, align 8\n  %28 = getelementptr inbounds %struct.insn, ptr %27, i32 0, i32 3\n  store ptr %26, ptr %28, align 8\n  %29 = load i32, ptr %8, align 4\n  %30 = icmp ne i32 %29, 0\n  %31 = zext i1 %30 to i64\n  %32 = select i1 %30, i32 1, i32 0\n  %33 = load ptr, ptr %5, align 8\n  %34 = getelementptr inbounds %struct.insn, ptr %33, i32 0, i32 0\n  store i32 %32, ptr %34, align 8\n  %35 = load ptr, ptr %5, align 8\n  %36 = getelementptr inbounds %struct.insn, ptr %35, i32 0, i32 1\n  store i32 4, ptr %36, align 4\n  %37 = load i32, ptr %8, align 4\n  %38 = icmp ne i32 %37, 0\n  br i1 %38, label %39, label %42\n",
        "optimized": "%14 = load ptr, ptr %5, align 8\n  %15 = call i32 @memset(ptr noundef %14, i32 noundef 0, i32 noundef 40) #2\n  %16 = load ptr, ptr %6, align 8\n  %17 = getelementptr inbounds %struct.insn, ptr %14, i64 0, i32 5\n  store ptr %16, ptr %17, align 8\n  %18 = load i32, ptr %7, align 4\n  %19 = sext i32 %18 to i64\n  %20 = getelementptr i8, ptr %16, i64 %19\n  %21 = load ptr, ptr %5, align 8\n  %22 = getelementptr inbounds %struct.insn, ptr %21, i64 0, i32 4\n  store ptr %20, ptr %22, align 8\n  %23 = load ptr, ptr %6, align 8\n  %24 = getelementptr inbounds %struct.insn, ptr %21, i64 0, i32 3\n  store ptr %23, ptr %24, align 8\n  %25 = load i32, ptr %8, align 4\n  %.not = icmp ne i32 %25, 0\n  %26 = zext i1 %.not to i32\n  %27 = load ptr, ptr %5, align 8\n  store i32 %26, ptr %27, align 8\n  %28 = getelementptr inbounds %struct.insn, ptr %27, i64 0, i32 1\n  store i32 4, ptr %28, align 4\n  %29 = load i32, ptr %8, align 4\n  %.not1 = icmp eq i32 %29, 0\n  br i1 %.not1, label %33, label %30\n"
    },
    {
        "unoptimized": "%40 = load ptr, ptr %5, align 8\n  %41 = getelementptr inbounds %struct.insn, ptr %40, i32 0, i32 2\n  store i32 8, ptr %41, align 8\n  br label %45\n",
        "optimized": "%31 = load ptr, ptr %5, align 8\n  %32 = getelementptr inbounds %struct.insn, ptr %31, i64 0, i32 2\n  store i32 8, ptr %32, align 8\n  br label %36\n"
    },
    {
        "unoptimized": "%43 = load ptr, ptr %5, align 8\n  %44 = getelementptr inbounds %struct.insn, ptr %43, i32 0, i32 2\n  store i32 4, ptr %44, align 8\n  br label %45\n",
        "optimized": "%34 = load ptr, ptr %5, align 8\n  %35 = getelementptr inbounds %struct.insn, ptr %34, i64 0, i32 2\n  store i32 4, ptr %35, align 8\n  br label %36\n"
    },
    {
        "unoptimized": "ret void\n}",
        "optimized": "ret void\n}"
    }
]