[
    {
        "unoptimized": "%4 = alloca i64, align 8\n  %5 = alloca ptr, align 8\n  %6 = alloca ptr, align 8\n  %7 = alloca i64, align 8\n  store ptr %0, ptr %5, align 8\n  store ptr %1, ptr %6, align 8\n  store i64 %2, ptr %7, align 8\n  %8 = load i64, ptr %7, align 8\n  %9 = add i64 %8, 1\n  store i64 %9, ptr %7, align 8\n  br label %10\n",
        "optimized": "%4 = alloca ptr, align 8\n  %5 = alloca ptr, align 8\n  %6 = alloca i64, align 8\n  store ptr %0, ptr %4, align 8\n  store ptr %1, ptr %5, align 8\n  br label %7\n"
    },
    {
        "unoptimized": "%11 = load i64, ptr %7, align 8\n  %12 = load ptr, ptr %5, align 8\n  %13 = getelementptr inbounds %struct.TYPE_8__, ptr %12, i32 0, i32 0\n  %14 = load i64, ptr %13, align 8\n  %15 = icmp ult i64 %11, %14\n  br i1 %15, label %16, label %33\n",
        "optimized": "%storemerge.in = phi i64 [ %2, %3 ], [ %24, %23 ]\n  %storemerge = add i64 %storemerge.in, 1\n  store i64 %storemerge, ptr %6, align 8\n  %8 = load ptr, ptr %4, align 8\n  %9 = load i64, ptr %8, align 8\n  %10 = icmp ult i64 %storemerge, %9\n  br i1 %10, label %11, label %25\n"
    },
    {
        "unoptimized": "%17 = load ptr, ptr %5, align 8\n  %18 = getelementptr inbounds %struct.TYPE_8__, ptr %17, i32 0, i32 1\n  %19 = load ptr, ptr %18, align 8\n  %20 = load i64, ptr %7, align 8\n  %21 = getelementptr inbounds %struct.TYPE_6__, ptr %19, i64 %20\n  %22 = getelementptr inbounds %struct.TYPE_6__, ptr %21, i32 0, i32 0\n  %23 = load ptr, ptr %22, align 8\n  %24 = load ptr, ptr %6, align 8\n  %25 = getelementptr inbounds %struct.TYPE_7__, ptr %24, i32 0, i32 0\n  %26 = icmp eq ptr %23, %25\n  br i1 %26, label %27, label %29\n",
        "optimized": "%12 = load ptr, ptr %4, align 8\n  %13 = getelementptr inbounds %struct.TYPE_8__, ptr %12, i64 0, i32 1\n  %14 = load ptr, ptr %13, align 8\n  %15 = load i64, ptr %6, align 8\n  %16 = getelementptr inbounds %struct.TYPE_6__, ptr %14, i64 %15\n  %17 = load ptr, ptr %16, align 8\n  %18 = load ptr, ptr %5, align 8\n  %19 = icmp eq ptr %17, %18\n  br i1 %19, label %20, label %22\n"
    },
    {
        "unoptimized": "%28 = load i64, ptr %7, align 8\n  store i64 %28, ptr %4, align 8\n  br label %34\n",
        "optimized": "%21 = load i64, ptr %6, align 8\n  br label %26\n"
    },
    {
        "unoptimized": "br label %30\n",
        "optimized": "br label %23\n"
    },
    {
        "unoptimized": "%31 = load i64, ptr %7, align 8\n  %32 = add i64 %31, 1\n  store i64 %32, ptr %7, align 8\n  br label %10, !llvm.loop !6\n",
        "optimized": "%24 = load i64, ptr %6, align 8\n  br label %7, !llvm.loop !6\n"
    },
    {
        "unoptimized": "store i64 -1, ptr %4, align 8\n  br label %34\n",
        "optimized": "br label %26\n"
    },
    {
        "unoptimized": "%35 = load i64, ptr %4, align 8\n  ret i64 %35\n}",
        "optimized": "%storemerge1 = phi i64 [ -1, %25 ], [ %21, %20 ]\n  ret i64 %storemerge1\n}"
    }
]