[
    {
        "unoptimized": "%2 = alloca i32, align 4\n  store i32 %0, ptr %2, align 4\n  %3 = load i32, ptr %2, align 4\n  %4 = icmp slt i32 %3, 0\n  br i1 %4, label %5, label %11\n",
        "optimized": "%2 = alloca i32, align 4\n  store i32 %0, ptr %2, align 4\n  %3 = icmp slt i32 %0, 0\n  br i1 %3, label %4, label %9\n"
    },
    {
        "unoptimized": "%6 = load i32, ptr %2, align 4\n  %7 = load i32, ptr @H2O_HTTP2_ERROR_INVALID_HEADER_CHAR, align 4\n  %8 = icmp ne i32 %6, %7\n  br i1 %8, label %9, label %11\n",
        "optimized": "%5 = load i32, ptr %2, align 4\n  %6 = load i32, ptr @H2O_HTTP2_ERROR_INVALID_HEADER_CHAR, align 4\n  %.not = icmp eq i32 %5, %6\n  br i1 %.not, label %9, label %7\n"
    },
    {
        "unoptimized": "%10 = load i32, ptr @H2O_HTTP3_ERROR_QPACK_DECOMPRESSION_FAILED, align 4\n  store i32 %10, ptr %2, align 4\n  br label %11\n",
        "optimized": "%8 = load i32, ptr @H2O_HTTP3_ERROR_QPACK_DECOMPRESSION_FAILED, align 4\n  store i32 %8, ptr %2, align 4\n  br label %9\n"
    },
    {
        "unoptimized": "%12 = load i32, ptr %2, align 4\n  ret i32 %12\n}",
        "optimized": "%10 = load i32, ptr %2, align 4\n  ret i32 %10\n}"
    }
]