[
    {
        "unoptimized": "%4 = alloca ptr, align 8\n  %5 = alloca ptr, align 8\n  %6 = alloca ptr, align 8\n  %7 = alloca ptr, align 8\n  %8 = alloca ptr, align 8\n  store ptr %0, ptr %4, align 8\n  store ptr %1, ptr %5, align 8\n  store ptr %2, ptr %6, align 8\n  %9 = load ptr, ptr %4, align 8\n  store ptr %9, ptr %7, align 8\n  %10 = load ptr, ptr %7, align 8\n  %11 = getelementptr inbounds %struct.st_headers_filter_t, ptr %10, i32 0, i32 0\n  %12 = load ptr, ptr %11, align 8\n  store ptr %12, ptr %8, align 8\n  br label %13\n",
        "optimized": "%4 = alloca ptr, align 8\n  %5 = alloca ptr, align 8\n  %6 = alloca ptr, align 8\n  store ptr %1, ptr %4, align 8\n  store ptr %2, ptr %5, align 8\n  %7 = load ptr, ptr %0, align 8\n  br label %8\n"
    },
    {
        "unoptimized": "%14 = load ptr, ptr %8, align 8\n  %15 = getelementptr inbounds %struct.TYPE_9__, ptr %14, i32 0, i32 0\n  %16 = load i64, ptr %15, align 8\n  %17 = load i64, ptr @H2O_HEADERS_CMD_NULL, align 8\n  %18 = icmp ne i64 %16, %17\n  br i1 %18, label %19, label %37\n",
        "optimized": "%storemerge = phi ptr [ %7, %3 ], [ %24, %22 ]\n  store ptr %storemerge, ptr %6, align 8\n  %9 = load i64, ptr %storemerge, align 8\n  %10 = load i64, ptr @H2O_HEADERS_CMD_NULL, align 8\n  %.not = icmp eq i64 %9, %10\n  br i1 %.not, label %25, label %11\n"
    },
    {
        "unoptimized": "%20 = load ptr, ptr %8, align 8\n  %21 = getelementptr inbounds %struct.TYPE_9__, ptr %20, i32 0, i32 1\n  %22 = load i64, ptr %21, align 8\n  %23 = load i64, ptr @H2O_HEADERS_CMD_WHEN_EARLY, align 8\n  %24 = icmp ne i64 %22, %23\n  br i1 %24, label %25, label %33\n",
        "optimized": "%12 = load ptr, ptr %6, align 8\n  %13 = getelementptr inbounds %struct.TYPE_9__, ptr %12, i64 0, i32 1\n  %14 = load i64, ptr %13, align 8\n  %15 = load i64, ptr @H2O_HEADERS_CMD_WHEN_EARLY, align 8\n  %.not1 = icmp eq i64 %14, %15\n  br i1 %.not1, label %21, label %16\n"
    },
    {
        "unoptimized": "%26 = load ptr, ptr %5, align 8\n  %27 = getelementptr inbounds %struct.TYPE_8__, ptr %26, i32 0, i32 1\n  %28 = load ptr, ptr %5, align 8\n  %29 = getelementptr inbounds %struct.TYPE_8__, ptr %28, i32 0, i32 0\n  %30 = getelementptr inbounds %struct.TYPE_7__, ptr %29, i32 0, i32 0\n  %31 = load ptr, ptr %8, align 8\n  %32 = call i32 @h2o_rewrite_headers(ptr noundef %27, ptr noundef %30, ptr noundef %31)\n  br label %33\n",
        "optimized": "%17 = load ptr, ptr %4, align 8\n  %18 = getelementptr inbounds %struct.TYPE_8__, ptr %17, i64 0, i32 1\n  %19 = load ptr, ptr %6, align 8\n  %20 = call i32 @h2o_rewrite_headers(ptr noundef nonnull %18, ptr noundef %17, ptr noundef %19) #2\n  br label %21\n"
    },
    {
        "unoptimized": "br label %34\n",
        "optimized": "br label %22\n"
    },
    {
        "unoptimized": "%35 = load ptr, ptr %8, align 8\n  %36 = getelementptr inbounds %struct.TYPE_9__, ptr %35, i32 1\n  store ptr %36, ptr %8, align 8\n  br label %13, !llvm.loop !6\n",
        "optimized": "%23 = load ptr, ptr %6, align 8\n  %24 = getelementptr inbounds %struct.TYPE_9__, ptr %23, i64 1\n  br label %8, !llvm.loop !6\n"
    },
    {
        "unoptimized": "%38 = load ptr, ptr %5, align 8\n  %39 = load ptr, ptr %6, align 8\n  %40 = call i32 @h2o_setup_next_ostream(ptr noundef %38, ptr noundef %39)\n  ret void\n}",
        "optimized": "%26 = load ptr, ptr %4, align 8\n  %27 = load ptr, ptr %5, align 8\n  %28 = call i32 @h2o_setup_next_ostream(ptr noundef %26, ptr noundef %27) #2\n  ret void\n}"
    }
]