[
    {
        "unoptimized": "%3 = alloca ptr, align 8\n  %4 = alloca i32, align 4\n  %5 = alloca ptr, align 8\n  %6 = alloca i32, align 4\n  store ptr %0, ptr %3, align 8\n  store i32 %1, ptr %4, align 4\n  %7 = load ptr, ptr %3, align 8\n  %8 = getelementptr inbounds %struct.xa_state, ptr %7, i32 0, i32 2\n  %9 = load ptr, ptr %8, align 8\n  store ptr %9, ptr %5, align 8\n  %10 = load ptr, ptr %3, align 8\n  %11 = getelementptr inbounds %struct.xa_state, ptr %10, i32 0, i32 0\n  %12 = load i32, ptr %11, align 8\n  store i32 %12, ptr %6, align 4\n  %13 = load ptr, ptr %3, align 8\n  %14 = call i64 @xas_invalid(ptr noundef %13)\n  %15 = icmp ne i64 %14, 0\n  br i1 %15, label %16, label %17\n",
        "optimized": "%3 = alloca ptr, align 8\n  %4 = alloca i32, align 4\n  %5 = alloca ptr, align 8\n  %6 = alloca i32, align 4\n  store ptr %0, ptr %3, align 8\n  store i32 %1, ptr %4, align 4\n  %7 = getelementptr inbounds %struct.xa_state, ptr %0, i64 0, i32 2\n  %8 = load ptr, ptr %7, align 8\n  store ptr %8, ptr %5, align 8\n  %9 = load i32, ptr %0, align 8\n  store i32 %9, ptr %6, align 4\n  %10 = load ptr, ptr %3, align 8\n  %11 = call i64 @xas_invalid(ptr noundef %10) #2\n  %.not = icmp eq i64 %11, 0\n  br i1 %.not, label %13, label %12\n"
    },
    {
        "unoptimized": "br label %50\n",
        "optimized": "br label %41\n"
    },
    {
        "unoptimized": "br label %18\n",
        "optimized": "br label %14\n"
    },
    {
        "unoptimized": "%19 = load ptr, ptr %5, align 8\n  %20 = icmp ne ptr %19, null\n  br i1 %20, label %21, label %37\n",
        "optimized": "%15 = load ptr, ptr %5, align 8\n  %.not1 = icmp eq ptr %15, null\n  br i1 %.not1, label %29, label %16\n"
    },
    {
        "unoptimized": "%22 = load ptr, ptr %5, align 8\n  %23 = load i32, ptr %6, align 4\n  %24 = load i32, ptr %4, align 4\n  %25 = call i64 @node_set_mark(ptr noundef %22, i32 noundef %23, i32 noundef %24)\n  %26 = icmp ne i64 %25, 0\n  br i1 %26, label %27, label %28\n",
        "optimized": "%17 = load ptr, ptr %5, align 8\n  %18 = load i32, ptr %6, align 4\n  %19 = load i32, ptr %4, align 4\n  %20 = call i64 @node_set_mark(ptr noundef %17, i32 noundef %18, i32 noundef %19) #2\n  %.not3 = icmp eq i64 %20, 0\n  br i1 %.not3, label %22, label %21\n"
    },
    {
        "unoptimized": "br label %50\n",
        "optimized": "br label %41\n"
    },
    {
        "unoptimized": "%29 = load ptr, ptr %5, align 8\n  %30 = getelementptr inbounds %struct.xa_node, ptr %29, i32 0, i32 0\n  %31 = load i32, ptr %30, align 4\n  store i32 %31, ptr %6, align 4\n  %32 = load ptr, ptr %3, align 8\n  %33 = getelementptr inbounds %struct.xa_state, ptr %32, i32 0, i32 1\n  %34 = load i32, ptr %33, align 4\n  %35 = load ptr, ptr %5, align 8\n  %36 = call ptr @xa_parent_locked(i32 noundef %34, ptr noundef %35)\n  store ptr %36, ptr %5, align 8\n  br label %18, !llvm.loop !6\n",
        "optimized": "%23 = load ptr, ptr %5, align 8\n  %24 = load i32, ptr %23, align 4\n  store i32 %24, ptr %6, align 4\n  %25 = load ptr, ptr %3, align 8\n  %26 = getelementptr inbounds %struct.xa_state, ptr %25, i64 0, i32 1\n  %27 = load i32, ptr %26, align 4\n  %28 = call ptr @xa_parent_locked(i32 noundef %27, ptr noundef nonnull %23) #2\n  store ptr %28, ptr %5, align 8\n  br label %14, !llvm.loop !6\n"
    },
    {
        "unoptimized": "%38 = load ptr, ptr %3, align 8\n  %39 = getelementptr inbounds %struct.xa_state, ptr %38, i32 0, i32 1\n  %40 = load i32, ptr %39, align 4\n  %41 = load i32, ptr %4, align 4\n  %42 = call i32 @xa_marked(i32 noundef %40, i32 noundef %41)\n  %43 = icmp ne i32 %42, 0\n  br i1 %43, label %50, label %44\n",
        "optimized": "%30 = load ptr, ptr %3, align 8\n  %31 = getelementptr inbounds %struct.xa_state, ptr %30, i64 0, i32 1\n  %32 = load i32, ptr %31, align 4\n  %33 = load i32, ptr %4, align 4\n  %34 = call i32 @xa_marked(i32 noundef %32, i32 noundef %33) #2\n  %.not2 = icmp eq i32 %34, 0\n  br i1 %.not2, label %35, label %41\n"
    },
    {
        "unoptimized": "%45 = load ptr, ptr %3, align 8\n  %46 = getelementptr inbounds %struct.xa_state, ptr %45, i32 0, i32 1\n  %47 = load i32, ptr %46, align 4\n  %48 = load i32, ptr %4, align 4\n  %49 = call i32 @xa_mark_set(i32 noundef %47, i32 noundef %48)\n  br label %50\n",
        "optimized": "%36 = load ptr, ptr %3, align 8\n  %37 = getelementptr inbounds %struct.xa_state, ptr %36, i64 0, i32 1\n  %38 = load i32, ptr %37, align 4\n  %39 = load i32, ptr %4, align 4\n  %40 = call i32 @xa_mark_set(i32 noundef %38, i32 noundef %39) #2\n  br label %41\n"
    },
    {
        "unoptimized": "ret void\n}",
        "optimized": "ret void\n}"
    }
]