[
    {
        "unoptimized": "%2 = alloca ptr, align 8\n  %3 = alloca i64, align 8\n  %4 = alloca i32, align 4\n  %5 = alloca ptr, align 8\n  %6 = alloca i32, align 4\n  %7 = alloca ptr, align 8\n  %8 = alloca i64, align 8\n  store ptr %0, ptr %2, align 8\n  store i32 0, ptr %4, align 4\n  store i64 0, ptr %3, align 8\n  br label %9\n",
        "optimized": "%2 = alloca ptr, align 8\n  %3 = alloca i64, align 8\n  %4 = alloca i32, align 4\n  %5 = alloca ptr, align 8\n  %6 = alloca i32, align 4\n  %7 = alloca ptr, align 8\n  %8 = alloca i64, align 8\n  store ptr %0, ptr %2, align 8\n  store i32 0, ptr %4, align 4\n  br label %9\n"
    },
    {
        "unoptimized": "%10 = load i64, ptr %3, align 8\n  %11 = load ptr, ptr %2, align 8\n  %12 = getelementptr inbounds %struct.TYPE_7__, ptr %11, i32 0, i32 0\n  %13 = load i64, ptr %12, align 8\n  %14 = icmp ne i64 %10, %13\n  br i1 %14, label %15, label %70\n",
        "optimized": "%storemerge = phi i64 [ 0, %1 ], [ %56, %54 ]\n  store i64 %storemerge, ptr %3, align 8\n  %10 = load ptr, ptr %2, align 8\n  %11 = load i64, ptr %10, align 8\n  %.not = icmp eq i64 %storemerge, %11\n  br i1 %.not, label %57, label %12\n"
    },
    {
        "unoptimized": "%16 = load ptr, ptr %2, align 8\n  %17 = getelementptr inbounds %struct.TYPE_7__, ptr %16, i32 0, i32 1\n  %18 = load ptr, ptr %17, align 8\n  %19 = load i64, ptr %3, align 8\n  %20 = getelementptr inbounds %struct.TYPE_8__, ptr %18, i64 %19\n  store ptr %20, ptr %5, align 8\n  %21 = load ptr, ptr %5, align 8\n  %22 = getelementptr inbounds %struct.TYPE_8__, ptr %21, i32 0, i32 1\n  %23 = load ptr, ptr %22, align 8\n  %24 = load ptr, ptr @H2O_TOKEN_ACCEPT_ENCODING, align 8\n  %25 = getelementptr inbounds %struct.TYPE_9__, ptr %24, i32 0, i32 0\n  %26 = icmp eq ptr %23, %25\n  %27 = zext i1 %26 to i32\n  %28 = call i64 @H2O_UNLIKELY(i32 noundef %27)\n  %29 = icmp ne i64 %28, 0\n  br i1 %29, label %30, label %66\n",
        "optimized": "%13 = load ptr, ptr %2, align 8\n  %14 = getelementptr inbounds %struct.TYPE_7__, ptr %13, i64 0, i32 1\n  %15 = load ptr, ptr %14, align 8\n  %16 = load i64, ptr %3, align 8\n  %17 = getelementptr inbounds %struct.TYPE_8__, ptr %15, i64 %16\n  store ptr %17, ptr %5, align 8\n  %18 = getelementptr inbounds %struct.TYPE_8__, ptr %15, i64 %16, i32 1\n  %19 = load ptr, ptr %18, align 8\n  %20 = load ptr, ptr @H2O_TOKEN_ACCEPT_ENCODING, align 8\n  %21 = icmp eq ptr %19, %20\n  %22 = zext i1 %21 to i32\n  %23 = call i64 @H2O_UNLIKELY(i32 noundef %22) #2\n  %.not1 = icmp eq i64 %23, 0\n  br i1 %.not1, label %53, label %24\n"
    },
    {
        "unoptimized": "%31 = load ptr, ptr %5, align 8\n  %32 = getelementptr inbounds %struct.TYPE_8__, ptr %31, i32 0, i32 0\n  %33 = getelementptr inbounds %struct.TYPE_6__, ptr %32, i32 0, i32 1\n  %34 = load i32, ptr %33, align 4\n  %35 = load ptr, ptr %5, align 8\n  %36 = getelementptr inbounds %struct.TYPE_8__, ptr %35, i32 0, i32 0\n  %37 = getelementptr inbounds %struct.TYPE_6__, ptr %36, i32 0, i32 0\n  %38 = load i32, ptr %37, align 8\n  %39 = call i32 @h2o_iovec_init(i32 noundef %34, i32 noundef %38)\n  store i32 %39, ptr %6, align 4\n  store ptr null, ptr %7, align 8\n  store i64 0, ptr %8, align 8\n  br label %40\n",
        "optimized": "%25 = load ptr, ptr %5, align 8\n  %26 = getelementptr inbounds %struct.TYPE_6__, ptr %25, i64 0, i32 1\n  %27 = load i32, ptr %26, align 4\n  %28 = load i32, ptr %25, align 8\n  %29 = call i32 @h2o_iovec_init(i32 noundef %27, i32 noundef %28) #2\n  store i32 %29, ptr %6, align 4\n  store ptr null, ptr %7, align 8\n  store i64 0, ptr %8, align 8\n  br label %30\n"
    },
    {
        "unoptimized": "%41 = call ptr @h2o_next_token(ptr noundef %6, i8 noundef signext 44, ptr noundef %8, ptr noundef null)\n  store ptr %41, ptr %7, align 8\n  %42 = icmp ne ptr %41, null\n  br i1 %42, label %43, label %65\n",
        "optimized": "%31 = call ptr @h2o_next_token(ptr noundef nonnull %6, i8 noundef signext 44, ptr noundef nonnull %8, ptr noundef null) #2\n  store ptr %31, ptr %7, align 8\n  %.not2 = icmp eq ptr %31, null\n  br i1 %.not2, label %52, label %32\n"
    },
    {
        "unoptimized": "%44 = load ptr, ptr %7, align 8\n  %45 = load i64, ptr %8, align 8\n  %46 = call i32 @H2O_STRLIT(ptr noundef @.str)\n  %47 = call i64 @h2o_lcstris(ptr noundef %44, i64 noundef %45, i32 noundef %46)\n  %48 = icmp ne i64 %47, 0\n  br i1 %48, label %49, label %53\n",
        "optimized": "%33 = load ptr, ptr %7, align 8\n  %34 = load i64, ptr %8, align 8\n  %35 = call i32 @H2O_STRLIT(ptr noundef nonnull @.str) #2\n  %36 = call i64 @h2o_lcstris(ptr noundef %33, i64 noundef %34, i32 noundef %35) #2\n  %.not3 = icmp eq i64 %36, 0\n  br i1 %.not3, label %41, label %37\n"
    },
    {
        "unoptimized": "%50 = load i32, ptr @H2O_COMPRESSIBLE_GZIP, align 4\n  %51 = load i32, ptr %4, align 4\n  %52 = or i32 %51, %50\n  store i32 %52, ptr %4, align 4\n  br label %64\n",
        "optimized": "%38 = load i32, ptr @H2O_COMPRESSIBLE_GZIP, align 4\n  %39 = load i32, ptr %4, align 4\n  %40 = or i32 %39, %38\n  store i32 %40, ptr %4, align 4\n  br label %51\n"
    },
    {
        "unoptimized": "%54 = load ptr, ptr %7, align 8\n  %55 = load i64, ptr %8, align 8\n  %56 = call i32 @H2O_STRLIT(ptr noundef @.str.1)\n  %57 = call i64 @h2o_lcstris(ptr noundef %54, i64 noundef %55, i32 noundef %56)\n  %58 = icmp ne i64 %57, 0\n  br i1 %58, label %59, label %63\n",
        "optimized": "%42 = load ptr, ptr %7, align 8\n  %43 = load i64, ptr %8, align 8\n  %44 = call i32 @H2O_STRLIT(ptr noundef nonnull @.str.1) #2\n  %45 = call i64 @h2o_lcstris(ptr noundef %42, i64 noundef %43, i32 noundef %44) #2\n  %.not4 = icmp eq i64 %45, 0\n  br i1 %.not4, label %50, label %46\n"
    },
    {
        "unoptimized": "%60 = load i32, ptr @H2O_COMPRESSIBLE_BROTLI, align 4\n  %61 = load i32, ptr %4, align 4\n  %62 = or i32 %61, %60\n  store i32 %62, ptr %4, align 4\n  br label %63\n",
        "optimized": "%47 = load i32, ptr @H2O_COMPRESSIBLE_BROTLI, align 4\n  %48 = load i32, ptr %4, align 4\n  %49 = or i32 %48, %47\n  store i32 %49, ptr %4, align 4\n  br label %50\n"
    },
    {
        "unoptimized": "br label %64\n",
        "optimized": "br label %51\n"
    },
    {
        "unoptimized": "br label %40, !llvm.loop !6\n",
        "optimized": "br label %30, !llvm.loop !6\n"
    },
    {
        "unoptimized": "br label %66\n",
        "optimized": "br label %53\n"
    },
    {
        "unoptimized": "br label %67\n",
        "optimized": "br label %54\n"
    },
    {
        "unoptimized": "%68 = load i64, ptr %3, align 8\n  %69 = add i64 %68, 1\n  store i64 %69, ptr %3, align 8\n  br label %9, !llvm.loop !8\n",
        "optimized": "%55 = load i64, ptr %3, align 8\n  %56 = add i64 %55, 1\n  br label %9, !llvm.loop !8\n"
    },
    {
        "unoptimized": "%71 = load i32, ptr %4, align 4\n  ret i32 %71\n}",
        "optimized": "%58 = load i32, ptr %4, align 4\n  ret i32 %58\n}"
    }
]