[
    {
        "unoptimized": "%3 = alloca ptr, align 8\n  %4 = alloca i64, align 8\n  store ptr %0, ptr %3, align 8\n  store i64 %1, ptr %4, align 8\n  %5 = load ptr, ptr %3, align 8\n  %6 = getelementptr inbounds %struct.TYPE_4__, ptr %5, i32 0, i32 0\n  %7 = load i64, ptr %6, align 8\n  %8 = load ptr, ptr %3, align 8\n  %9 = getelementptr inbounds %struct.TYPE_4__, ptr %8, i32 0, i32 1\n  %10 = load i64, ptr %9, align 8\n  %11 = sub i64 %7, %10\n  %12 = load i64, ptr %4, align 8\n  %13 = icmp ult i64 %11, %12\n  %14 = zext i1 %13 to i32\n  %15 = call i64 @unlikely(i32 noundef %14)\n  %16 = icmp ne i64 %15, 0\n  br i1 %16, label %17, label %21\n",
        "optimized": "%3 = alloca ptr, align 8\n  %4 = alloca i64, align 8\n  store ptr %0, ptr %3, align 8\n  store i64 %1, ptr %4, align 8\n  %5 = load i64, ptr %0, align 8\n  %6 = getelementptr inbounds %struct.TYPE_4__, ptr %0, i64 0, i32 1\n  %7 = load i64, ptr %6, align 8\n  %8 = sub i64 %5, %7\n  %9 = icmp ult i64 %8, %1\n  %10 = zext i1 %9 to i32\n  %11 = call i64 @unlikely(i32 noundef %10) #2\n  %.not = icmp eq i64 %11, 0\n  br i1 %.not, label %16, label %12\n"
    },
    {
        "unoptimized": "%18 = load ptr, ptr %3, align 8\n  %19 = load i64, ptr %4, align 8\n  %20 = call i32 @buffer_increase(ptr noundef %18, i64 noundef %19)\n  br label %21\n",
        "optimized": "%13 = load ptr, ptr %3, align 8\n  %14 = load i64, ptr %4, align 8\n  %15 = call i32 @buffer_increase(ptr noundef %13, i64 noundef %14) #2\n  br label %16\n"
    },
    {
        "unoptimized": "ret void\n}",
        "optimized": "ret void\n}"
    }
]