[
    {
        "unoptimized": "%2 = alloca ptr, align 8\n  %3 = alloca i32, align 4\n  %4 = alloca i32, align 4\n  store ptr %0, ptr %2, align 8\n  %5 = load ptr, ptr %2, align 8\n  %6 = getelementptr inbounds %struct.ptr_ring, ptr %5, i32 0, i32 0\n  %7 = load i32, ptr %6, align 8\n  store i32 %7, ptr %3, align 4\n  %8 = load i32, ptr %3, align 4\n  %9 = add nsw i32 %8, 1\n  store i32 %9, ptr %3, align 4\n  store i32 %8, ptr %4, align 4\n  %10 = load i32, ptr %3, align 4\n  %11 = load ptr, ptr %2, align 8\n  %12 = getelementptr inbounds %struct.ptr_ring, ptr %11, i32 0, i32 1\n  %13 = load i32, ptr %12, align 4\n  %14 = sub nsw i32 %10, %13\n  %15 = load ptr, ptr %2, align 8\n  %16 = getelementptr inbounds %struct.ptr_ring, ptr %15, i32 0, i32 2\n  %17 = load i32, ptr %16, align 8\n  %18 = icmp sge i32 %14, %17\n  br i1 %18, label %25, label %19\n",
        "optimized": "%2 = alloca ptr, align 8\n  %3 = alloca i32, align 4\n  %4 = alloca i32, align 4\n  store ptr %0, ptr %2, align 8\n  %5 = load i32, ptr %0, align 8\n  %6 = add nsw i32 %5, 1\n  store i32 %6, ptr %3, align 4\n  store i32 %5, ptr %4, align 4\n  %7 = getelementptr inbounds %struct.ptr_ring, ptr %0, i64 0, i32 1\n  %8 = load i32, ptr %7, align 4\n  %9 = sub nsw i32 %6, %8\n  %10 = load ptr, ptr %2, align 8\n  %11 = getelementptr inbounds %struct.ptr_ring, ptr %10, i64 0, i32 2\n  %12 = load i32, ptr %11, align 8\n  %.not = icmp slt i32 %9, %12\n  br i1 %.not, label %13, label %20\n"
    },
    {
        "unoptimized": "%20 = load i32, ptr %3, align 4\n  %21 = load ptr, ptr %2, align 8\n  %22 = getelementptr inbounds %struct.ptr_ring, ptr %21, i32 0, i32 3\n  %23 = load i32, ptr %22, align 4\n  %24 = icmp sge i32 %20, %23\n  br label %25\n",
        "optimized": "%14 = load i32, ptr %3, align 4\n  %15 = load ptr, ptr %2, align 8\n  %16 = getelementptr inbounds %struct.ptr_ring, ptr %15, i64 0, i32 3\n  %17 = load i32, ptr %16, align 4\n  %18 = icmp sge i32 %14, %17\n  %19 = zext i1 %18 to i32\n  br label %20\n"
    },
    {
        "unoptimized": "%26 = phi i1 [ true, %1 ], [ %24, %19 ]\n  %27 = zext i1 %26 to i32\n  %28 = call i64 @unlikely(i32 noundef %27)\n  %29 = icmp ne i64 %28, 0\n  br i1 %29, label %30, label %52\n",
        "optimized": "%21 = phi i32 [ 1, %1 ], [ %19, %13 ]\n  %22 = call i64 @unlikely(i32 noundef %21) #2\n  %.not1 = icmp eq i64 %22, 0\n  br i1 %.not1, label %44, label %23\n"
    },
    {
        "unoptimized": "br label %31\n",
        "optimized": "br label %24\n"
    },
    {
        "unoptimized": "%32 = load i32, ptr %4, align 4\n  %33 = load ptr, ptr %2, align 8\n  %34 = getelementptr inbounds %struct.ptr_ring, ptr %33, i32 0, i32 1\n  %35 = load i32, ptr %34, align 4\n  %36 = icmp sge i32 %32, %35\n  %37 = zext i1 %36 to i32\n  %38 = call i64 @likely(i32 noundef %37)\n  %39 = icmp ne i64 %38, 0\n  br i1 %39, label %40, label %48\n",
        "optimized": "%25 = load i32, ptr %4, align 4\n  %26 = load ptr, ptr %2, align 8\n  %27 = getelementptr inbounds %struct.ptr_ring, ptr %26, i64 0, i32 1\n  %28 = load i32, ptr %27, align 4\n  %29 = icmp sge i32 %25, %28\n  %30 = zext i1 %29 to i32\n  %31 = call i64 @likely(i32 noundef %30) #2\n  %.not3 = icmp eq i64 %31, 0\n  br i1 %.not3, label %40, label %32\n"
    },
    {
        "unoptimized": "%41 = load ptr, ptr %2, align 8\n  %42 = getelementptr inbounds %struct.ptr_ring, ptr %41, i32 0, i32 4\n  %43 = load ptr, ptr %42, align 8\n  %44 = load i32, ptr %4, align 4\n  %45 = add nsw i32 %44, -1\n  store i32 %45, ptr %4, align 4\n  %46 = sext i32 %44 to i64\n  %47 = getelementptr inbounds ptr, ptr %43, i64 %46\n  store ptr null, ptr %47, align 8\n  br label %31, !llvm.loop !6\n",
        "optimized": "%33 = load ptr, ptr %2, align 8\n  %34 = getelementptr inbounds %struct.ptr_ring, ptr %33, i64 0, i32 4\n  %35 = load ptr, ptr %34, align 8\n  %36 = load i32, ptr %4, align 4\n  %37 = add nsw i32 %36, -1\n  store i32 %37, ptr %4, align 4\n  %38 = sext i32 %36 to i64\n  %39 = getelementptr inbounds ptr, ptr %35, i64 %38\n  store ptr null, ptr %39, align 8\n  br label %24, !llvm.loop !6\n"
    },
    {
        "unoptimized": "%49 = load i32, ptr %3, align 4\n  %50 = load ptr, ptr %2, align 8\n  %51 = getelementptr inbounds %struct.ptr_ring, ptr %50, i32 0, i32 1\n  store i32 %49, ptr %51, align 4\n  br label %52\n",
        "optimized": "%41 = load i32, ptr %3, align 4\n  %42 = load ptr, ptr %2, align 8\n  %43 = getelementptr inbounds %struct.ptr_ring, ptr %42, i64 0, i32 1\n  store i32 %41, ptr %43, align 4\n  br label %44\n"
    },
    {
        "unoptimized": "%53 = load i32, ptr %3, align 4\n  %54 = load ptr, ptr %2, align 8\n  %55 = getelementptr inbounds %struct.ptr_ring, ptr %54, i32 0, i32 3\n  %56 = load i32, ptr %55, align 4\n  %57 = icmp sge i32 %53, %56\n  %58 = zext i1 %57 to i32\n  %59 = call i64 @unlikely(i32 noundef %58)\n  %60 = icmp ne i64 %59, 0\n  br i1 %60, label %61, label %64\n",
        "optimized": "%45 = load i32, ptr %3, align 4\n  %46 = load ptr, ptr %2, align 8\n  %47 = getelementptr inbounds %struct.ptr_ring, ptr %46, i64 0, i32 3\n  %48 = load i32, ptr %47, align 4\n  %49 = icmp sge i32 %45, %48\n  %50 = zext i1 %49 to i32\n  %51 = call i64 @unlikely(i32 noundef %50) #2\n  %.not2 = icmp eq i64 %51, 0\n  br i1 %.not2, label %55, label %52\n"
    },
    {
        "unoptimized": "store i32 0, ptr %3, align 4\n  %62 = load ptr, ptr %2, align 8\n  %63 = getelementptr inbounds %struct.ptr_ring, ptr %62, i32 0, i32 1\n  store i32 0, ptr %63, align 4\n  br label %64\n",
        "optimized": "store i32 0, ptr %3, align 4\n  %53 = load ptr, ptr %2, align 8\n  %54 = getelementptr inbounds %struct.ptr_ring, ptr %53, i64 0, i32 1\n  store i32 0, ptr %54, align 4\n  br label %55\n"
    },
    {
        "unoptimized": "%65 = load ptr, ptr %2, align 8\n  %66 = getelementptr inbounds %struct.ptr_ring, ptr %65, i32 0, i32 0\n  %67 = load i32, ptr %66, align 8\n  %68 = load i32, ptr %3, align 4\n  %69 = call i32 @WRITE_ONCE(i32 noundef %67, i32 noundef %68)\n  ret void\n}",
        "optimized": "%56 = load ptr, ptr %2, align 8\n  %57 = load i32, ptr %56, align 8\n  %58 = load i32, ptr %3, align 4\n  %59 = call i32 @WRITE_ONCE(i32 noundef %57, i32 noundef %58) #2\n  ret void\n}"
    }
]