[
    {
        "unoptimized": "%2 = alloca ptr, align 8\n  store ptr %0, ptr %2, align 8\n  %3 = load ptr, ptr %2, align 8\n  %4 = getelementptr inbounds %struct.st_h2o_evloop_socket_t, ptr %3, i32 0, i32 0\n  %5 = load ptr, ptr %4, align 8\n  %6 = load ptr, ptr %2, align 8\n  %7 = icmp eq ptr %5, %6\n  br i1 %7, label %8, label %25\n",
        "optimized": "%2 = alloca ptr, align 8\n  store ptr %0, ptr %2, align 8\n  %3 = load ptr, ptr %0, align 8\n  %4 = icmp eq ptr %3, %0\n  br i1 %4, label %5, label %12\n"
    },
    {
        "unoptimized": "%9 = load ptr, ptr %2, align 8\n  %10 = getelementptr inbounds %struct.st_h2o_evloop_socket_t, ptr %9, i32 0, i32 0\n  store ptr null, ptr %10, align 8\n  %11 = load ptr, ptr %2, align 8\n  %12 = load ptr, ptr %2, align 8\n  %13 = getelementptr inbounds %struct.st_h2o_evloop_socket_t, ptr %12, i32 0, i32 1\n  %14 = load ptr, ptr %13, align 8\n  %15 = getelementptr inbounds %struct.TYPE_4__, ptr %14, i32 0, i32 0\n  %16 = getelementptr inbounds %struct.TYPE_3__, ptr %15, i32 0, i32 0\n  %17 = load ptr, ptr %16, align 8\n  store ptr %11, ptr %17, align 8\n  %18 = load ptr, ptr %2, align 8\n  %19 = getelementptr inbounds %struct.st_h2o_evloop_socket_t, ptr %18, i32 0, i32 0\n  %20 = load ptr, ptr %2, align 8\n  %21 = getelementptr inbounds %struct.st_h2o_evloop_socket_t, ptr %20, i32 0, i32 1\n  %22 = load ptr, ptr %21, align 8\n  %23 = getelementptr inbounds %struct.TYPE_4__, ptr %22, i32 0, i32 0\n  %24 = getelementptr inbounds %struct.TYPE_3__, ptr %23, i32 0, i32 0\n  store ptr %19, ptr %24, align 8\n  br label %25\n",
        "optimized": "%6 = load ptr, ptr %2, align 8\n  store ptr null, ptr %6, align 8\n  %7 = getelementptr inbounds %struct.st_h2o_evloop_socket_t, ptr %6, i64 0, i32 1\n  %8 = load ptr, ptr %7, align 8\n  %9 = load ptr, ptr %8, align 8\n  store ptr %6, ptr %9, align 8\n  %10 = getelementptr inbounds %struct.st_h2o_evloop_socket_t, ptr %6, i64 0, i32 1\n  %11 = load ptr, ptr %10, align 8\n  store ptr %6, ptr %11, align 8\n  br label %12\n"
    },
    {
        "unoptimized": "ret void\n}",
        "optimized": "ret void\n}"
    }
]