[
    {
        "unoptimized": "%3 = alloca ptr, align 8\n  %4 = alloca ptr, align 8\n  %5 = alloca ptr, align 8\n  %6 = alloca ptr, align 8\n  store ptr %0, ptr %3, align 8\n  store ptr %1, ptr %4, align 8\n  %7 = load ptr, ptr %3, align 8\n  %8 = call i64 @h2o_create_filter(ptr noundef %7, i32 noundef 16)\n  %9 = inttoptr i64 %8 to ptr\n  store ptr %9, ptr %5, align 8\n  %10 = load i32, ptr @on_setup_ostream, align 4\n  %11 = load ptr, ptr %5, align 8\n  %12 = getelementptr inbounds %struct.st_headers_filter_t, ptr %11, i32 0, i32 1\n  %13 = getelementptr inbounds %struct.TYPE_9__, ptr %12, i32 0, i32 1\n  store i32 %10, ptr %13, align 4\n  %14 = load i32, ptr @on_informational, align 4\n  %15 = load ptr, ptr %5, align 8\n  %16 = getelementptr inbounds %struct.st_headers_filter_t, ptr %15, i32 0, i32 1\n  %17 = getelementptr inbounds %struct.TYPE_9__, ptr %16, i32 0, i32 0\n  store i32 %14, ptr %17, align 8\n  %18 = load ptr, ptr %4, align 8\n  %19 = load ptr, ptr %5, align 8\n  %20 = getelementptr inbounds %struct.st_headers_filter_t, ptr %19, i32 0, i32 0\n  store ptr %18, ptr %20, align 8\n  %21 = load ptr, ptr %5, align 8\n  %22 = call i64 @requires_early_hints_handler(ptr noundef %21)\n  %23 = icmp ne i64 %22, 0\n  br i1 %23, label %24, label %60\n",
        "optimized": "%3 = alloca ptr, align 8\n  %4 = alloca ptr, align 8\n  %5 = alloca ptr, align 8\n  %6 = alloca ptr, align 8\n  store ptr %0, ptr %3, align 8\n  store ptr %1, ptr %4, align 8\n  %7 = call i64 @h2o_create_filter(ptr noundef %0, i32 noundef 16) #2\n  %8 = inttoptr i64 %7 to ptr\n  store ptr %8, ptr %5, align 8\n  %9 = load i32, ptr @on_setup_ostream, align 4\n  %10 = getelementptr inbounds %struct.st_headers_filter_t, ptr %8, i64 0, i32 1, i32 1\n  store i32 %9, ptr %10, align 4\n  %11 = load i32, ptr @on_informational, align 4\n  %12 = getelementptr inbounds %struct.st_headers_filter_t, ptr %8, i64 0, i32 1\n  store i32 %11, ptr %12, align 8\n  %13 = load ptr, ptr %4, align 8\n  %14 = load ptr, ptr %5, align 8\n  store ptr %13, ptr %14, align 8\n  %15 = call i64 @requires_early_hints_handler(ptr noundef nonnull %14) #2\n  %.not = icmp eq i64 %15, 0\n  br i1 %.not, label %35, label %16\n"
    },
    {
        "unoptimized": "%25 = load ptr, ptr %3, align 8\n  %26 = call i64 @h2o_create_handler(ptr noundef %25, i32 noundef 16)\n  %27 = inttoptr i64 %26 to ptr\n  store ptr %27, ptr %6, align 8\n  %28 = load ptr, ptr %4, align 8\n  %29 = load ptr, ptr %6, align 8\n  %30 = getelementptr inbounds %struct.st_headers_early_hints_handler_t, ptr %29, i32 0, i32 1\n  store ptr %28, ptr %30, align 8\n  %31 = load i32, ptr @on_req, align 4\n  %32 = load ptr, ptr %6, align 8\n  %33 = getelementptr inbounds %struct.st_headers_early_hints_handler_t, ptr %32, i32 0, i32 0\n  %34 = getelementptr inbounds %struct.TYPE_12__, ptr %33, i32 0, i32 0\n  store i32 %31, ptr %34, align 8\n  %35 = load ptr, ptr %3, align 8\n  %36 = getelementptr inbounds %struct.TYPE_11__, ptr %35, i32 0, i32 0\n  %37 = getelementptr inbounds %struct.TYPE_10__, ptr %36, i32 0, i32 1\n  %38 = load ptr, ptr %37, align 8\n  %39 = getelementptr inbounds ptr, ptr %38, i64 1\n  %40 = load ptr, ptr %3, align 8\n  %41 = getelementptr inbounds %struct.TYPE_11__, ptr %40, i32 0, i32 0\n  %42 = getelementptr inbounds %struct.TYPE_10__, ptr %41, i32 0, i32 1\n  %43 = load ptr, ptr %42, align 8\n  %44 = load ptr, ptr %3, align 8\n  %45 = getelementptr inbounds %struct.TYPE_11__, ptr %44, i32 0, i32 0\n  %46 = getelementptr inbounds %struct.TYPE_10__, ptr %45, i32 0, i32 0\n  %47 = load i32, ptr %46, align 8\n  %48 = sub nsw i32 %47, 1\n  %49 = sext i32 %48 to i64\n  %50 = mul i64 8, %49\n  %51 = trunc i64 %50 to i32\n  %52 = call i32 @memmove(ptr noundef %39, ptr noundef %43, i32 noundef %51)\n  %53 = load ptr, ptr %6, align 8\n  %54 = getelementptr inbounds %struct.st_headers_early_hints_handler_t, ptr %53, i32 0, i32 0\n  %55 = load ptr, ptr %3, align 8\n  %56 = getelementptr inbounds %struct.TYPE_11__, ptr %55, i32 0, i32 0\n  %57 = getelementptr inbounds %struct.TYPE_10__, ptr %56, i32 0, i32 1\n  %58 = load ptr, ptr %57, align 8\n  %59 = getelementptr inbounds ptr, ptr %58, i64 0\n  store ptr %54, ptr %59, align 8\n  br label %60\n",
        "optimized": "%17 = load ptr, ptr %3, align 8\n  %18 = call i64 @h2o_create_handler(ptr noundef %17, i32 noundef 16) #2\n  %19 = inttoptr i64 %18 to ptr\n  store ptr %19, ptr %6, align 8\n  %20 = load ptr, ptr %4, align 8\n  %21 = getelementptr inbounds %struct.st_headers_early_hints_handler_t, ptr %19, i64 0, i32 1\n  store ptr %20, ptr %21, align 8\n  %22 = load i32, ptr @on_req, align 4\n  store i32 %22, ptr %19, align 8\n  %23 = load ptr, ptr %3, align 8\n  %24 = getelementptr inbounds %struct.TYPE_10__, ptr %23, i64 0, i32 1\n  %25 = load ptr, ptr %24, align 8\n  %26 = getelementptr inbounds ptr, ptr %25, i64 1\n  %27 = load i32, ptr %23, align 8\n  %28 = shl i32 %27, 3\n  %29 = add i32 %28, -8\n  %30 = call i32 @memmove(ptr noundef nonnull %26, ptr noundef %25, i32 noundef %29) #2\n  %31 = load ptr, ptr %6, align 8\n  %32 = load ptr, ptr %3, align 8\n  %33 = getelementptr inbounds %struct.TYPE_10__, ptr %32, i64 0, i32 1\n  %34 = load ptr, ptr %33, align 8\n  store ptr %31, ptr %34, align 8\n  br label %35\n"
    },
    {
        "unoptimized": "ret void\n}",
        "optimized": "ret void\n}"
    }
]