[
    {
        "unoptimized": "%6 = alloca ptr, align 8\n  %7 = alloca ptr, align 8\n  %8 = alloca ptr, align 8\n  %9 = alloca ptr, align 8\n  %10 = alloca i32, align 4\n  %11 = alloca ptr, align 8\n  %12 = alloca ptr, align 8\n  %13 = alloca i32, align 4\n  %14 = alloca i32, align 4\n  store ptr %0, ptr %7, align 8\n  store ptr %1, ptr %8, align 8\n  store ptr %2, ptr %9, align 8\n  store i32 %3, ptr %10, align 4\n  store ptr %4, ptr %11, align 8\n  %15 = load ptr, ptr %8, align 8\n  %16 = load ptr, ptr %15, align 8\n  %17 = load ptr, ptr %9, align 8\n  %18 = icmp uge ptr %16, %17\n  br i1 %18, label %19, label %20\n",
        "optimized": "%6 = alloca ptr, align 8\n  %7 = alloca ptr, align 8\n  %8 = alloca ptr, align 8\n  %9 = alloca ptr, align 8\n  %10 = alloca i32, align 4\n  %11 = alloca ptr, align 8\n  %12 = alloca ptr, align 8\n  %13 = alloca i32, align 4\n  %14 = alloca i32, align 4\n  store ptr %0, ptr %7, align 8\n  store ptr %1, ptr %8, align 8\n  store ptr %2, ptr %9, align 8\n  store i32 %3, ptr %10, align 4\n  store ptr %4, ptr %11, align 8\n  %15 = load ptr, ptr %1, align 8\n  %.not = icmp ult ptr %15, %2\n  br i1 %.not, label %17, label %16\n"
    },
    {
        "unoptimized": "store ptr null, ptr %6, align 8\n  br label %133\n",
        "optimized": "store ptr null, ptr %6, align 8\n  br label %117\n"
    },
    {
        "unoptimized": "%21 = load ptr, ptr %8, align 8\n  %22 = load ptr, ptr %21, align 8\n  %23 = load i32, ptr %22, align 4\n  %24 = and i32 %23, 128\n  %25 = icmp ne i32 %24, 0\n  %26 = zext i1 %25 to i32\n  store i32 %26, ptr %13, align 4\n  %27 = load ptr, ptr %8, align 8\n  %28 = load ptr, ptr %9, align 8\n  %29 = call i32 @h2o_hpack_decode_int(ptr noundef %27, ptr noundef %28, i32 noundef 7)\n  store i32 %29, ptr %14, align 4\n  %30 = icmp slt i32 %29, 0\n  br i1 %30, label %31, label %32\n",
        "optimized": "%18 = load ptr, ptr %8, align 8\n  %19 = load ptr, ptr %18, align 8\n  %20 = load i32, ptr %19, align 4\n  %21 = lshr i32 %20, 7\n  %.lobit = and i32 %21, 1\n  store i32 %.lobit, ptr %13, align 4\n  %22 = load ptr, ptr %9, align 8\n  %23 = call i32 @h2o_hpack_decode_int(ptr noundef nonnull %18, ptr noundef %22, i32 noundef 7) #2\n  store i32 %23, ptr %14, align 4\n  %24 = icmp slt i32 %23, 0\n  br i1 %24, label %25, label %26\n"
    },
    {
        "unoptimized": "store ptr null, ptr %6, align 8\n  br label %133\n",
        "optimized": "store ptr null, ptr %6, align 8\n  br label %117\n"
    },
    {
        "unoptimized": "%33 = load i32, ptr %13, align 4\n  %34 = icmp ne i32 %33, 0\n  br i1 %34, label %35, label %74\n",
        "optimized": "%27 = load i32, ptr %13, align 4\n  %.not1 = icmp eq i32 %27, 0\n  br i1 %.not1, label %63, label %28\n"
    },
    {
        "unoptimized": "%36 = load i32, ptr %14, align 4\n  %37 = sext i32 %36 to i64\n  %38 = load ptr, ptr %9, align 8\n  %39 = load ptr, ptr %8, align 8\n  %40 = load ptr, ptr %39, align 8\n  %41 = ptrtoint ptr %38 to i64\n  %42 = ptrtoint ptr %40 to i64\n  %43 = sub i64 %41, %42\n  %44 = sdiv exact i64 %43, 4\n  %45 = icmp sgt i64 %37, %44\n  br i1 %45, label %46, label %47\n",
        "optimized": "%29 = load i32, ptr %14, align 4\n  %30 = sext i32 %29 to i64\n  %31 = load ptr, ptr %9, align 8\n  %32 = load ptr, ptr %8, align 8\n  %33 = load ptr, ptr %32, align 8\n  %34 = ptrtoint ptr %31 to i64\n  %35 = ptrtoint ptr %33 to i64\n  %36 = sub i64 %34, %35\n  %37 = ashr exact i64 %36, 2\n  %38 = icmp slt i64 %37, %30\n  br i1 %38, label %39, label %40\n"
    },
    {
        "unoptimized": "store ptr null, ptr %6, align 8\n  br label %133\n",
        "optimized": "store ptr null, ptr %6, align 8\n  br label %117\n"
    },
    {
        "unoptimized": "%48 = load ptr, ptr %7, align 8\n  %49 = load i32, ptr %14, align 4\n  %50 = mul nsw i32 %49, 2\n  %51 = call ptr @alloc_buf(ptr noundef %48, i32 noundef %50)\n  store ptr %51, ptr %12, align 8\n  %52 = load ptr, ptr %12, align 8\n  %53 = getelementptr inbounds %struct.TYPE_4__, ptr %52, i32 0, i32 1\n  %54 = load ptr, ptr %53, align 8\n  %55 = load ptr, ptr %8, align 8\n  %56 = load ptr, ptr %55, align 8\n  %57 = load i32, ptr %14, align 4\n  %58 = load i32, ptr %10, align 4\n  %59 = load ptr, ptr %11, align 8\n  %60 = call i64 @h2o_hpack_decode_huffman(ptr noundef %54, ptr noundef %56, i32 noundef %57, i32 noundef %58, ptr noundef %59)\n  %61 = load ptr, ptr %12, align 8\n  %62 = getelementptr inbounds %struct.TYPE_4__, ptr %61, i32 0, i32 0\n  store i64 %60, ptr %62, align 8\n  %63 = load i64, ptr @SIZE_MAX, align 8\n  %64 = icmp eq i64 %60, %63\n  br i1 %64, label %65, label %66\n",
        "optimized": "%41 = load ptr, ptr %7, align 8\n  %42 = load i32, ptr %14, align 4\n  %43 = shl nsw i32 %42, 1\n  %44 = call ptr @alloc_buf(ptr noundef %41, i32 noundef %43) #2\n  store ptr %44, ptr %12, align 8\n  %45 = getelementptr inbounds %struct.TYPE_4__, ptr %44, i64 0, i32 1\n  %46 = load ptr, ptr %45, align 8\n  %47 = load ptr, ptr %8, align 8\n  %48 = load ptr, ptr %47, align 8\n  %49 = load i32, ptr %14, align 4\n  %50 = load i32, ptr %10, align 4\n  %51 = load ptr, ptr %11, align 8\n  %52 = call i64 @h2o_hpack_decode_huffman(ptr noundef %46, ptr noundef %48, i32 noundef %49, i32 noundef %50, ptr noundef %51) #2\n  %53 = load ptr, ptr %12, align 8\n  store i64 %52, ptr %53, align 8\n  %54 = load i64, ptr @SIZE_MAX, align 8\n  %55 = icmp eq i64 %52, %54\n  br i1 %55, label %56, label %57\n"
    },
    {
        "unoptimized": "store ptr null, ptr %6, align 8\n  br label %133\n",
        "optimized": "store ptr null, ptr %6, align 8\n  br label %117\n"
    },
    {
        "unoptimized": "%67 = load ptr, ptr %12, align 8\n  %68 = getelementptr inbounds %struct.TYPE_4__, ptr %67, i32 0, i32 1\n  %69 = load ptr, ptr %68, align 8\n  %70 = load ptr, ptr %12, align 8\n  %71 = getelementptr inbounds %struct.TYPE_4__, ptr %70, i32 0, i32 0\n  %72 = load i64, ptr %71, align 8\n  %73 = getelementptr inbounds i8, ptr %69, i64 %72\n  store i8 0, ptr %73, align 1\n  br label %126\n",
        "optimized": "%58 = load ptr, ptr %12, align 8\n  %59 = getelementptr inbounds %struct.TYPE_4__, ptr %58, i64 0, i32 1\n  %60 = load ptr, ptr %59, align 8\n  %61 = load i64, ptr %58, align 8\n  %62 = getelementptr inbounds i8, ptr %60, i64 %61\n  store i8 0, ptr %62, align 1\n  br label %110\n"
    },
    {
        "unoptimized": "%75 = load i32, ptr %14, align 4\n  %76 = sext i32 %75 to i64\n  %77 = load ptr, ptr %9, align 8\n  %78 = load ptr, ptr %8, align 8\n  %79 = load ptr, ptr %78, align 8\n  %80 = ptrtoint ptr %77 to i64\n  %81 = ptrtoint ptr %79 to i64\n  %82 = sub i64 %80, %81\n  %83 = sdiv exact i64 %82, 4\n  %84 = icmp sgt i64 %76, %83\n  br i1 %84, label %85, label %86\n",
        "optimized": "%64 = load i32, ptr %14, align 4\n  %65 = sext i32 %64 to i64\n  %66 = load ptr, ptr %9, align 8\n  %67 = load ptr, ptr %8, align 8\n  %68 = load ptr, ptr %67, align 8\n  %69 = ptrtoint ptr %66 to i64\n  %70 = ptrtoint ptr %68 to i64\n  %71 = sub i64 %69, %70\n  %72 = ashr exact i64 %71, 2\n  %73 = icmp slt i64 %72, %65\n  br i1 %73, label %74, label %75\n"
    },
    {
        "unoptimized": "store ptr null, ptr %6, align 8\n  br label %133\n",
        "optimized": "store ptr null, ptr %6, align 8\n  br label %117\n"
    },
    {
        "unoptimized": "%87 = load i32, ptr %10, align 4\n  %88 = icmp ne i32 %87, 0\n  br i1 %88, label %89, label %103\n",
        "optimized": "%76 = load i32, ptr %10, align 4\n  %.not2 = icmp eq i32 %76, 0\n  br i1 %.not2, label %89, label %77\n"
    },
    {
        "unoptimized": "%90 = load ptr, ptr %8, align 8\n  %91 = load ptr, ptr %90, align 8\n  %92 = load i32, ptr %91, align 4\n  %93 = icmp ne i32 %92, 58\n  br i1 %93, label %94, label %102\n",
        "optimized": "%78 = load ptr, ptr %8, align 8\n  %79 = load ptr, ptr %78, align 8\n  %80 = load i32, ptr %79, align 4\n  %.not3 = icmp eq i32 %80, 58\n  br i1 %.not3, label %88, label %81\n"
    },
    {
        "unoptimized": "%95 = load ptr, ptr %8, align 8\n  %96 = load ptr, ptr %95, align 8\n  %97 = load i32, ptr %14, align 4\n  %98 = load ptr, ptr %11, align 8\n  %99 = call i32 @h2o_hpack_validate_header_name(ptr noundef %96, i32 noundef %97, ptr noundef %98)\n  %100 = icmp ne i32 %99, 0\n  br i1 %100, label %102, label %101\n",
        "optimized": "%82 = load ptr, ptr %8, align 8\n  %83 = load ptr, ptr %82, align 8\n  %84 = load i32, ptr %14, align 4\n  %85 = load ptr, ptr %11, align 8\n  %86 = call i32 @h2o_hpack_validate_header_name(ptr noundef %83, i32 noundef %84, ptr noundef %85) #2\n  %.not4 = icmp eq i32 %86, 0\n  br i1 %.not4, label %87, label %88\n"
    },
    {
        "unoptimized": "store ptr null, ptr %6, align 8\n  br label %133\n",
        "optimized": "store ptr null, ptr %6, align 8\n  br label %117\n"
    },
    {
        "unoptimized": "br label %109\n",
        "optimized": "br label %95\n"
    },
    {
        "unoptimized": "%104 = load ptr, ptr %8, align 8\n  %105 = load ptr, ptr %104, align 8\n  %106 = load i32, ptr %14, align 4\n  %107 = load ptr, ptr %11, align 8\n  %108 = call i32 @h2o_hpack_validate_header_value(ptr noundef %105, i32 noundef %106, ptr noundef %107)\n  br label %109\n",
        "optimized": "%90 = load ptr, ptr %8, align 8\n  %91 = load ptr, ptr %90, align 8\n  %92 = load i32, ptr %14, align 4\n  %93 = load ptr, ptr %11, align 8\n  %94 = call i32 @h2o_hpack_validate_header_value(ptr noundef %91, i32 noundef %92, ptr noundef %93) #2\n  br label %95\n"
    },
    {
        "unoptimized": "%110 = load ptr, ptr %7, align 8\n  %111 = load i32, ptr %14, align 4\n  %112 = call ptr @alloc_buf(ptr noundef %110, i32 noundef %111)\n  store ptr %112, ptr %12, align 8\n  %113 = load ptr, ptr %12, align 8\n  %114 = getelementptr inbounds %struct.TYPE_4__, ptr %113, i32 0, i32 1\n  %115 = load ptr, ptr %114, align 8\n  %116 = load ptr, ptr %8, align 8\n  %117 = load ptr, ptr %116, align 8\n  %118 = load i32, ptr %14, align 4\n  %119 = call i32 @memcpy(ptr noundef %115, ptr noundef %117, i32 noundef %118)\n  %120 = load ptr, ptr %12, align 8\n  %121 = getelementptr inbounds %struct.TYPE_4__, ptr %120, i32 0, i32 1\n  %122 = load ptr, ptr %121, align 8\n  %123 = load i32, ptr %14, align 4\n  %124 = sext i32 %123 to i64\n  %125 = getelementptr inbounds i8, ptr %122, i64 %124\n  store i8 0, ptr %125, align 1\n  br label %126\n",
        "optimized": "%96 = load ptr, ptr %7, align 8\n  %97 = load i32, ptr %14, align 4\n  %98 = call ptr @alloc_buf(ptr noundef %96, i32 noundef %97) #2\n  store ptr %98, ptr %12, align 8\n  %99 = getelementptr inbounds %struct.TYPE_4__, ptr %98, i64 0, i32 1\n  %100 = load ptr, ptr %99, align 8\n  %101 = load ptr, ptr %8, align 8\n  %102 = load ptr, ptr %101, align 8\n  %103 = load i32, ptr %14, align 4\n  %104 = call i32 @memcpy(ptr noundef %100, ptr noundef %102, i32 noundef %103) #2\n  %105 = load ptr, ptr %12, align 8\n  %106 = getelementptr inbounds %struct.TYPE_4__, ptr %105, i64 0, i32 1\n  %107 = load ptr, ptr %106, align 8\n  %108 = sext i32 %103 to i64\n  %109 = getelementptr inbounds i8, ptr %107, i64 %108\n  store i8 0, ptr %109, align 1\n  br label %110\n"
    },
    {
        "unoptimized": "%127 = load i32, ptr %14, align 4\n  %128 = load ptr, ptr %8, align 8\n  %129 = load ptr, ptr %128, align 8\n  %130 = sext i32 %127 to i64\n  %131 = getelementptr inbounds i32, ptr %129, i64 %130\n  store ptr %131, ptr %128, align 8\n  %132 = load ptr, ptr %12, align 8\n  store ptr %132, ptr %6, align 8\n  br label %133\n",
        "optimized": "%111 = load i32, ptr %14, align 4\n  %112 = load ptr, ptr %8, align 8\n  %113 = load ptr, ptr %112, align 8\n  %114 = sext i32 %111 to i64\n  %115 = getelementptr inbounds i32, ptr %113, i64 %114\n  store ptr %115, ptr %112, align 8\n  %116 = load ptr, ptr %12, align 8\n  store ptr %116, ptr %6, align 8\n  br label %117\n"
    },
    {
        "unoptimized": "%134 = load ptr, ptr %6, align 8\n  ret ptr %134\n}",
        "optimized": "%118 = load ptr, ptr %6, align 8\n  ret ptr %118\n}"
    }
]