[
    {
        "unoptimized": "%4 = alloca ptr, align 8\n  %5 = alloca i32, align 4\n  %6 = alloca i32, align 4\n  store ptr %0, ptr %4, align 8\n  store i32 %1, ptr %5, align 4\n  store i32 %2, ptr %6, align 4\n  %7 = load i32, ptr %5, align 4\n  %8 = load i32, ptr %6, align 4\n  %9 = call i64 @encode_int_is_onebyte(i32 noundef %7, i32 noundef %8)\n  %10 = icmp ne i64 %9, 0\n  br i1 %10, label %11, label %17\n",
        "optimized": "%4 = alloca ptr, align 8\n  %5 = alloca i32, align 4\n  %6 = alloca i32, align 4\n  store ptr %0, ptr %4, align 8\n  store i32 %1, ptr %5, align 4\n  store i32 %2, ptr %6, align 4\n  %7 = call i64 @encode_int_is_onebyte(i32 noundef %1, i32 noundef %2) #2\n  %.not = icmp eq i64 %7, 0\n  br i1 %.not, label %14, label %8\n"
    },
    {
        "unoptimized": "%12 = load i32, ptr %5, align 4\n  %13 = load ptr, ptr %4, align 8\n  %14 = getelementptr inbounds i32, ptr %13, i32 1\n  store ptr %14, ptr %4, align 8\n  %15 = load i32, ptr %13, align 4\n  %16 = or i32 %15, %12\n  store i32 %16, ptr %13, align 4\n  br label %49\n",
        "optimized": "%9 = load i32, ptr %5, align 4\n  %10 = load ptr, ptr %4, align 8\n  %11 = getelementptr inbounds i32, ptr %10, i64 1\n  store ptr %11, ptr %4, align 8\n  %12 = load i32, ptr %10, align 4\n  %13 = or i32 %12, %9\n  store i32 %13, ptr %10, align 4\n  br label %42\n"
    },
    {
        "unoptimized": "%18 = load i32, ptr %5, align 4\n  %19 = icmp sge i32 %18, 0\n  %20 = zext i1 %19 to i32\n  %21 = call i32 @assert(i32 noundef %20)\n  %22 = load i32, ptr %6, align 4\n  %23 = shl i32 1, %22\n  %24 = sub nsw i32 %23, 1\n  %25 = load i32, ptr %5, align 4\n  %26 = sub nsw i32 %25, %24\n  store i32 %26, ptr %5, align 4\n  %27 = load i32, ptr %6, align 4\n  %28 = shl i32 1, %27\n  %29 = sub nsw i32 %28, 1\n  %30 = load ptr, ptr %4, align 8\n  %31 = getelementptr inbounds i32, ptr %30, i32 1\n  store ptr %31, ptr %4, align 8\n  %32 = load i32, ptr %30, align 4\n  %33 = or i32 %32, %29\n  store i32 %33, ptr %30, align 4\n  br label %34\n",
        "optimized": "%15 = load i32, ptr %5, align 4\n  %16 = icmp sgt i32 %15, -1\n  %17 = zext i1 %16 to i32\n  %18 = call i32 @assert(i32 noundef %17) #2\n  %19 = load i32, ptr %6, align 4\n  %notmask = shl nsw i32 -1, %19\n  %.neg = add nsw i32 %notmask, 1\n  %20 = load i32, ptr %5, align 4\n  %21 = add i32 %.neg, %20\n  store i32 %21, ptr %5, align 4\n  %notmask1 = shl nsw i32 -1, %19\n  %22 = xor i32 %notmask1, -1\n  %23 = load ptr, ptr %4, align 8\n  %24 = getelementptr inbounds i32, ptr %23, i64 1\n  store ptr %24, ptr %4, align 8\n  %25 = load i32, ptr %23, align 4\n  %26 = or i32 %25, %22\n  store i32 %26, ptr %23, align 4\n  br label %27\n"
    },
    {
        "unoptimized": "%35 = load i32, ptr %5, align 4\n  %36 = icmp sge i32 %35, 128\n  br i1 %36, label %37, label %45\n",
        "optimized": "%28 = load i32, ptr %5, align 4\n  %29 = icmp sgt i32 %28, 127\n  br i1 %29, label %30, label %38\n"
    },
    {
        "unoptimized": "%38 = load i32, ptr %5, align 4\n  %39 = or i32 128, %38\n  %40 = load ptr, ptr %4, align 8\n  %41 = getelementptr inbounds i32, ptr %40, i32 1\n  store ptr %41, ptr %4, align 8\n  store i32 %39, ptr %40, align 4\n  br label %42\n",
        "optimized": "%31 = load i32, ptr %5, align 4\n  %32 = or i32 %31, 128\n  %33 = load ptr, ptr %4, align 8\n  %34 = getelementptr inbounds i32, ptr %33, i64 1\n  store ptr %34, ptr %4, align 8\n  store i32 %32, ptr %33, align 4\n  br label %35\n"
    },
    {
        "unoptimized": "%43 = load i32, ptr %5, align 4\n  %44 = ashr i32 %43, 7\n  store i32 %44, ptr %5, align 4\n  br label %34, !llvm.loop !6\n",
        "optimized": "%36 = load i32, ptr %5, align 4\n  %37 = ashr i32 %36, 7\n  store i32 %37, ptr %5, align 4\n  br label %27, !llvm.loop !6\n"
    },
    {
        "unoptimized": "%46 = load i32, ptr %5, align 4\n  %47 = load ptr, ptr %4, align 8\n  %48 = getelementptr inbounds i32, ptr %47, i32 1\n  store ptr %48, ptr %4, align 8\n  store i32 %46, ptr %47, align 4\n  br label %49\n",
        "optimized": "%39 = load i32, ptr %5, align 4\n  %40 = load ptr, ptr %4, align 8\n  %41 = getelementptr inbounds i32, ptr %40, i64 1\n  store ptr %41, ptr %4, align 8\n  store i32 %39, ptr %40, align 4\n  br label %42\n"
    },
    {
        "unoptimized": "%50 = load ptr, ptr %4, align 8\n  ret ptr %50\n}",
        "optimized": "%43 = load ptr, ptr %4, align 8\n  ret ptr %43\n}"
    }
]