[
    {
        "unoptimized": "%2 = alloca ptr, align 8\n  store ptr %0, ptr %2, align 8\n  %3 = load ptr, ptr %2, align 8\n  %4 = getelementptr inbounds %struct.TYPE_5__, ptr %3, i32 0, i32 0\n  %5 = load ptr, ptr %4, align 8\n  %6 = icmp eq ptr %5, null\n  br i1 %6, label %7, label %10\n",
        "optimized": "%2 = alloca ptr, align 8\n  store ptr %0, ptr %2, align 8\n  %3 = load ptr, ptr %0, align 8\n  %4 = icmp eq ptr %3, null\n  br i1 %4, label %5, label %8\n"
    },
    {
        "unoptimized": "%8 = load ptr, ptr %2, align 8\n  %9 = call i32 @dispose_socket(ptr noundef %8, i32 noundef 0)\n  br label %13\n",
        "optimized": "%6 = load ptr, ptr %2, align 8\n  %7 = call i32 @dispose_socket(ptr noundef %6, i32 noundef 0) #2\n  br label %11\n"
    },
    {
        "unoptimized": "%11 = load ptr, ptr %2, align 8\n  %12 = call i32 @shutdown_ssl(ptr noundef %11, i32 noundef 0)\n  br label %13\n",
        "optimized": "%9 = load ptr, ptr %2, align 8\n  %10 = call i32 @shutdown_ssl(ptr noundef %9, i32 noundef 0) #2\n  br label %11\n"
    },
    {
        "unoptimized": "ret void\n}",
        "optimized": "ret void\n}"
    }
]