[
    {
        "unoptimized": "%2 = alloca i32, align 4\n  %3 = alloca ptr, align 8\n  %4 = alloca i32, align 4\n  %5 = alloca i8, align 1\n  %6 = alloca i8, align 1\n  store ptr %0, ptr %3, align 8\n  store i32 0, ptr %4, align 4\n  %7 = load ptr, ptr %3, align 8\n  %8 = load i8, ptr %7, align 1\n  %9 = sext i8 %8 to i32\n  %10 = icmp eq i32 %9, 45\n  %11 = zext i1 %10 to i32\n  %12 = trunc i32 %11 to i8\n  store i8 %12, ptr %6, align 1\n  %13 = load i8, ptr %6, align 1\n  %14 = sext i8 %13 to i32\n  %15 = icmp ne i32 %14, 0\n  br i1 %15, label %16, label %21\n",
        "optimized": "%2 = alloca ptr, align 8\n  %3 = alloca i32, align 4\n  %4 = alloca i8, align 1\n  %5 = alloca i8, align 1\n  store ptr %0, ptr %2, align 8\n  store i32 0, ptr %3, align 4\n  %6 = load i8, ptr %0, align 1\n  %7 = icmp eq i8 %6, 45\n  %8 = zext i1 %7 to i8\n  store i8 %8, ptr %5, align 1\n  br i1 %7, label %9, label %12\n"
    },
    {
        "unoptimized": "%17 = load ptr, ptr %3, align 8\n  %18 = getelementptr inbounds i8, ptr %17, i32 1\n  store ptr %18, ptr %3, align 8\n  %19 = load i8, ptr %18, align 1\n  %20 = sext i8 %19 to i32\n  br label %25\n",
        "optimized": "%10 = load ptr, ptr %2, align 8\n  %11 = getelementptr inbounds i8, ptr %10, i64 1\n  store ptr %11, ptr %2, align 8\n  br label %14\n"
    },
    {
        "unoptimized": "%22 = load ptr, ptr %3, align 8\n  %23 = load i8, ptr %22, align 1\n  %24 = sext i8 %23 to i32\n  br label %25\n",
        "optimized": "%13 = load ptr, ptr %2, align 8\n  br label %14\n"
    },
    {
        "unoptimized": "%26 = phi i32 [ %20, %16 ], [ %24, %21 ]\n  %27 = trunc i32 %26 to i8\n  store i8 %27, ptr %5, align 1\n  br label %28\n",
        "optimized": "%.in.in = phi ptr [ %11, %9 ], [ %13, %12 ]\n  br label %15\n"
    },
    {
        "unoptimized": "%29 = load i8, ptr %5, align 1\n  %30 = sext i8 %29 to i32\n  %31 = icmp sge i32 %30, 48\n  br i1 %31, label %32, label %36\n",
        "optimized": "%storemerge.in = phi ptr [ %.in.in, %14 ], [ %31, %29 ]\n  %storemerge = load i8, ptr %storemerge.in, align 1\n  store i8 %storemerge, ptr %4, align 1\n  %16 = icmp sgt i8 %storemerge, 47\n  br i1 %16, label %17, label %20\n"
    },
    {
        "unoptimized": "%33 = load i8, ptr %5, align 1\n  %34 = sext i8 %33 to i32\n  %35 = icmp sle i32 %34, 57\n  br label %36\n",
        "optimized": "%18 = load i8, ptr %4, align 1\n  %19 = icmp slt i8 %18, 58\n  br label %20\n"
    },
    {
        "unoptimized": "%37 = phi i1 [ false, %28 ], [ %35, %32 ]\n  br i1 %37, label %38, label %50\n",
        "optimized": "%21 = phi i1 [ false, %15 ], [ %19, %17 ]\n  br i1 %21, label %22, label %32\n"
    },
    {
        "unoptimized": "%39 = load i32, ptr %4, align 4\n  %40 = mul nsw i32 %39, 10\n  store i32 %40, ptr %4, align 4\n  %41 = load i8, ptr %5, align 1\n  %42 = sext i8 %41 to i32\n  %43 = sub nsw i32 %42, 48\n  %44 = load i32, ptr %4, align 4\n  %45 = add nsw i32 %44, %43\n  store i32 %45, ptr %4, align 4\n  br label %46\n",
        "optimized": "%23 = load i32, ptr %3, align 4\n  %24 = mul nsw i32 %23, 10\n  store i32 %24, ptr %3, align 4\n  %25 = load i8, ptr %4, align 1\n  %26 = sext i8 %25 to i32\n  %27 = add nsw i32 %26, -48\n  %28 = add nsw i32 %24, %27\n  store i32 %28, ptr %3, align 4\n  br label %29\n"
    },
    {
        "unoptimized": "%47 = load ptr, ptr %3, align 8\n  %48 = getelementptr inbounds i8, ptr %47, i32 1\n  store ptr %48, ptr %3, align 8\n  %49 = load i8, ptr %48, align 1\n  store i8 %49, ptr %5, align 1\n  br label %28, !llvm.loop !6\n",
        "optimized": "%30 = load ptr, ptr %2, align 8\n  %31 = getelementptr inbounds i8, ptr %30, i64 1\n  store ptr %31, ptr %2, align 8\n  br label %15, !llvm.loop !6\n"
    },
    {
        "unoptimized": "%51 = load i8, ptr %6, align 1\n  %52 = call i64 @unlikely(i8 noundef signext %51)\n  %53 = icmp ne i64 %52, 0\n  br i1 %53, label %54, label %57\n",
        "optimized": "%33 = load i8, ptr %5, align 1\n  %34 = call i64 @unlikely(i8 noundef signext %33) #2\n  %.not = icmp eq i64 %34, 0\n  br i1 %.not, label %38, label %35\n"
    },
    {
        "unoptimized": "%55 = load i32, ptr %4, align 4\n  %56 = sub nsw i32 0, %55\n  store i32 %56, ptr %2, align 4\n  br label %59\n",
        "optimized": "%36 = load i32, ptr %3, align 4\n  %37 = sub nsw i32 0, %36\n  br label %40\n"
    },
    {
        "unoptimized": "%58 = load i32, ptr %4, align 4\n  store i32 %58, ptr %2, align 4\n  br label %59\n",
        "optimized": "%39 = load i32, ptr %3, align 4\n  br label %40\n"
    },
    {
        "unoptimized": "%60 = load i32, ptr %2, align 4\n  ret i32 %60\n}",
        "optimized": "%storemerge2 = phi i32 [ %39, %38 ], [ %37, %35 ]\n  ret i32 %storemerge2\n}"
    }
]