[
    {
        "unoptimized": "%7 = alloca ptr, align 8\n  %8 = alloca ptr, align 8\n  %9 = alloca i64, align 8\n  %10 = alloca ptr, align 8\n  %11 = alloca ptr, align 8\n  %12 = alloca i32, align 4\n  %13 = alloca ptr, align 8\n  %14 = alloca i64, align 8\n  store ptr %0, ptr %8, align 8\n  store i64 %1, ptr %9, align 8\n  store ptr %2, ptr %10, align 8\n  store ptr %3, ptr %11, align 8\n  store i32 %4, ptr %12, align 4\n  store ptr %5, ptr %13, align 8\n  %15 = load ptr, ptr %10, align 8\n  %16 = load ptr, ptr %11, align 8\n  %17 = load i32, ptr %12, align 4\n  %18 = call i64 @decode_int(ptr noundef %14, ptr noundef %15, ptr noundef %16, i32 noundef %17)\n  %19 = icmp ne i64 %18, 0\n  br i1 %19, label %27, label %20\n",
        "optimized": "%7 = alloca ptr, align 8\n  %8 = alloca i64, align 8\n  %9 = alloca ptr, align 8\n  %10 = alloca i64, align 8\n  store ptr %0, ptr %7, align 8\n  store i64 %1, ptr %8, align 8\n  store ptr %5, ptr %9, align 8\n  %11 = call i64 @decode_int(ptr noundef nonnull %10, ptr noundef %2, ptr noundef %3, i32 noundef %4) #2\n  %.not = icmp eq i64 %11, 0\n  br i1 %.not, label %12, label %18\n"
    },
    {
        "unoptimized": "%21 = load i64, ptr %14, align 8\n  %22 = load i64, ptr @INT64_MAX, align 8\n  %23 = load i64, ptr %9, align 8\n  %24 = add nsw i64 %23, 1\n  %25 = sub nsw i64 %22, %24\n  %26 = icmp sgt i64 %21, %25\n  br i1 %26, label %27, label %30\n",
        "optimized": "%13 = load i64, ptr %10, align 8\n  %14 = load i64, ptr @INT64_MAX, align 8\n  %15 = load i64, ptr %8, align 8\n  %.neg = xor i64 %15, -1\n  %16 = add i64 %14, %.neg\n  %17 = icmp sgt i64 %13, %16\n  br i1 %17, label %18, label %21\n"
    },
    {
        "unoptimized": "%28 = load ptr, ptr @h2o_qpack_err_invalid_dynamic_reference, align 8\n  %29 = load ptr, ptr %13, align 8\n  store ptr %28, ptr %29, align 8\n  store ptr null, ptr %7, align 8\n  br label %38\n",
        "optimized": "%19 = load ptr, ptr @h2o_qpack_err_invalid_dynamic_reference, align 8\n  %20 = load ptr, ptr %9, align 8\n  store ptr %19, ptr %20, align 8\n  br label %29\n"
    },
    {
        "unoptimized": "%31 = load ptr, ptr %8, align 8\n  %32 = load i64, ptr %9, align 8\n  %33 = load i64, ptr %14, align 8\n  %34 = add nsw i64 %32, %33\n  %35 = add nsw i64 %34, 1\n  %36 = load ptr, ptr %13, align 8\n  %37 = call ptr @resolve_dynamic_abs(ptr noundef %31, i64 noundef %35, ptr noundef %36)\n  store ptr %37, ptr %7, align 8\n  br label %38\n",
        "optimized": "%22 = load ptr, ptr %7, align 8\n  %23 = load i64, ptr %8, align 8\n  %24 = load i64, ptr %10, align 8\n  %25 = add nsw i64 %23, %24\n  %26 = add nsw i64 %25, 1\n  %27 = load ptr, ptr %9, align 8\n  %28 = call ptr @resolve_dynamic_abs(ptr noundef %22, i64 noundef %26, ptr noundef %27) #2\n  br label %29\n"
    },
    {
        "unoptimized": "%39 = load ptr, ptr %7, align 8\n  ret ptr %39\n}",
        "optimized": "%storemerge = phi ptr [ %28, %21 ], [ null, %18 ]\n  ret ptr %storemerge\n}"
    }
]