[
    {
        "unoptimized": "%2 = alloca ptr, align 8\n  %3 = alloca ptr, align 8\n  store ptr %0, ptr %2, align 8\n  %4 = load ptr, ptr %2, align 8\n  %5 = getelementptr inbounds %struct.st_h2o_evloop_socket_t, ptr %4, i32 0, i32 0\n  %6 = load i32, ptr %5, align 8\n  %7 = call i64 @h2o_timerwheel_get_wake_at(i32 noundef %6)\n  %8 = load i64, ptr @UINT64_MAX, align 8\n  %9 = icmp eq i64 %7, %8\n  %10 = zext i1 %9 to i32\n  %11 = call i32 @assert(i32 noundef %10)\n  br label %12\n",
        "optimized": "%2 = alloca ptr, align 8\n  %3 = alloca ptr, align 8\n  store ptr %0, ptr %2, align 8\n  %4 = load i32, ptr %0, align 8\n  %5 = call i64 @h2o_timerwheel_get_wake_at(i32 noundef %4) #2\n  %6 = load i64, ptr @UINT64_MAX, align 8\n  %7 = icmp eq i64 %5, %6\n  %8 = zext i1 %7 to i32\n  %9 = call i32 @assert(i32 noundef %8) #2\n  br label %10\n"
    },
    {
        "unoptimized": "%13 = load ptr, ptr %2, align 8\n  %14 = getelementptr inbounds %struct.st_h2o_evloop_socket_t, ptr %13, i32 0, i32 5\n  %15 = load ptr, ptr %14, align 8\n  store ptr %15, ptr %3, align 8\n  %16 = icmp ne ptr %15, null\n  br i1 %16, label %17, label %28\n",
        "optimized": "%11 = load ptr, ptr %2, align 8\n  %12 = getelementptr inbounds %struct.st_h2o_evloop_socket_t, ptr %11, i64 0, i32 5\n  %13 = load ptr, ptr %12, align 8\n  store ptr %13, ptr %3, align 8\n  %.not = icmp eq ptr %13, null\n  br i1 %.not, label %23, label %14\n"
    },
    {
        "unoptimized": "%18 = load ptr, ptr %3, align 8\n  %19 = getelementptr inbounds %struct.st_h2o_evloop_socket_t, ptr %18, i32 0, i32 3\n  %20 = load ptr, ptr %19, align 8\n  %21 = load ptr, ptr %2, align 8\n  %22 = getelementptr inbounds %struct.st_h2o_evloop_socket_t, ptr %21, i32 0, i32 5\n  store ptr %20, ptr %22, align 8\n  %23 = load ptr, ptr %3, align 8\n  %24 = load ptr, ptr %3, align 8\n  %25 = getelementptr inbounds %struct.st_h2o_evloop_socket_t, ptr %24, i32 0, i32 3\n  store ptr %23, ptr %25, align 8\n  %26 = load ptr, ptr %3, align 8\n  %27 = call i32 @h2o_socket_close(ptr noundef %26)\n  br label %12, !llvm.loop !6\n",
        "optimized": "%15 = load ptr, ptr %3, align 8\n  %16 = getelementptr inbounds %struct.st_h2o_evloop_socket_t, ptr %15, i64 0, i32 3\n  %17 = load ptr, ptr %16, align 8\n  %18 = load ptr, ptr %2, align 8\n  %19 = getelementptr inbounds %struct.st_h2o_evloop_socket_t, ptr %18, i64 0, i32 5\n  store ptr %17, ptr %19, align 8\n  %20 = getelementptr inbounds %struct.st_h2o_evloop_socket_t, ptr %15, i64 0, i32 3\n  store ptr %15, ptr %20, align 8\n  %21 = load ptr, ptr %3, align 8\n  %22 = call i32 @h2o_socket_close(ptr noundef %21) #2\n  br label %10, !llvm.loop !6\n"
    },
    {
        "unoptimized": "br label %29\n",
        "optimized": "br label %24\n"
    },
    {
        "unoptimized": "%30 = load ptr, ptr %2, align 8\n  %31 = getelementptr inbounds %struct.st_h2o_evloop_socket_t, ptr %30, i32 0, i32 4\n  %32 = load ptr, ptr %31, align 8\n  store ptr %32, ptr %3, align 8\n  %33 = icmp ne ptr %32, null\n  br i1 %33, label %34, label %45\n",
        "optimized": "%25 = load ptr, ptr %2, align 8\n  %26 = getelementptr inbounds %struct.st_h2o_evloop_socket_t, ptr %25, i64 0, i32 4\n  %27 = load ptr, ptr %26, align 8\n  store ptr %27, ptr %3, align 8\n  %.not1 = icmp eq ptr %27, null\n  br i1 %.not1, label %37, label %28\n"
    },
    {
        "unoptimized": "%35 = load ptr, ptr %3, align 8\n  %36 = getelementptr inbounds %struct.st_h2o_evloop_socket_t, ptr %35, i32 0, i32 3\n  %37 = load ptr, ptr %36, align 8\n  %38 = load ptr, ptr %2, align 8\n  %39 = getelementptr inbounds %struct.st_h2o_evloop_socket_t, ptr %38, i32 0, i32 4\n  store ptr %37, ptr %39, align 8\n  %40 = load ptr, ptr %3, align 8\n  %41 = load ptr, ptr %3, align 8\n  %42 = getelementptr inbounds %struct.st_h2o_evloop_socket_t, ptr %41, i32 0, i32 3\n  store ptr %40, ptr %42, align 8\n  %43 = load ptr, ptr %3, align 8\n  %44 = call i32 @h2o_socket_close(ptr noundef %43)\n  br label %29, !llvm.loop !8\n",
        "optimized": "%29 = load ptr, ptr %3, align 8\n  %30 = getelementptr inbounds %struct.st_h2o_evloop_socket_t, ptr %29, i64 0, i32 3\n  %31 = load ptr, ptr %30, align 8\n  %32 = load ptr, ptr %2, align 8\n  %33 = getelementptr inbounds %struct.st_h2o_evloop_socket_t, ptr %32, i64 0, i32 4\n  store ptr %31, ptr %33, align 8\n  %34 = getelementptr inbounds %struct.st_h2o_evloop_socket_t, ptr %29, i64 0, i32 3\n  store ptr %29, ptr %34, align 8\n  %35 = load ptr, ptr %3, align 8\n  %36 = call i32 @h2o_socket_close(ptr noundef %35) #2\n  br label %24, !llvm.loop !8\n"
    },
    {
        "unoptimized": "br label %46\n",
        "optimized": "br label %38\n"
    },
    {
        "unoptimized": "%47 = load ptr, ptr %2, align 8\n  %48 = getelementptr inbounds %struct.st_h2o_evloop_socket_t, ptr %47, i32 0, i32 2\n  %49 = getelementptr inbounds %struct.TYPE_2__, ptr %48, i32 0, i32 0\n  %50 = load ptr, ptr %49, align 8\n  store ptr %50, ptr %3, align 8\n  %51 = icmp ne ptr %50, null\n  br i1 %51, label %52, label %61\n",
        "optimized": "%39 = load ptr, ptr %2, align 8\n  %40 = getelementptr inbounds %struct.st_h2o_evloop_socket_t, ptr %39, i64 0, i32 2\n  %41 = load ptr, ptr %40, align 8\n  store ptr %41, ptr %3, align 8\n  %.not2 = icmp eq ptr %41, null\n  br i1 %.not2, label %49, label %42\n"
    },
    {
        "unoptimized": "%53 = load ptr, ptr %3, align 8\n  %54 = getelementptr inbounds %struct.st_h2o_evloop_socket_t, ptr %53, i32 0, i32 1\n  %55 = load ptr, ptr %54, align 8\n  %56 = load ptr, ptr %2, align 8\n  %57 = getelementptr inbounds %struct.st_h2o_evloop_socket_t, ptr %56, i32 0, i32 2\n  %58 = getelementptr inbounds %struct.TYPE_2__, ptr %57, i32 0, i32 0\n  store ptr %55, ptr %58, align 8\n  %59 = load ptr, ptr %3, align 8\n  %60 = call i32 @free(ptr noundef %59)\n  br label %46, !llvm.loop !9\n",
        "optimized": "%43 = load ptr, ptr %3, align 8\n  %44 = getelementptr inbounds %struct.st_h2o_evloop_socket_t, ptr %43, i64 0, i32 1\n  %45 = load ptr, ptr %44, align 8\n  %46 = load ptr, ptr %2, align 8\n  %47 = getelementptr inbounds %struct.st_h2o_evloop_socket_t, ptr %46, i64 0, i32 2\n  store ptr %45, ptr %47, align 8\n  %48 = call i32 @free(ptr noundef %43) #2\n  br label %38, !llvm.loop !9\n"
    },
    {
        "unoptimized": "%62 = load ptr, ptr %2, align 8\n  %63 = call i32 @evloop_do_dispose(ptr noundef %62)\n  %64 = load ptr, ptr %2, align 8\n  %65 = getelementptr inbounds %struct.st_h2o_evloop_socket_t, ptr %64, i32 0, i32 0\n  %66 = load i32, ptr %65, align 8\n  %67 = call i32 @h2o_timerwheel_destroy(i32 noundef %66)\n  %68 = load ptr, ptr %2, align 8\n  %69 = call i32 @free(ptr noundef %68)\n  ret void\n}",
        "optimized": "%50 = load ptr, ptr %2, align 8\n  %51 = call i32 @evloop_do_dispose(ptr noundef %50) #2\n  %52 = load i32, ptr %50, align 8\n  %53 = call i32 @h2o_timerwheel_destroy(i32 noundef %52) #2\n  %54 = call i32 @free(ptr noundef nonnull %50) #2\n  ret void\n}"
    }
]