[
    {
        "unoptimized": "%6 = alloca %struct.printf_spec, align 4\n  %7 = alloca ptr, align 8\n  %8 = alloca ptr, align 8\n  %9 = alloca ptr, align 8\n  %10 = alloca ptr, align 8\n  %11 = alloca [37 x i8], align 16\n  %12 = alloca ptr, align 8\n  %13 = alloca i32, align 4\n  %14 = alloca ptr, align 8\n  %15 = alloca i32, align 4\n  %16 = getelementptr inbounds %struct.printf_spec, ptr %6, i32 0, i32 0\n  store i32 %3, ptr %16, align 4\n  store ptr %0, ptr %7, align 8\n  store ptr %1, ptr %8, align 8\n  store ptr %2, ptr %9, align 8\n  store ptr %4, ptr %10, align 8\n  %17 = getelementptr inbounds [37 x i8], ptr %11, i64 0, i64 0\n  store ptr %17, ptr %12, align 8\n  store ptr @uuid_string.be, ptr %14, align 8\n  store i32 0, ptr %15, align 4\n  %18 = load ptr, ptr %10, align 8\n  %19 = getelementptr inbounds i8, ptr %18, i32 1\n  store ptr %19, ptr %10, align 8\n  %20 = load i8, ptr %19, align 1\n  %21 = sext i8 %20 to i32\n  switch i32 %21, label %25 [\n    i32 76, label %22\n    i32 108, label %23\n    i32 66, label %24\n  ]\n",
        "optimized": "%6 = alloca %struct.printf_spec, align 4\n  %7 = alloca ptr, align 8\n  %8 = alloca ptr, align 8\n  %9 = alloca ptr, align 8\n  %10 = alloca [37 x i8], align 16\n  %11 = alloca ptr, align 8\n  %12 = alloca i32, align 4\n  %13 = alloca ptr, align 8\n  %14 = alloca i32, align 4\n  store i32 %3, ptr %6, align 4\n  store ptr %0, ptr %7, align 8\n  store ptr %1, ptr %8, align 8\n  store ptr %2, ptr %9, align 8\n  store ptr %10, ptr %11, align 8\n  store ptr @uuid_string.be, ptr %13, align 8\n  store i32 0, ptr %14, align 4\n  %15 = getelementptr inbounds i8, ptr %4, i64 1\n  %16 = load i8, ptr %15, align 1\n  %17 = sext i8 %16 to i32\n  switch i32 %17, label %21 [\n    i32 76, label %18\n    i32 108, label %19\n    i32 66, label %20\n  ]\n"
    },
    {
        "unoptimized": "store i32 1, ptr %15, align 4\n  br label %23\n",
        "optimized": "store i32 1, ptr %14, align 4\n  br label %19\n"
    },
    {
        "unoptimized": "store ptr @uuid_string.le, ptr %14, align 8\n  br label %25\n",
        "optimized": "store ptr @uuid_string.le, ptr %13, align 8\n  br label %21\n"
    },
    {
        "unoptimized": "store i32 1, ptr %15, align 4\n  br label %25\n",
        "optimized": "store i32 1, ptr %14, align 4\n  br label %21\n"
    },
    {
        "unoptimized": "store i32 0, ptr %13, align 4\n  br label %26\n",
        "optimized": "br label %22\n"
    },
    {
        "unoptimized": "%27 = load i32, ptr %13, align 4\n  %28 = icmp slt i32 %27, 16\n  br i1 %28, label %29, label %49\n",
        "optimized": "%storemerge = phi i32 [ 0, %21 ], [ %43, %41 ]\n  store i32 %storemerge, ptr %12, align 4\n  %23 = icmp slt i32 %storemerge, 16\n  br i1 %23, label %24, label %44\n"
    },
    {
        "unoptimized": "%30 = load ptr, ptr %12, align 8\n  %31 = load ptr, ptr %9, align 8\n  %32 = load ptr, ptr %14, align 8\n  %33 = load i32, ptr %13, align 4\n  %34 = sext i32 %33 to i64\n  %35 = getelementptr inbounds i32, ptr %32, i64 %34\n  %36 = load i32, ptr %35, align 4\n  %37 = sext i32 %36 to i64\n  %38 = getelementptr inbounds i32, ptr %31, i64 %37\n  %39 = load i32, ptr %38, align 4\n  %40 = call ptr @pack_hex_byte(ptr noundef %30, i32 noundef %39)\n  store ptr %40, ptr %12, align 8\n  %41 = load i32, ptr %13, align 4\n  switch i32 %41, label %45 [\n    i32 3, label %42\n    i32 5, label %42\n    i32 7, label %42\n    i32 9, label %42\n  ]\n",
        "optimized": "%25 = load ptr, ptr %11, align 8\n  %26 = load ptr, ptr %9, align 8\n  %27 = load ptr, ptr %13, align 8\n  %28 = load i32, ptr %12, align 4\n  %29 = sext i32 %28 to i64\n  %30 = getelementptr inbounds i32, ptr %27, i64 %29\n  %31 = load i32, ptr %30, align 4\n  %32 = sext i32 %31 to i64\n  %33 = getelementptr inbounds i32, ptr %26, i64 %32\n  %34 = load i32, ptr %33, align 4\n  %35 = call ptr @pack_hex_byte(ptr noundef %25, i32 noundef %34) #2\n  store ptr %35, ptr %11, align 8\n  %36 = load i32, ptr %12, align 4\n  switch i32 %36, label %40 [\n    i32 3, label %37\n    i32 5, label %37\n    i32 7, label %37\n    i32 9, label %37\n  ]\n"
    },
    {
        "unoptimized": "%43 = load ptr, ptr %12, align 8\n  %44 = getelementptr inbounds i8, ptr %43, i32 1\n  store ptr %44, ptr %12, align 8\n  store i8 45, ptr %43, align 1\n  br label %45\n",
        "optimized": "%38 = load ptr, ptr %11, align 8\n  %39 = getelementptr inbounds i8, ptr %38, i64 1\n  store ptr %39, ptr %11, align 8\n  store i8 45, ptr %38, align 1\n  br label %40\n"
    },
    {
        "unoptimized": "br label %46\n",
        "optimized": "br label %41\n"
    },
    {
        "unoptimized": "%47 = load i32, ptr %13, align 4\n  %48 = add nsw i32 %47, 1\n  store i32 %48, ptr %13, align 4\n  br label %26, !llvm.loop !6\n",
        "optimized": "%42 = load i32, ptr %12, align 4\n  %43 = add nsw i32 %42, 1\n  br label %22, !llvm.loop !6\n"
    },
    {
        "unoptimized": "%50 = load ptr, ptr %12, align 8\n  store i8 0, ptr %50, align 1\n  %51 = load i32, ptr %15, align 4\n  %52 = icmp ne i32 %51, 0\n  br i1 %52, label %53, label %66\n",
        "optimized": "%45 = load ptr, ptr %11, align 8\n  store i8 0, ptr %45, align 1\n  %46 = load i32, ptr %14, align 4\n  %.not = icmp eq i32 %46, 0\n  br i1 %.not, label %57, label %47\n"
    },
    {
        "unoptimized": "%54 = getelementptr inbounds [37 x i8], ptr %11, i64 0, i64 0\n  store ptr %54, ptr %12, align 8\n  br label %55\n",
        "optimized": "store ptr %10, ptr %11, align 8\n  br label %48\n"
    },
    {
        "unoptimized": "%56 = load ptr, ptr %12, align 8\n  %57 = load i8, ptr %56, align 1\n  %58 = call signext i8 @toupper(i8 noundef signext %57)\n  %59 = load ptr, ptr %12, align 8\n  store i8 %58, ptr %59, align 1\n  br label %60\n",
        "optimized": "%49 = load ptr, ptr %11, align 8\n  %50 = load i8, ptr %49, align 1\n  %51 = call signext i8 @toupper(i8 noundef signext %50) #2\n  store i8 %51, ptr %49, align 1\n  br label %52\n"
    },
    {
        "unoptimized": "%61 = load ptr, ptr %12, align 8\n  %62 = getelementptr inbounds i8, ptr %61, i32 1\n  store ptr %62, ptr %12, align 8\n  %63 = load i8, ptr %62, align 1\n  %64 = icmp ne i8 %63, 0\n  br i1 %64, label %55, label %65, !llvm.loop !8\n",
        "optimized": "%53 = load ptr, ptr %11, align 8\n  %54 = getelementptr inbounds i8, ptr %53, i64 1\n  store ptr %54, ptr %11, align 8\n  %55 = load i8, ptr %54, align 1\n  %.not1 = icmp eq i8 %55, 0\n  br i1 %.not1, label %56, label %48, !llvm.loop !8\n"
    },
    {
        "unoptimized": "br label %66\n",
        "optimized": "br label %57\n"
    },
    {
        "unoptimized": "%67 = load ptr, ptr %7, align 8\n  %68 = load ptr, ptr %8, align 8\n  %69 = getelementptr inbounds [37 x i8], ptr %11, i64 0, i64 0\n  %70 = getelementptr inbounds %struct.printf_spec, ptr %6, i32 0, i32 0\n  %71 = load i32, ptr %70, align 4\n  %72 = call ptr @string(ptr noundef %67, ptr noundef %68, ptr noundef %69, i32 %71)\n  ret ptr %72\n}",
        "optimized": "%58 = load ptr, ptr %7, align 8\n  %59 = load ptr, ptr %8, align 8\n  %60 = load i32, ptr %6, align 4\n  %61 = call ptr @string(ptr noundef %58, ptr noundef %59, ptr noundef nonnull %10, i32 %60) #2\n  ret ptr %61\n}"
    }
]