[
    {
        "unoptimized": "%8 = alloca ptr, align 8\n  %9 = alloca i32, align 4\n  %10 = alloca i32, align 4\n  %11 = alloca i32, align 4\n  %12 = alloca i32, align 4\n  %13 = alloca ptr, align 8\n  %14 = alloca i64, align 8\n  %15 = alloca i64, align 8\n  store ptr %0, ptr %8, align 8\n  store i32 %1, ptr %9, align 4\n  store i32 %2, ptr %10, align 4\n  store i32 %3, ptr %11, align 4\n  store i32 %4, ptr %12, align 4\n  store ptr %5, ptr %13, align 8\n  store i64 %6, ptr %14, align 8\n  %16 = load ptr, ptr @current, align 8\n  %17 = getelementptr inbounds %struct.TYPE_2__, ptr %16, i32 0, i32 0\n  %18 = load i32, ptr %17, align 4\n  %19 = call i64 @unlikely(i32 noundef %18)\n  %20 = icmp ne i64 %19, 0\n  br i1 %20, label %21, label %22\n",
        "optimized": "%8 = alloca ptr, align 8\n  %9 = alloca i32, align 4\n  %10 = alloca i32, align 4\n  %11 = alloca i32, align 4\n  %12 = alloca i32, align 4\n  %13 = alloca ptr, align 8\n  %14 = alloca i64, align 8\n  %15 = alloca i64, align 8\n  store ptr %0, ptr %8, align 8\n  store i32 %1, ptr %9, align 4\n  store i32 %2, ptr %10, align 4\n  store i32 %3, ptr %11, align 4\n  store i32 %4, ptr %12, align 4\n  store ptr %5, ptr %13, align 8\n  store i64 %6, ptr %14, align 8\n  %16 = load ptr, ptr @current, align 8\n  %17 = load i32, ptr %16, align 4\n  %18 = call i64 @unlikely(i32 noundef %17) #2\n  %.not = icmp eq i64 %18, 0\n  br i1 %.not, label %20, label %19\n"
    },
    {
        "unoptimized": "br label %51\n",
        "optimized": "br label %46\n"
    },
    {
        "unoptimized": "%23 = load i64, ptr %15, align 8\n  %24 = call i32 @raw_local_irq_save(i64 noundef %23)\n  %25 = load i64, ptr %15, align 8\n  %26 = call i32 @check_flags(i64 noundef %25)\n  %27 = load ptr, ptr @current, align 8\n  %28 = getelementptr inbounds %struct.TYPE_2__, ptr %27, i32 0, i32 0\n  store i32 1, ptr %28, align 4\n  %29 = load ptr, ptr %8, align 8\n  %30 = load i32, ptr %9, align 4\n  %31 = load i32, ptr %10, align 4\n  %32 = load i32, ptr %11, align 4\n  %33 = load i32, ptr %12, align 4\n  %34 = load ptr, ptr %13, align 8\n  %35 = load i64, ptr %14, align 8\n  %36 = call i32 @trace_lock_acquire(ptr noundef %29, i32 noundef %30, i32 noundef %31, i32 noundef %32, i32 noundef %33, ptr noundef %34, i64 noundef %35)\n  %37 = load ptr, ptr %8, align 8\n  %38 = load i32, ptr %9, align 4\n  %39 = load i32, ptr %10, align 4\n  %40 = load i32, ptr %11, align 4\n  %41 = load i32, ptr %12, align 4\n  %42 = load i64, ptr %15, align 8\n  %43 = call i32 @irqs_disabled_flags(i64 noundef %42)\n  %44 = load ptr, ptr %13, align 8\n  %45 = load i64, ptr %14, align 8\n  %46 = call i32 @__lock_acquire(ptr noundef %37, i32 noundef %38, i32 noundef %39, i32 noundef %40, i32 noundef %41, i32 noundef %43, ptr noundef %44, i64 noundef %45, i32 noundef 0, i32 noundef 0)\n  %47 = load ptr, ptr @current, align 8\n  %48 = getelementptr inbounds %struct.TYPE_2__, ptr %47, i32 0, i32 0\n  store i32 0, ptr %48, align 4\n  %49 = load i64, ptr %15, align 8\n  %50 = call i32 @raw_local_irq_restore(i64 noundef %49)\n  br label %51\n",
        "optimized": "%21 = load i64, ptr %15, align 8\n  %22 = call i32 @raw_local_irq_save(i64 noundef %21) #2\n  %23 = call i32 @check_flags(i64 noundef %21) #2\n  %24 = load ptr, ptr @current, align 8\n  store i32 1, ptr %24, align 4\n  %25 = load ptr, ptr %8, align 8\n  %26 = load i32, ptr %9, align 4\n  %27 = load i32, ptr %10, align 4\n  %28 = load i32, ptr %11, align 4\n  %29 = load i32, ptr %12, align 4\n  %30 = load ptr, ptr %13, align 8\n  %31 = load i64, ptr %14, align 8\n  %32 = call i32 @trace_lock_acquire(ptr noundef %25, i32 noundef %26, i32 noundef %27, i32 noundef %28, i32 noundef %29, ptr noundef %30, i64 noundef %31) #2\n  %33 = load ptr, ptr %8, align 8\n  %34 = load i32, ptr %9, align 4\n  %35 = load i32, ptr %10, align 4\n  %36 = load i32, ptr %11, align 4\n  %37 = load i32, ptr %12, align 4\n  %38 = load i64, ptr %15, align 8\n  %39 = call i32 @irqs_disabled_flags(i64 noundef %38) #2\n  %40 = load ptr, ptr %13, align 8\n  %41 = load i64, ptr %14, align 8\n  %42 = call i32 @__lock_acquire(ptr noundef %33, i32 noundef %34, i32 noundef %35, i32 noundef %36, i32 noundef %37, i32 noundef %39, ptr noundef %40, i64 noundef %41, i32 noundef 0, i32 noundef 0) #2\n  %43 = load ptr, ptr @current, align 8\n  store i32 0, ptr %43, align 4\n  %44 = load i64, ptr %15, align 8\n  %45 = call i32 @raw_local_irq_restore(i64 noundef %44) #2\n  br label %46\n"
    },
    {
        "unoptimized": "ret void\n}",
        "optimized": "ret void\n}"
    }
]