[
    {
        "unoptimized": "%6 = alloca i64, align 8\n  %7 = alloca ptr, align 8\n  %8 = alloca ptr, align 8\n  %9 = alloca i64, align 8\n  %10 = alloca i32, align 4\n  %11 = alloca ptr, align 8\n  %12 = alloca ptr, align 8\n  %13 = alloca ptr, align 8\n  %14 = alloca i32, align 4\n  %15 = alloca i32, align 4\n  %16 = alloca i32, align 4\n  store ptr %0, ptr %7, align 8\n  store ptr %1, ptr %8, align 8\n  store i64 %2, ptr %9, align 8\n  store i32 %3, ptr %10, align 4\n  store ptr %4, ptr %11, align 8\n  %17 = load ptr, ptr %7, align 8\n  store ptr %17, ptr %12, align 8\n  %18 = load ptr, ptr %8, align 8\n  %19 = load i64, ptr %9, align 8\n  %20 = getelementptr inbounds i32, ptr %18, i64 %19\n  store ptr %20, ptr %13, align 8\n  store i32 0, ptr %14, align 4\n  store i32 0, ptr %15, align 4\n  store i32 1, ptr %16, align 4\n  br label %21\n",
        "optimized": "%6 = alloca i64, align 8\n  %7 = alloca ptr, align 8\n  %8 = alloca ptr, align 8\n  %9 = alloca i32, align 4\n  %10 = alloca ptr, align 8\n  %11 = alloca ptr, align 8\n  %12 = alloca ptr, align 8\n  %13 = alloca i32, align 4\n  %14 = alloca i32, align 4\n  %15 = alloca i32, align 4\n  store ptr %0, ptr %7, align 8\n  store ptr %1, ptr %8, align 8\n  store i32 %3, ptr %9, align 4\n  store ptr %4, ptr %10, align 8\n  store ptr %0, ptr %11, align 8\n  %16 = getelementptr inbounds i32, ptr %1, i64 %2\n  store ptr %16, ptr %12, align 8\n  store i32 0, ptr %13, align 4\n  store i32 0, ptr %14, align 4\n  store i32 1, ptr %15, align 4\n  br label %17\n"
    },
    {
        "unoptimized": "%22 = load ptr, ptr %8, align 8\n  %23 = load ptr, ptr %13, align 8\n  %24 = icmp ult ptr %22, %23\n  br i1 %24, label %25, label %47\n",
        "optimized": "%18 = load ptr, ptr %8, align 8\n  %19 = load ptr, ptr %12, align 8\n  %20 = icmp ult ptr %18, %19\n  br i1 %20, label %21, label %43\n"
    },
    {
        "unoptimized": "%26 = load ptr, ptr %12, align 8\n  %27 = load ptr, ptr %8, align 8\n  %28 = load i32, ptr %27, align 4\n  %29 = ashr i32 %28, 4\n  %30 = call ptr @huffdecode4(ptr noundef %26, i32 noundef %29, ptr noundef %14, ptr noundef %16, ptr noundef %15)\n  store ptr %30, ptr %12, align 8\n  %31 = icmp eq ptr %30, null\n  br i1 %31, label %32, label %34\n",
        "optimized": "%22 = load ptr, ptr %11, align 8\n  %23 = load ptr, ptr %8, align 8\n  %24 = load i32, ptr %23, align 4\n  %25 = ashr i32 %24, 4\n  %26 = call ptr @huffdecode4(ptr noundef %22, i32 noundef %25, ptr noundef nonnull %13, ptr noundef nonnull %15, ptr noundef nonnull %14) #2\n  store ptr %26, ptr %11, align 8\n  %27 = icmp eq ptr %26, null\n  br i1 %27, label %28, label %30\n"
    },
    {
        "unoptimized": "%33 = load i64, ptr @SIZE_MAX, align 8\n  store i64 %33, ptr %6, align 8\n  br label %101\n",
        "optimized": "%29 = load i64, ptr @SIZE_MAX, align 8\n  store i64 %29, ptr %6, align 8\n  br label %89\n"
    },
    {
        "unoptimized": "%35 = load ptr, ptr %12, align 8\n  %36 = load ptr, ptr %8, align 8\n  %37 = load i32, ptr %36, align 4\n  %38 = and i32 %37, 15\n  %39 = call ptr @huffdecode4(ptr noundef %35, i32 noundef %38, ptr noundef %14, ptr noundef %16, ptr noundef %15)\n  store ptr %39, ptr %12, align 8\n  %40 = icmp eq ptr %39, null\n  br i1 %40, label %41, label %43\n",
        "optimized": "%31 = load ptr, ptr %11, align 8\n  %32 = load ptr, ptr %8, align 8\n  %33 = load i32, ptr %32, align 4\n  %34 = and i32 %33, 15\n  %35 = call ptr @huffdecode4(ptr noundef %31, i32 noundef %34, ptr noundef nonnull %13, ptr noundef nonnull %15, ptr noundef nonnull %14) #2\n  store ptr %35, ptr %11, align 8\n  %36 = icmp eq ptr %35, null\n  br i1 %36, label %37, label %39\n"
    },
    {
        "unoptimized": "%42 = load i64, ptr @SIZE_MAX, align 8\n  store i64 %42, ptr %6, align 8\n  br label %101\n",
        "optimized": "%38 = load i64, ptr @SIZE_MAX, align 8\n  store i64 %38, ptr %6, align 8\n  br label %89\n"
    },
    {
        "unoptimized": "br label %44\n",
        "optimized": "br label %40\n"
    },
    {
        "unoptimized": "%45 = load ptr, ptr %8, align 8\n  %46 = getelementptr inbounds i32, ptr %45, i32 1\n  store ptr %46, ptr %8, align 8\n  br label %21, !llvm.loop !6\n",
        "optimized": "%41 = load ptr, ptr %8, align 8\n  %42 = getelementptr inbounds i32, ptr %41, i64 1\n  store ptr %42, ptr %8, align 8\n  br label %17, !llvm.loop !6\n"
    },
    {
        "unoptimized": "%48 = load i32, ptr %16, align 4\n  %49 = icmp ne i32 %48, 0\n  br i1 %49, label %52, label %50\n",
        "optimized": "%44 = load i32, ptr %15, align 4\n  %.not = icmp eq i32 %44, 0\n  br i1 %.not, label %45, label %47\n"
    },
    {
        "unoptimized": "%51 = load i64, ptr @SIZE_MAX, align 8\n  store i64 %51, ptr %6, align 8\n  br label %101\n",
        "optimized": "%46 = load i64, ptr @SIZE_MAX, align 8\n  store i64 %46, ptr %6, align 8\n  br label %89\n"
    },
    {
        "unoptimized": "%53 = load i32, ptr %10, align 4\n  %54 = icmp ne i32 %53, 0\n  br i1 %54, label %55, label %86\n",
        "optimized": "%48 = load i32, ptr %9, align 4\n  %.not1 = icmp eq i32 %48, 0\n  br i1 %.not1, label %75, label %49\n"
    },
    {
        "unoptimized": "%56 = load ptr, ptr %12, align 8\n  %57 = load ptr, ptr %7, align 8\n  %58 = icmp eq ptr %56, %57\n  br i1 %58, label %59, label %61\n",
        "optimized": "%50 = load ptr, ptr %11, align 8\n  %51 = load ptr, ptr %7, align 8\n  %52 = icmp eq ptr %50, %51\n  br i1 %52, label %53, label %55\n"
    },
    {
        "unoptimized": "%60 = load i64, ptr @SIZE_MAX, align 8\n  store i64 %60, ptr %6, align 8\n  br label %101\n",
        "optimized": "%54 = load i64, ptr @SIZE_MAX, align 8\n  store i64 %54, ptr %6, align 8\n  br label %89\n"
    },
    {
        "unoptimized": "%62 = load i32, ptr %15, align 4\n  %63 = load i32, ptr @NGHTTP2_HUFF_INVALID_FOR_HEADER_NAME, align 4\n  %64 = and i32 %62, %63\n  %65 = icmp ne i32 %64, 0\n  br i1 %65, label %66, label %85\n",
        "optimized": "%56 = load i32, ptr %14, align 4\n  %57 = load i32, ptr @NGHTTP2_HUFF_INVALID_FOR_HEADER_NAME, align 4\n  %58 = and i32 %56, %57\n  %.not3 = icmp eq i32 %58, 0\n  br i1 %.not3, label %74, label %59\n"
    },
    {
        "unoptimized": "%67 = load ptr, ptr %7, align 8\n  %68 = getelementptr inbounds i8, ptr %67, i64 0\n  %69 = load i8, ptr %68, align 1\n  %70 = sext i8 %69 to i32\n  %71 = icmp ne i32 %70, 58\n  br i1 %71, label %72, label %85\n",
        "optimized": "%60 = load ptr, ptr %7, align 8\n  %61 = load i8, ptr %60, align 1\n  %.not4 = icmp eq i8 %61, 58\n  br i1 %.not4, label %74, label %62\n"
    },
    {
        "unoptimized": "%73 = load i32, ptr %15, align 4\n  %74 = load i32, ptr @NGHTTP2_HUFF_UPPER_CASE_CHAR, align 4\n  %75 = and i32 %73, %74\n  %76 = icmp ne i32 %75, 0\n  br i1 %76, label %77, label %81\n",
        "optimized": "%63 = load i32, ptr %14, align 4\n  %64 = load i32, ptr @NGHTTP2_HUFF_UPPER_CASE_CHAR, align 4\n  %65 = and i32 %63, %64\n  %.not5 = icmp eq i32 %65, 0\n  br i1 %.not5, label %70, label %66\n"
    },
    {
        "unoptimized": "%78 = load ptr, ptr @h2o_hpack_err_found_upper_case_in_header_name, align 8\n  %79 = load ptr, ptr %11, align 8\n  store ptr %78, ptr %79, align 8\n  %80 = load i64, ptr @SIZE_MAX, align 8\n  store i64 %80, ptr %6, align 8\n  br label %101\n",
        "optimized": "%67 = load ptr, ptr @h2o_hpack_err_found_upper_case_in_header_name, align 8\n  %68 = load ptr, ptr %10, align 8\n  store ptr %67, ptr %68, align 8\n  %69 = load i64, ptr @SIZE_MAX, align 8\n  store i64 %69, ptr %6, align 8\n  br label %89\n"
    },
    {
        "unoptimized": "%82 = load ptr, ptr @h2o_hpack_soft_err_found_invalid_char_in_header_name, align 8\n  %83 = load ptr, ptr %11, align 8\n  store ptr %82, ptr %83, align 8\n  br label %84\n",
        "optimized": "%71 = load ptr, ptr @h2o_hpack_soft_err_found_invalid_char_in_header_name, align 8\n  %72 = load ptr, ptr %10, align 8\n  store ptr %71, ptr %72, align 8\n  br label %73\n"
    },
    {
        "unoptimized": "br label %85\n",
        "optimized": "br label %74\n"
    },
    {
        "unoptimized": "br label %95\n",
        "optimized": "br label %83\n"
    },
    {
        "unoptimized": "%87 = load i32, ptr %15, align 4\n  %88 = load i32, ptr @NGHTTP2_HUFF_INVALID_FOR_HEADER_VALUE, align 4\n  %89 = and i32 %87, %88\n  %90 = icmp ne i32 %89, 0\n  br i1 %90, label %91, label %94\n",
        "optimized": "%76 = load i32, ptr %14, align 4\n  %77 = load i32, ptr @NGHTTP2_HUFF_INVALID_FOR_HEADER_VALUE, align 4\n  %78 = and i32 %76, %77\n  %.not2 = icmp eq i32 %78, 0\n  br i1 %.not2, label %82, label %79\n"
    },
    {
        "unoptimized": "%92 = load ptr, ptr @h2o_hpack_soft_err_found_invalid_char_in_header_value, align 8\n  %93 = load ptr, ptr %11, align 8\n  store ptr %92, ptr %93, align 8\n  br label %94\n",
        "optimized": "%80 = load ptr, ptr @h2o_hpack_soft_err_found_invalid_char_in_header_value, align 8\n  %81 = load ptr, ptr %10, align 8\n  store ptr %80, ptr %81, align 8\n  br label %82\n"
    },
    {
        "unoptimized": "br label %95\n",
        "optimized": "br label %83\n"
    },
    {
        "unoptimized": "%96 = load ptr, ptr %12, align 8\n  %97 = load ptr, ptr %7, align 8\n  %98 = ptrtoint ptr %96 to i64\n  %99 = ptrtoint ptr %97 to i64\n  %100 = sub i64 %98, %99\n  store i64 %100, ptr %6, align 8\n  br label %101\n",
        "optimized": "%84 = load ptr, ptr %11, align 8\n  %85 = load ptr, ptr %7, align 8\n  %86 = ptrtoint ptr %84 to i64\n  %87 = ptrtoint ptr %85 to i64\n  %88 = sub i64 %86, %87\n  store i64 %88, ptr %6, align 8\n  br label %89\n"
    },
    {
        "unoptimized": "%102 = load i64, ptr %6, align 8\n  ret i64 %102\n}",
        "optimized": "%90 = load i64, ptr %6, align 8\n  ret i64 %90\n}"
    }
]