[
    {
        "unoptimized": "%3 = alloca i32, align 4\n  %4 = alloca ptr, align 8\n  %5 = alloca ptr, align 8\n  store ptr %0, ptr %4, align 8\n  store ptr %1, ptr %5, align 8\n  %6 = load ptr, ptr %4, align 8\n  %7 = load ptr, ptr %5, align 8\n  %8 = icmp eq ptr %6, %7\n  %9 = zext i1 %8 to i32\n  %10 = call i64 @unlikely(i32 noundef %9)\n  %11 = icmp ne i64 %10, 0\n  br i1 %11, label %12, label %13\n",
        "optimized": "%3 = alloca ptr, align 8\n  %4 = alloca ptr, align 8\n  store ptr %0, ptr %3, align 8\n  store ptr %1, ptr %4, align 8\n  %5 = icmp eq ptr %0, %1\n  %6 = zext i1 %5 to i32\n  %7 = call i64 @unlikely(i32 noundef %6) #2\n  %.not = icmp eq i64 %7, 0\n  br i1 %.not, label %9, label %8\n"
    },
    {
        "unoptimized": "store i32 0, ptr %3, align 4\n  br label %42\n",
        "optimized": "br label %34\n"
    },
    {
        "unoptimized": "br label %14\n",
        "optimized": "br label %10\n"
    },
    {
        "unoptimized": "%15 = load ptr, ptr %4, align 8\n  %16 = load i8, ptr %15, align 1\n  %17 = sext i8 %16 to i32\n  %18 = icmp ne i32 %17, 0\n  br i1 %18, label %19, label %27\n",
        "optimized": "%11 = load ptr, ptr %3, align 8\n  %12 = load i8, ptr %11, align 1\n  %.not1 = icmp eq i8 %12, 0\n  br i1 %.not1, label %19, label %13\n"
    },
    {
        "unoptimized": "%20 = load ptr, ptr %4, align 8\n  %21 = load i8, ptr %20, align 1\n  %22 = sext i8 %21 to i32\n  %23 = load ptr, ptr %5, align 8\n  %24 = load i8, ptr %23, align 1\n  %25 = sext i8 %24 to i32\n  %26 = icmp eq i32 %22, %25\n  br label %27\n",
        "optimized": "%14 = load ptr, ptr %3, align 8\n  %15 = load i8, ptr %14, align 1\n  %16 = load ptr, ptr %4, align 8\n  %17 = load i8, ptr %16, align 1\n  %18 = icmp eq i8 %15, %17\n  br label %19\n"
    },
    {
        "unoptimized": "%28 = phi i1 [ false, %14 ], [ %26, %19 ]\n  br i1 %28, label %29, label %34\n",
        "optimized": "%20 = phi i1 [ false, %10 ], [ %18, %13 ]\n  br i1 %20, label %21, label %26\n"
    },
    {
        "unoptimized": "%30 = load ptr, ptr %4, align 8\n  %31 = getelementptr inbounds i8, ptr %30, i32 1\n  store ptr %31, ptr %4, align 8\n  %32 = load ptr, ptr %5, align 8\n  %33 = getelementptr inbounds i8, ptr %32, i32 1\n  store ptr %33, ptr %5, align 8\n  br label %14, !llvm.loop !6\n",
        "optimized": "%22 = load ptr, ptr %3, align 8\n  %23 = getelementptr inbounds i8, ptr %22, i64 1\n  store ptr %23, ptr %3, align 8\n  %24 = load ptr, ptr %4, align 8\n  %25 = getelementptr inbounds i8, ptr %24, i64 1\n  store ptr %25, ptr %4, align 8\n  br label %10, !llvm.loop !6\n"
    },
    {
        "unoptimized": "%35 = load ptr, ptr %4, align 8\n  %36 = load i8, ptr %35, align 1\n  %37 = sext i8 %36 to i32\n  %38 = load ptr, ptr %5, align 8\n  %39 = load i8, ptr %38, align 1\n  %40 = sext i8 %39 to i32\n  %41 = sub nsw i32 %37, %40\n  store i32 %41, ptr %3, align 4\n  br label %42\n",
        "optimized": "%27 = load ptr, ptr %3, align 8\n  %28 = load i8, ptr %27, align 1\n  %29 = sext i8 %28 to i32\n  %30 = load ptr, ptr %4, align 8\n  %31 = load i8, ptr %30, align 1\n  %32 = sext i8 %31 to i32\n  %33 = sub nsw i32 %29, %32\n  br label %34\n"
    },
    {
        "unoptimized": "%43 = load i32, ptr %3, align 4\n  ret i32 %43\n}",
        "optimized": "%storemerge = phi i32 [ %33, %26 ], [ 0, %8 ]\n  ret i32 %storemerge\n}"
    }
]