[
    {
        "unoptimized": "%2 = alloca i32, align 4\n  %3 = alloca i32, align 4\n  %4 = alloca i32, align 4\n  %5 = alloca i32, align 4\n  store i32 %0, ptr %3, align 4\n  %6 = load i32, ptr %3, align 4\n  %7 = load i32, ptr @VIDEO_CURRENT_MODE, align 4\n  %8 = icmp eq i32 %6, %7\n  br i1 %8, label %9, label %10\n",
        "optimized": "%2 = alloca i32, align 4\n  %3 = alloca i32, align 4\n  %4 = alloca i32, align 4\n  %5 = alloca i32, align 4\n  store i32 %0, ptr %3, align 4\n  %6 = load i32, ptr @VIDEO_CURRENT_MODE, align 4\n  %7 = icmp eq i32 %6, %0\n  br i1 %7, label %8, label %9\n"
    },
    {
        "unoptimized": "store i32 0, ptr %2, align 4\n  br label %40\n",
        "optimized": "store i32 0, ptr %2, align 4\n  br label %36\n"
    },
    {
        "unoptimized": "%11 = load i32, ptr %3, align 4\n  %12 = load i32, ptr @NORMAL_VGA, align 4\n  %13 = icmp eq i32 %11, %12\n  br i1 %13, label %14, label %16\n",
        "optimized": "%10 = load i32, ptr %3, align 4\n  %11 = load i32, ptr @NORMAL_VGA, align 4\n  %12 = icmp eq i32 %10, %11\n  br i1 %12, label %13, label %15\n"
    },
    {
        "unoptimized": "%15 = load i32, ptr @VIDEO_80x25, align 4\n  store i32 %15, ptr %3, align 4\n  br label %23\n",
        "optimized": "%14 = load i32, ptr @VIDEO_80x25, align 4\n  store i32 %14, ptr %3, align 4\n  br label %22\n"
    },
    {
        "unoptimized": "%17 = load i32, ptr %3, align 4\n  %18 = load i32, ptr @EXTENDED_VGA, align 4\n  %19 = icmp eq i32 %17, %18\n  br i1 %19, label %20, label %22\n",
        "optimized": "%16 = load i32, ptr %3, align 4\n  %17 = load i32, ptr @EXTENDED_VGA, align 4\n  %18 = icmp eq i32 %16, %17\n  br i1 %18, label %19, label %21\n"
    },
    {
        "unoptimized": "%21 = load i32, ptr @VIDEO_8POINT, align 4\n  store i32 %21, ptr %3, align 4\n  br label %22\n",
        "optimized": "%20 = load i32, ptr @VIDEO_8POINT, align 4\n  store i32 %20, ptr %3, align 4\n  br label %21\n"
    },
    {
        "unoptimized": "br label %23\n",
        "optimized": "br label %22\n"
    },
    {
        "unoptimized": "br label %24\n",
        "optimized": "br label %23\n"
    },
    {
        "unoptimized": "%25 = load i32, ptr %3, align 4\n  %26 = call i32 @raw_set_mode(i32 noundef %25, ptr noundef %5)\n  store i32 %26, ptr %4, align 4\n  %27 = load i32, ptr %4, align 4\n  %28 = icmp ne i32 %27, 0\n  br i1 %28, label %29, label %31\n",
        "optimized": "%24 = load i32, ptr %3, align 4\n  %25 = call i32 @raw_set_mode(i32 noundef %24, ptr noundef nonnull %5) #2\n  store i32 %25, ptr %4, align 4\n  %.not = icmp eq i32 %25, 0\n  br i1 %.not, label %28, label %26\n"
    },
    {
        "unoptimized": "%30 = load i32, ptr %4, align 4\n  store i32 %30, ptr %2, align 4\n  br label %40\n",
        "optimized": "%27 = load i32, ptr %4, align 4\n  store i32 %27, ptr %2, align 4\n  br label %36\n"
    },
    {
        "unoptimized": "%32 = load i32, ptr %3, align 4\n  %33 = load i32, ptr @VIDEO_RECALC, align 4\n  %34 = and i32 %32, %33\n  %35 = icmp ne i32 %34, 0\n  br i1 %35, label %36, label %38\n",
        "optimized": "%29 = load i32, ptr %3, align 4\n  %30 = load i32, ptr @VIDEO_RECALC, align 4\n  %31 = and i32 %29, %30\n  %.not1 = icmp eq i32 %31, 0\n  br i1 %.not1, label %34, label %32\n"
    },
    {
        "unoptimized": "%37 = call i32 (...) @vga_recalc_vertical()\n  br label %38\n",
        "optimized": "%33 = call i32 (...) @vga_recalc_vertical() #2\n  br label %34\n"
    },
    {
        "unoptimized": "%39 = load i32, ptr %5, align 4\n  store i32 %39, ptr @boot_params, align 4\n  store i32 0, ptr %2, align 4\n  br label %40\n",
        "optimized": "%35 = load i32, ptr %5, align 4\n  store i32 %35, ptr @boot_params, align 4\n  store i32 0, ptr %2, align 4\n  br label %36\n"
    },
    {
        "unoptimized": "%41 = load i32, ptr %2, align 4\n  ret i32 %41\n}",
        "optimized": "%37 = load i32, ptr %2, align 4\n  ret i32 %37\n}"
    }
]