[
    {
        "unoptimized": "%5 = alloca ptr, align 8\n  %6 = alloca ptr, align 8\n  %7 = alloca ptr, align 8\n  %8 = alloca ptr, align 8\n  %9 = alloca [2 x i32], align 4\n  %10 = alloca i32, align 4\n  %11 = alloca i32, align 4\n  %12 = alloca i32, align 4\n  %13 = alloca [3 x i32], align 4\n  %14 = alloca %struct.TYPE_8__, align 4\n  %15 = alloca i32, align 4\n  %16 = alloca i32, align 4\n  store ptr %0, ptr %5, align 8\n  store ptr %1, ptr %6, align 8\n  store ptr %2, ptr %7, align 8\n  store ptr %3, ptr %8, align 8\n  call void @llvm.memcpy.p0.p0.i64(ptr align 4 %9, ptr align 4 @__const.h2o_read_command.respfds, i64 8, i1 false)\n  store i32 -1, ptr %10, align 4\n  store i32 0, ptr %11, align 4\n  store i32 -1, ptr %12, align 4\n  %17 = load ptr, ptr %7, align 8\n  %18 = call i32 @h2o_buffer_init(ptr noundef %17, ptr noundef @h2o_socket_buffer_prototype)\n  %19 = call i32 @pthread_mutex_lock(ptr noundef @cloexec_mutex)\n  store i32 1, ptr %11, align 4\n  %20 = getelementptr inbounds [2 x i32], ptr %9, i64 0, i64 0\n  %21 = call i64 @pipe(ptr noundef %20)\n  %22 = icmp ne i64 %21, 0\n  br i1 %22, label %23, label %24\n",
        "optimized": "%5 = alloca ptr, align 8\n  %6 = alloca ptr, align 8\n  %7 = alloca ptr, align 8\n  %8 = alloca ptr, align 8\n  %9 = alloca [2 x i32], align 8\n  %10 = alloca i32, align 4\n  %11 = alloca i32, align 4\n  %12 = alloca i32, align 4\n  %13 = alloca [3 x i32], align 4\n  %14 = alloca %struct.TYPE_8__, align 8\n  %15 = alloca i32, align 4\n  %16 = alloca i32, align 4\n  store ptr %0, ptr %5, align 8\n  store ptr %1, ptr %6, align 8\n  store ptr %2, ptr %7, align 8\n  store ptr %3, ptr %8, align 8\n  store i64 -1, ptr %9, align 8\n  store i32 -1, ptr %10, align 4\n  store i32 0, ptr %11, align 4\n  store i32 -1, ptr %12, align 4\n  %17 = call i32 @h2o_buffer_init(ptr noundef %2, ptr noundef nonnull @h2o_socket_buffer_prototype) #3\n  %18 = call i32 @pthread_mutex_lock(ptr noundef nonnull @cloexec_mutex) #3\n  store i32 1, ptr %11, align 4\n  %19 = call i64 @pipe(ptr noundef nonnull %9) #3\n  %.not = icmp eq i64 %19, 0\n  br i1 %.not, label %21, label %20\n"
    },
    {
        "unoptimized": "br label %81\n",
        "optimized": "br label %72\n"
    },
    {
        "unoptimized": "%25 = getelementptr inbounds [2 x i32], ptr %9, i64 0, i64 0\n  %26 = load i32, ptr %25, align 4\n  %27 = load i32, ptr @F_SETFD, align 4\n  %28 = load i32, ptr @O_CLOEXEC, align 4\n  %29 = call i64 @fcntl(i32 noundef %26, i32 noundef %27, i32 noundef %28)\n  %30 = icmp slt i64 %29, 0\n  br i1 %30, label %31, label %32\n",
        "optimized": "%22 = load i32, ptr %9, align 8\n  %23 = load i32, ptr @F_SETFD, align 4\n  %24 = load i32, ptr @O_CLOEXEC, align 4\n  %25 = call i64 @fcntl(i32 noundef %22, i32 noundef %23, i32 noundef %24) #3\n  %26 = icmp slt i64 %25, 0\n  br i1 %26, label %27, label %28\n"
    },
    {
        "unoptimized": "br label %81\n",
        "optimized": "br label %72\n"
    },
    {
        "unoptimized": "%33 = getelementptr inbounds [3 x i32], ptr %13, i64 0, i64 0\n  %34 = getelementptr inbounds [2 x i32], ptr %9, i64 0, i64 1\n  %35 = load i32, ptr %34, align 4\n  store i32 %35, ptr %33, align 4\n  %36 = getelementptr inbounds i32, ptr %33, i64 1\n  store i32 1, ptr %36, align 4\n  %37 = getelementptr inbounds i32, ptr %36, i64 1\n  store i32 -1, ptr %37, align 4\n  %38 = load ptr, ptr %5, align 8\n  %39 = load ptr, ptr %6, align 8\n  %40 = getelementptr inbounds [3 x i32], ptr %13, i64 0, i64 0\n  %41 = call i32 @h2o_spawnp(ptr noundef %38, ptr noundef %39, ptr noundef %40, i32 noundef 1)\n  store i32 %41, ptr %10, align 4\n  %42 = icmp eq i32 %41, -1\n  br i1 %42, label %43, label %44\n",
        "optimized": "%29 = getelementptr inbounds [2 x i32], ptr %9, i64 0, i64 1\n  %30 = load i32, ptr %29, align 4\n  store i32 %30, ptr %13, align 4\n  %31 = getelementptr inbounds i32, ptr %13, i64 1\n  store i32 1, ptr %31, align 4\n  %32 = getelementptr inbounds i32, ptr %13, i64 2\n  store i32 -1, ptr %32, align 4\n  %33 = load ptr, ptr %5, align 8\n  %34 = load ptr, ptr %6, align 8\n  %35 = call i32 @h2o_spawnp(ptr noundef %33, ptr noundef %34, ptr noundef nonnull %13, i32 noundef 1) #3\n  store i32 %35, ptr %10, align 4\n  %36 = icmp eq i32 %35, -1\n  br i1 %36, label %37, label %38\n"
    },
    {
        "unoptimized": "br label %81\n",
        "optimized": "br label %72\n"
    },
    {
        "unoptimized": "%45 = getelementptr inbounds [2 x i32], ptr %9, i64 0, i64 1\n  %46 = load i32, ptr %45, align 4\n  %47 = call i32 @close(i32 noundef %46)\n  %48 = getelementptr inbounds [2 x i32], ptr %9, i64 0, i64 1\n  store i32 -1, ptr %48, align 4\n  %49 = call i32 @pthread_mutex_unlock(ptr noundef @cloexec_mutex)\n  store i32 0, ptr %11, align 4\n  br label %50\n",
        "optimized": "%39 = getelementptr inbounds [2 x i32], ptr %9, i64 0, i64 1\n  %40 = load i32, ptr %39, align 4\n  %41 = call i32 @close(i32 noundef %40) #3\n  %42 = getelementptr inbounds [2 x i32], ptr %9, i64 0, i64 1\n  store i32 -1, ptr %42, align 4\n  %43 = call i32 @pthread_mutex_unlock(ptr noundef nonnull @cloexec_mutex) #3\n  store i32 0, ptr %11, align 4\n  br label %44\n"
    },
    {
        "unoptimized": "%51 = load ptr, ptr %7, align 8\n  %52 = call i64 @h2o_buffer_reserve(ptr noundef %51, i32 noundef 8192)\n  store i64 %52, ptr %14, align 4\n  br label %53\n",
        "optimized": "%45 = load ptr, ptr %7, align 8\n  %46 = call i64 @h2o_buffer_reserve(ptr noundef %45, i32 noundef 8192) #3\n  store i64 %46, ptr %14, align 8\n  br label %47\n"
    },
    {
        "unoptimized": "%54 = getelementptr inbounds [2 x i32], ptr %9, i64 0, i64 0\n  %55 = load i32, ptr %54, align 4\n  %56 = getelementptr inbounds %struct.TYPE_8__, ptr %14, i32 0, i32 1\n  %57 = load i32, ptr %56, align 4\n  %58 = getelementptr inbounds %struct.TYPE_8__, ptr %14, i32 0, i32 0\n  %59 = load i32, ptr %58, align 4\n  %60 = call i32 @read(i32 noundef %55, i32 noundef %57, i32 noundef %59)\n  store i32 %60, ptr %15, align 4\n  %61 = icmp eq i32 %60, -1\n  br i1 %61, label %62, label %66\n",
        "optimized": "%48 = load i32, ptr %9, align 8\n  %49 = getelementptr inbounds %struct.TYPE_8__, ptr %14, i64 0, i32 1\n  %50 = load i32, ptr %49, align 4\n  %51 = load i32, ptr %14, align 8\n  %52 = call i32 @read(i32 noundef %48, i32 noundef %50, i32 noundef %51) #3\n  store i32 %52, ptr %15, align 4\n  %53 = icmp eq i32 %52, -1\n  br i1 %53, label %54, label %58\n"
    },
    {
        "unoptimized": "%63 = load i64, ptr @errno, align 8\n  %64 = load i64, ptr @EINTR, align 8\n  %65 = icmp eq i64 %63, %64\n  br label %66\n",
        "optimized": "%55 = load i64, ptr @errno, align 8\n  %56 = load i64, ptr @EINTR, align 8\n  %57 = icmp eq i64 %55, %56\n  br label %58\n"
    },
    {
        "unoptimized": "%67 = phi i1 [ false, %53 ], [ %65, %62 ]\n  br i1 %67, label %68, label %69\n",
        "optimized": "%59 = phi i1 [ false, %47 ], [ %57, %54 ]\n  br i1 %59, label %60, label %61\n"
    },
    {
        "unoptimized": "br label %53, !llvm.loop !6\n",
        "optimized": "br label %47, !llvm.loop !6\n"
    },
    {
        "unoptimized": "%70 = load i32, ptr %15, align 4\n  %71 = icmp sle i32 %70, 0\n  br i1 %71, label %72, label %73\n",
        "optimized": "%62 = load i32, ptr %15, align 4\n  %63 = icmp slt i32 %62, 1\n  br i1 %63, label %64, label %65\n"
    },
    {
        "unoptimized": "br label %80\n",
        "optimized": "br label %71\n"
    },
    {
        "unoptimized": "%74 = load i32, ptr %15, align 4\n  %75 = load ptr, ptr %7, align 8\n  %76 = load ptr, ptr %75, align 8\n  %77 = getelementptr inbounds %struct.TYPE_9__, ptr %76, i32 0, i32 0\n  %78 = load i32, ptr %77, align 4\n  %79 = add nsw i32 %78, %74\n  store i32 %79, ptr %77, align 4\n  br label %50\n",
        "optimized": "%66 = load i32, ptr %15, align 4\n  %67 = load ptr, ptr %7, align 8\n  %68 = load ptr, ptr %67, align 8\n  %69 = load i32, ptr %68, align 4\n  %70 = add nsw i32 %69, %66\n  store i32 %70, ptr %68, align 4\n  br label %44\n"
    },
    {
        "unoptimized": "br label %81\n",
        "optimized": "br label %72\n"
    },
    {
        "unoptimized": "%82 = load i32, ptr %11, align 4\n  %83 = icmp ne i32 %82, 0\n  br i1 %83, label %84, label %86\n",
        "optimized": "%73 = load i32, ptr %11, align 4\n  %.not1 = icmp eq i32 %73, 0\n  br i1 %.not1, label %76, label %74\n"
    },
    {
        "unoptimized": "%85 = call i32 @pthread_mutex_unlock(ptr noundef @cloexec_mutex)\n  br label %86\n",
        "optimized": "%75 = call i32 @pthread_mutex_unlock(ptr noundef nonnull @cloexec_mutex) #3\n  br label %76\n"
    },
    {
        "unoptimized": "%87 = load i32, ptr %10, align 4\n  %88 = icmp ne i32 %87, -1\n  br i1 %88, label %89, label %108\n",
        "optimized": "%77 = load i32, ptr %10, align 4\n  %.not2 = icmp eq i32 %77, -1\n  br i1 %.not2, label %97, label %78\n"
    },
    {
        "unoptimized": "br label %90\n",
        "optimized": "br label %79\n"
    },
    {
        "unoptimized": "%91 = load i32, ptr %10, align 4\n  %92 = load ptr, ptr %8, align 8\n  %93 = call i32 @waitpid(i32 noundef %91, ptr noundef %92, i32 noundef 0)\n  store i32 %93, ptr %16, align 4\n  %94 = icmp eq i32 %93, -1\n  br i1 %94, label %95, label %99\n",
        "optimized": "%80 = load i32, ptr %10, align 4\n  %81 = load ptr, ptr %8, align 8\n  %82 = call i32 @waitpid(i32 noundef %80, ptr noundef %81, i32 noundef 0) #3\n  store i32 %82, ptr %16, align 4\n  %83 = icmp eq i32 %82, -1\n  br i1 %83, label %84, label %88\n"
    },
    {
        "unoptimized": "%96 = load i64, ptr @errno, align 8\n  %97 = load i64, ptr @EINTR, align 8\n  %98 = icmp eq i64 %96, %97\n  br label %99\n",
        "optimized": "%85 = load i64, ptr @errno, align 8\n  %86 = load i64, ptr @EINTR, align 8\n  %87 = icmp eq i64 %85, %86\n  br label %88\n"
    },
    {
        "unoptimized": "%100 = phi i1 [ false, %90 ], [ %98, %95 ]\n  br i1 %100, label %101, label %102\n",
        "optimized": "%89 = phi i1 [ false, %79 ], [ %87, %84 ]\n  br i1 %89, label %90, label %91\n"
    },
    {
        "unoptimized": "br label %90, !llvm.loop !8\n",
        "optimized": "br label %79, !llvm.loop !8\n"
    },
    {
        "unoptimized": "%103 = load i32, ptr %16, align 4\n  %104 = load i32, ptr %10, align 4\n  %105 = icmp eq i32 %103, %104\n  br i1 %105, label %106, label %107\n",
        "optimized": "%92 = load i32, ptr %16, align 4\n  %93 = load i32, ptr %10, align 4\n  %94 = icmp eq i32 %92, %93\n  br i1 %94, label %95, label %96\n"
    },
    {
        "unoptimized": "store i32 0, ptr %12, align 4\n  br label %107\n",
        "optimized": "store i32 0, ptr %12, align 4\n  br label %96\n"
    },
    {
        "unoptimized": "br label %108\n",
        "optimized": "br label %97\n"
    },
    {
        "unoptimized": "%109 = getelementptr inbounds [2 x i32], ptr %9, i64 0, i64 0\n  %110 = load i32, ptr %109, align 4\n  %111 = icmp ne i32 %110, -1\n  br i1 %111, label %112, label %116\n",
        "optimized": "%98 = load i32, ptr %9, align 8\n  %.not3 = icmp eq i32 %98, -1\n  br i1 %.not3, label %102, label %99\n"
    },
    {
        "unoptimized": "%113 = getelementptr inbounds [2 x i32], ptr %9, i64 0, i64 0\n  %114 = load i32, ptr %113, align 4\n  %115 = call i32 @close(i32 noundef %114)\n  br label %116\n",
        "optimized": "%100 = load i32, ptr %9, align 8\n  %101 = call i32 @close(i32 noundef %100) #3\n  br label %102\n"
    },
    {
        "unoptimized": "%117 = getelementptr inbounds [2 x i32], ptr %9, i64 0, i64 1\n  %118 = load i32, ptr %117, align 4\n  %119 = icmp ne i32 %118, -1\n  br i1 %119, label %120, label %124\n",
        "optimized": "%103 = getelementptr inbounds [2 x i32], ptr %9, i64 0, i64 1\n  %104 = load i32, ptr %103, align 4\n  %.not4 = icmp eq i32 %104, -1\n  br i1 %.not4, label %109, label %105\n"
    },
    {
        "unoptimized": "%121 = getelementptr inbounds [2 x i32], ptr %9, i64 0, i64 1\n  %122 = load i32, ptr %121, align 4\n  %123 = call i32 @close(i32 noundef %122)\n  br label %124\n",
        "optimized": "%106 = getelementptr inbounds [2 x i32], ptr %9, i64 0, i64 1\n  %107 = load i32, ptr %106, align 4\n  %108 = call i32 @close(i32 noundef %107) #3\n  br label %109\n"
    },
    {
        "unoptimized": "%125 = load i32, ptr %12, align 4\n  %126 = icmp ne i32 %125, 0\n  br i1 %126, label %127, label %130\n",
        "optimized": "%110 = load i32, ptr %12, align 4\n  %.not5 = icmp eq i32 %110, 0\n  br i1 %.not5, label %114, label %111\n"
    },
    {
        "unoptimized": "%128 = load ptr, ptr %7, align 8\n  %129 = call i32 @h2o_buffer_dispose(ptr noundef %128)\n  br label %130\n",
        "optimized": "%112 = load ptr, ptr %7, align 8\n  %113 = call i32 @h2o_buffer_dispose(ptr noundef %112) #3\n  br label %114\n"
    },
    {
        "unoptimized": "%131 = load i32, ptr %12, align 4\n  ret i32 %131\n}",
        "optimized": "%115 = load i32, ptr %12, align 4\n  ret i32 %115\n}"
    }
]