[
    {
        "unoptimized": "%4 = alloca i64, align 8\n  %5 = alloca ptr, align 8\n  %6 = alloca ptr, align 8\n  %7 = alloca ptr, align 8\n  %8 = alloca i64, align 8\n  %9 = alloca i64, align 8\n  %10 = alloca ptr, align 8\n  store ptr %0, ptr %5, align 8\n  store ptr %1, ptr %6, align 8\n  store ptr %2, ptr %7, align 8\n  store i64 0, ptr %9, align 8\n  %11 = load ptr, ptr %5, align 8\n  store ptr %11, ptr %10, align 8\n  %12 = load ptr, ptr %10, align 8\n  %13 = getelementptr inbounds %struct.round_robin_t, ptr %12, i32 0, i32 2\n  %14 = call i32 @pthread_mutex_lock(ptr noundef %13)\n  %15 = load ptr, ptr %6, align 8\n  %16 = getelementptr inbounds %struct.TYPE_8__, ptr %15, i32 0, i32 0\n  %17 = load i64, ptr %16, align 8\n  %18 = icmp ne i64 %17, 0\n  %19 = zext i1 %18 to i32\n  %20 = call i32 @assert(i32 noundef %19)\n  store i64 0, ptr %8, align 8\n  br label %21\n",
        "optimized": "%4 = alloca i64, align 8\n  %5 = alloca ptr, align 8\n  %6 = alloca ptr, align 8\n  %7 = alloca i64, align 8\n  %8 = alloca i64, align 8\n  %9 = alloca ptr, align 8\n  store ptr %1, ptr %5, align 8\n  store ptr %2, ptr %6, align 8\n  store i64 0, ptr %8, align 8\n  store ptr %0, ptr %9, align 8\n  %10 = getelementptr inbounds %struct.round_robin_t, ptr %0, i64 0, i32 2\n  %11 = call i32 @pthread_mutex_lock(ptr noundef nonnull %10) #2\n  %12 = load i64, ptr %1, align 8\n  %13 = icmp ne i64 %12, 0\n  %14 = zext i1 %13 to i32\n  %15 = call i32 @assert(i32 noundef %14) #2\n  br label %16\n"
    },
    {
        "unoptimized": "%22 = load i64, ptr %8, align 8\n  %23 = load ptr, ptr %6, align 8\n  %24 = getelementptr inbounds %struct.TYPE_8__, ptr %23, i32 0, i32 0\n  %25 = load i64, ptr %24, align 8\n  %26 = icmp ult i64 %22, %25\n  br i1 %26, label %27, label %72\n",
        "optimized": "%storemerge = phi i64 [ 0, %3 ], [ %56, %54 ]\n  store i64 %storemerge, ptr %7, align 8\n  %17 = load ptr, ptr %5, align 8\n  %18 = load i64, ptr %17, align 8\n  %19 = icmp ult i64 %storemerge, %18\n  br i1 %19, label %20, label %57\n"
    },
    {
        "unoptimized": "%28 = load ptr, ptr %7, align 8\n  %29 = load ptr, ptr %10, align 8\n  %30 = getelementptr inbounds %struct.round_robin_t, ptr %29, i32 0, i32 0\n  %31 = load i64, ptr %30, align 8\n  %32 = getelementptr inbounds i8, ptr %28, i64 %31\n  %33 = load i8, ptr %32, align 1\n  %34 = icmp ne i8 %33, 0\n  br i1 %34, label %64, label %35\n",
        "optimized": "%21 = load ptr, ptr %6, align 8\n  %22 = load ptr, ptr %9, align 8\n  %23 = load i64, ptr %22, align 8\n  %24 = getelementptr inbounds i8, ptr %21, i64 %23\n  %25 = load i8, ptr %24, align 1\n  %.not = icmp eq i8 %25, 0\n  br i1 %.not, label %26, label %49\n"
    },
    {
        "unoptimized": "%36 = load ptr, ptr %10, align 8\n  %37 = getelementptr inbounds %struct.round_robin_t, ptr %36, i32 0, i32 0\n  %38 = load i64, ptr %37, align 8\n  store i64 %38, ptr %9, align 8\n  %39 = load ptr, ptr %10, align 8\n  %40 = getelementptr inbounds %struct.round_robin_t, ptr %39, i32 0, i32 1\n  %41 = load i64, ptr %40, align 8\n  %42 = add nsw i64 %41, 1\n  store i64 %42, ptr %40, align 8\n  %43 = load ptr, ptr %6, align 8\n  %44 = getelementptr inbounds %struct.TYPE_8__, ptr %43, i32 0, i32 1\n  %45 = load ptr, ptr %44, align 8\n  %46 = load ptr, ptr %10, align 8\n  %47 = getelementptr inbounds %struct.round_robin_t, ptr %46, i32 0, i32 0\n  %48 = load i64, ptr %47, align 8\n  %49 = getelementptr inbounds ptr, ptr %45, i64 %48\n  %50 = load ptr, ptr %49, align 8\n  %51 = getelementptr inbounds %struct.TYPE_7__, ptr %50, i32 0, i32 0\n  %52 = getelementptr inbounds %struct.TYPE_6__, ptr %51, i32 0, i32 0\n  %53 = load i64, ptr %52, align 8\n  %54 = icmp sgt i64 %42, %53\n  br i1 %54, label %55, label %59\n",
        "optimized": "%27 = load ptr, ptr %9, align 8\n  %28 = load i64, ptr %27, align 8\n  store i64 %28, ptr %8, align 8\n  %29 = getelementptr inbounds %struct.round_robin_t, ptr %27, i64 0, i32 1\n  %30 = load i64, ptr %29, align 8\n  %31 = add nsw i64 %30, 1\n  store i64 %31, ptr %29, align 8\n  %32 = load ptr, ptr %5, align 8\n  %33 = getelementptr inbounds %struct.TYPE_8__, ptr %32, i64 0, i32 1\n  %34 = load ptr, ptr %33, align 8\n  %35 = load ptr, ptr %9, align 8\n  %36 = load i64, ptr %35, align 8\n  %37 = getelementptr inbounds ptr, ptr %34, i64 %36\n  %38 = load ptr, ptr %37, align 8\n  %39 = load i64, ptr %38, align 8\n  %.not1 = icmp slt i64 %30, %39\n  br i1 %.not1, label %44, label %40\n"
    },
    {
        "unoptimized": "%56 = load ptr, ptr %10, align 8\n  %57 = load ptr, ptr %6, align 8\n  %58 = call i32 @select_next(ptr noundef %56, ptr noundef %57)\n  br label %59\n",
        "optimized": "%41 = load ptr, ptr %9, align 8\n  %42 = load ptr, ptr %5, align 8\n  %43 = call i32 @select_next(ptr noundef %41, ptr noundef %42) #2\n  br label %44\n"
    },
    {
        "unoptimized": "%60 = load ptr, ptr %10, align 8\n  %61 = getelementptr inbounds %struct.round_robin_t, ptr %60, i32 0, i32 2\n  %62 = call i32 @pthread_mutex_unlock(ptr noundef %61)\n  %63 = load i64, ptr %9, align 8\n  store i64 %63, ptr %4, align 8\n  br label %74\n",
        "optimized": "%45 = load ptr, ptr %9, align 8\n  %46 = getelementptr inbounds %struct.round_robin_t, ptr %45, i64 0, i32 2\n  %47 = call i32 @pthread_mutex_unlock(ptr noundef nonnull %46) #2\n  %48 = load i64, ptr %8, align 8\n  store i64 %48, ptr %4, align 8\n  br label %59\n"
    },
    {
        "unoptimized": "%65 = load ptr, ptr %10, align 8\n  %66 = load ptr, ptr %6, align 8\n  %67 = call i32 @select_next(ptr noundef %65, ptr noundef %66)\n  br label %68\n",
        "optimized": "%50 = load ptr, ptr %9, align 8\n  %51 = load ptr, ptr %5, align 8\n  %52 = call i32 @select_next(ptr noundef %50, ptr noundef %51) #2\n  br label %53\n"
    },
    {
        "unoptimized": "br label %69\n",
        "optimized": "br label %54\n"
    },
    {
        "unoptimized": "%70 = load i64, ptr %8, align 8\n  %71 = add i64 %70, 1\n  store i64 %71, ptr %8, align 8\n  br label %21, !llvm.loop !6\n",
        "optimized": "%55 = load i64, ptr %7, align 8\n  %56 = add i64 %55, 1\n  br label %16, !llvm.loop !6\n"
    },
    {
        "unoptimized": "%73 = call i32 @h2o_fatal(ptr noundef @.str)\n  br label %74\n",
        "optimized": "%58 = call i32 @h2o_fatal(ptr noundef nonnull @.str) #2\n  br label %59\n"
    },
    {
        "unoptimized": "%75 = load i64, ptr %4, align 8\n  ret i64 %75\n}",
        "optimized": "%60 = load i64, ptr %4, align 8\n  ret i64 %60\n}"
    }
]