[
    {
        "unoptimized": "%2 = alloca ptr, align 8\n  %3 = alloca ptr, align 8\n  %4 = alloca i32, align 4\n  store ptr %0, ptr %2, align 8\n  %5 = load ptr, ptr %2, align 8\n  %6 = getelementptr inbounds %struct.xa_state, ptr %5, i32 0, i32 1\n  %7 = load ptr, ptr %6, align 8\n  store ptr %7, ptr %3, align 8\n  %8 = load ptr, ptr %2, align 8\n  %9 = call i64 @xas_invalid(ptr noundef %8)\n  %10 = icmp ne i64 %9, 0\n  br i1 %10, label %11, label %12\n",
        "optimized": "%2 = alloca ptr, align 8\n  %3 = alloca ptr, align 8\n  %4 = alloca i32, align 4\n  store ptr %0, ptr %2, align 8\n  %5 = getelementptr inbounds %struct.xa_state, ptr %0, i64 0, i32 1\n  %6 = load ptr, ptr %5, align 8\n  store ptr %6, ptr %3, align 8\n  %7 = call i64 @xas_invalid(ptr noundef %0) #2\n  %.not = icmp eq i64 %7, 0\n  br i1 %.not, label %9, label %8\n"
    },
    {
        "unoptimized": "br label %59\n",
        "optimized": "br label %51\n"
    },
    {
        "unoptimized": "%13 = load ptr, ptr %3, align 8\n  %14 = icmp ne ptr %13, null\n  br i1 %14, label %15, label %50\n",
        "optimized": "%10 = load ptr, ptr %3, align 8\n  %.not1 = icmp eq ptr %10, null\n  br i1 %.not1, label %42, label %11\n"
    },
    {
        "unoptimized": "%16 = load ptr, ptr %2, align 8\n  %17 = getelementptr inbounds %struct.xa_state, ptr %16, i32 0, i32 0\n  %18 = load i32, ptr %17, align 8\n  store i32 %18, ptr %4, align 4\n  br label %19\n",
        "optimized": "%12 = load ptr, ptr %2, align 8\n  %13 = load i32, ptr %12, align 8\n  store i32 %13, ptr %4, align 4\n  br label %14\n"
    },
    {
        "unoptimized": "%20 = load i32, ptr %4, align 4\n  %21 = add i32 %20, 1\n  store i32 %21, ptr %4, align 4\n  %22 = load i32, ptr @XA_CHUNK_SIZE, align 4\n  %23 = icmp ult i32 %21, %22\n  br i1 %23, label %24, label %35\n",
        "optimized": "%15 = load i32, ptr %4, align 4\n  %16 = add i32 %15, 1\n  store i32 %16, ptr %4, align 4\n  %17 = load i32, ptr @XA_CHUNK_SIZE, align 4\n  %18 = icmp ult i32 %16, %17\n  br i1 %18, label %19, label %29\n"
    },
    {
        "unoptimized": "%25 = load ptr, ptr %2, align 8\n  %26 = getelementptr inbounds %struct.xa_state, ptr %25, i32 0, i32 3\n  %27 = load i32, ptr %26, align 8\n  %28 = load ptr, ptr %3, align 8\n  %29 = load i32, ptr %4, align 4\n  %30 = call i32 @xa_entry(i32 noundef %27, ptr noundef %28, i32 noundef %29)\n  %31 = call i32 @xa_is_sibling(i32 noundef %30)\n  %32 = icmp ne i32 %31, 0\n  br i1 %32, label %34, label %33\n",
        "optimized": "%20 = load ptr, ptr %2, align 8\n  %21 = getelementptr inbounds %struct.xa_state, ptr %20, i64 0, i32 3\n  %22 = load i32, ptr %21, align 8\n  %23 = load ptr, ptr %3, align 8\n  %24 = load i32, ptr %4, align 4\n  %25 = call i32 @xa_entry(i32 noundef %22, ptr noundef %23, i32 noundef %24) #2\n  %26 = call i32 @xa_is_sibling(i32 noundef %25) #2\n  %.not2 = icmp eq i32 %26, 0\n  br i1 %.not2, label %27, label %28\n"
    },
    {
        "unoptimized": "br label %35\n",
        "optimized": "br label %29\n"
    },
    {
        "unoptimized": "br label %19, !llvm.loop !6\n",
        "optimized": "br label %14, !llvm.loop !6\n"
    },
    {
        "unoptimized": "%36 = load i32, ptr %4, align 4\n  %37 = load ptr, ptr %2, align 8\n  %38 = getelementptr inbounds %struct.xa_state, ptr %37, i32 0, i32 0\n  %39 = load i32, ptr %38, align 8\n  %40 = sub i32 %36, %39\n  %41 = load ptr, ptr %3, align 8\n  %42 = getelementptr inbounds %struct.xa_node, ptr %41, i32 0, i32 0\n  %43 = load i32, ptr %42, align 4\n  %44 = shl i32 %40, %43\n  %45 = zext i32 %44 to i64\n  %46 = load ptr, ptr %2, align 8\n  %47 = getelementptr inbounds %struct.xa_state, ptr %46, i32 0, i32 2\n  %48 = load i64, ptr %47, align 8\n  %49 = add nsw i64 %48, %45\n  store i64 %49, ptr %47, align 8\n  br label %55\n",
        "optimized": "%30 = load i32, ptr %4, align 4\n  %31 = load ptr, ptr %2, align 8\n  %32 = load i32, ptr %31, align 8\n  %33 = sub i32 %30, %32\n  %34 = load ptr, ptr %3, align 8\n  %35 = load i32, ptr %34, align 4\n  %36 = shl i32 %33, %35\n  %37 = zext i32 %36 to i64\n  %38 = load ptr, ptr %2, align 8\n  %39 = getelementptr inbounds %struct.xa_state, ptr %38, i64 0, i32 2\n  %40 = load i64, ptr %39, align 8\n  %41 = add nsw i64 %40, %37\n  store i64 %41, ptr %39, align 8\n  br label %47\n"
    },
    {
        "unoptimized": "%51 = load ptr, ptr %2, align 8\n  %52 = getelementptr inbounds %struct.xa_state, ptr %51, i32 0, i32 2\n  %53 = load i64, ptr %52, align 8\n  %54 = add nsw i64 %53, 1\n  store i64 %54, ptr %52, align 8\n  br label %55\n",
        "optimized": "%43 = load ptr, ptr %2, align 8\n  %44 = getelementptr inbounds %struct.xa_state, ptr %43, i64 0, i32 2\n  %45 = load i64, ptr %44, align 8\n  %46 = add nsw i64 %45, 1\n  store i64 %46, ptr %44, align 8\n  br label %47\n"
    },
    {
        "unoptimized": "%56 = load ptr, ptr @XAS_RESTART, align 8\n  %57 = load ptr, ptr %2, align 8\n  %58 = getelementptr inbounds %struct.xa_state, ptr %57, i32 0, i32 1\n  store ptr %56, ptr %58, align 8\n  br label %59\n",
        "optimized": "%48 = load ptr, ptr @XAS_RESTART, align 8\n  %49 = load ptr, ptr %2, align 8\n  %50 = getelementptr inbounds %struct.xa_state, ptr %49, i64 0, i32 1\n  store ptr %48, ptr %50, align 8\n  br label %51\n"
    },
    {
        "unoptimized": "ret void\n}",
        "optimized": "ret void\n}"
    }
]