[
    {
        "unoptimized": "%4 = alloca i32, align 4\n  %5 = alloca ptr, align 8\n  %6 = alloca i32, align 4\n  %7 = alloca i32, align 4\n  store ptr %0, ptr %5, align 8\n  store i32 %1, ptr %6, align 4\n  store i32 %2, ptr %7, align 4\n  br label %8\n",
        "optimized": "%4 = alloca i32, align 4\n  %5 = alloca ptr, align 8\n  %6 = alloca i32, align 4\n  %7 = alloca i32, align 4\n  store ptr %0, ptr %5, align 8\n  store i32 %1, ptr %6, align 4\n  store i32 %2, ptr %7, align 4\n  br label %8\n"
    },
    {
        "unoptimized": "%9 = load ptr, ptr %5, align 8\n  %10 = call i32 @memset(ptr noundef %9, i32 noundef 0, i32 noundef 12)\n  %11 = load ptr, ptr %5, align 8\n  %12 = getelementptr inbounds %struct.init_sccb, ptr %11, i32 0, i32 1\n  %13 = getelementptr inbounds %struct.TYPE_2__, ptr %12, i32 0, i32 0\n  store i32 12, ptr %13, align 4\n  %14 = load i32, ptr @sclp_mask_compat_mode, align 4\n  %15 = icmp ne i32 %14, 0\n  br i1 %15, label %16, label %20\n",
        "optimized": "%9 = load ptr, ptr %5, align 8\n  %10 = call i32 @memset(ptr noundef %9, i32 noundef 0, i32 noundef 12) #2\n  %11 = getelementptr inbounds %struct.init_sccb, ptr %9, i64 0, i32 1\n  store i32 12, ptr %11, align 4\n  %12 = load i32, ptr @sclp_mask_compat_mode, align 4\n  %.not = icmp eq i32 %12, 0\n  br i1 %.not, label %16, label %13\n"
    },
    {
        "unoptimized": "%17 = load i32, ptr @SCLP_MASK_SIZE_COMPAT, align 4\n  %18 = load ptr, ptr %5, align 8\n  %19 = getelementptr inbounds %struct.init_sccb, ptr %18, i32 0, i32 0\n  store i32 %17, ptr %19, align 4\n  br label %23\n",
        "optimized": "%14 = load i32, ptr @SCLP_MASK_SIZE_COMPAT, align 4\n  %15 = load ptr, ptr %5, align 8\n  store i32 %14, ptr %15, align 4\n  br label %18\n"
    },
    {
        "unoptimized": "%21 = load ptr, ptr %5, align 8\n  %22 = getelementptr inbounds %struct.init_sccb, ptr %21, i32 0, i32 0\n  store i32 4, ptr %22, align 4\n  br label %23\n",
        "optimized": "%17 = load ptr, ptr %5, align 8\n  store i32 4, ptr %17, align 4\n  br label %18\n"
    },
    {
        "unoptimized": "%24 = load ptr, ptr %5, align 8\n  %25 = load i32, ptr %6, align 4\n  %26 = call i32 @sccb_set_recv_mask(ptr noundef %24, i32 noundef %25)\n  %27 = load ptr, ptr %5, align 8\n  %28 = load i32, ptr %7, align 4\n  %29 = call i32 @sccb_set_send_mask(ptr noundef %27, i32 noundef %28)\n  %30 = load i32, ptr @SCLP_CMDW_WRITE_EVENT_MASK, align 4\n  %31 = load ptr, ptr %5, align 8\n  %32 = call i64 @sclp_early_cmd(i32 noundef %30, ptr noundef %31)\n  %33 = icmp ne i64 %32, 0\n  br i1 %33, label %34, label %37\n",
        "optimized": "%19 = load ptr, ptr %5, align 8\n  %20 = load i32, ptr %6, align 4\n  %21 = call i32 @sccb_set_recv_mask(ptr noundef %19, i32 noundef %20) #2\n  %22 = load i32, ptr %7, align 4\n  %23 = call i32 @sccb_set_send_mask(ptr noundef %19, i32 noundef %22) #2\n  %24 = load i32, ptr @SCLP_CMDW_WRITE_EVENT_MASK, align 4\n  %25 = call i64 @sclp_early_cmd(i32 noundef %24, ptr noundef %19) #2\n  %.not1 = icmp eq i64 %25, 0\n  br i1 %.not1, label %29, label %26\n"
    },
    {
        "unoptimized": "%35 = load i32, ptr @EIO, align 4\n  %36 = sub nsw i32 0, %35\n  store i32 %36, ptr %4, align 4\n  br label %57\n",
        "optimized": "%27 = load i32, ptr @EIO, align 4\n  %28 = sub nsw i32 0, %27\n  store i32 %28, ptr %4, align 4\n  br label %45\n"
    },
    {
        "unoptimized": "%38 = load ptr, ptr %5, align 8\n  %39 = getelementptr inbounds %struct.init_sccb, ptr %38, i32 0, i32 1\n  %40 = getelementptr inbounds %struct.TYPE_2__, ptr %39, i32 0, i32 1\n  %41 = load i32, ptr %40, align 4\n  %42 = icmp eq i32 %41, 29936\n  br i1 %42, label %43, label %47\n",
        "optimized": "%30 = load ptr, ptr %5, align 8\n  %31 = getelementptr inbounds %struct.init_sccb, ptr %30, i64 0, i32 1, i32 1\n  %32 = load i32, ptr %31, align 4\n  %33 = icmp eq i32 %32, 29936\n  br i1 %33, label %34, label %37\n"
    },
    {
        "unoptimized": "%44 = load i32, ptr @sclp_mask_compat_mode, align 4\n  %45 = icmp ne i32 %44, 0\n  br i1 %45, label %47, label %46\n",
        "optimized": "%35 = load i32, ptr @sclp_mask_compat_mode, align 4\n  %.not3 = icmp eq i32 %35, 0\n  br i1 %.not3, label %36, label %37\n"
    },
    {
        "unoptimized": "store i32 1, ptr @sclp_mask_compat_mode, align 4\n  br label %8\n",
        "optimized": "store i32 1, ptr @sclp_mask_compat_mode, align 4\n  br label %8\n"
    },
    {
        "unoptimized": "%48 = load ptr, ptr %5, align 8\n  %49 = getelementptr inbounds %struct.init_sccb, ptr %48, i32 0, i32 1\n  %50 = getelementptr inbounds %struct.TYPE_2__, ptr %49, i32 0, i32 1\n  %51 = load i32, ptr %50, align 4\n  %52 = icmp ne i32 %51, 32\n  br i1 %52, label %53, label %56\n",
        "optimized": "%38 = load ptr, ptr %5, align 8\n  %39 = getelementptr inbounds %struct.init_sccb, ptr %38, i64 0, i32 1, i32 1\n  %40 = load i32, ptr %39, align 4\n  %.not2 = icmp eq i32 %40, 32\n  br i1 %.not2, label %44, label %41\n"
    },
    {
        "unoptimized": "%54 = load i32, ptr @EIO, align 4\n  %55 = sub nsw i32 0, %54\n  store i32 %55, ptr %4, align 4\n  br label %57\n",
        "optimized": "%42 = load i32, ptr @EIO, align 4\n  %43 = sub nsw i32 0, %42\n  store i32 %43, ptr %4, align 4\n  br label %45\n"
    },
    {
        "unoptimized": "store i32 0, ptr %4, align 4\n  br label %57\n",
        "optimized": "store i32 0, ptr %4, align 4\n  br label %45\n"
    },
    {
        "unoptimized": "%58 = load i32, ptr %4, align 4\n  ret i32 %58\n}",
        "optimized": "%46 = load i32, ptr %4, align 4\n  ret i32 %46\n}"
    }
]