[
    {
        "unoptimized": "%3 = alloca %struct.TYPE_28__, align 4\n  %4 = alloca ptr, align 8\n  %5 = alloca ptr, align 8\n  %6 = alloca ptr, align 8\n  %7 = alloca %struct.TYPE_28__, align 4\n  %8 = getelementptr inbounds %struct.TYPE_28__, ptr %3, i32 0, i32 0\n  store i32 %1, ptr %8, align 4\n  store ptr %0, ptr %4, align 8\n  %9 = load ptr, ptr %4, align 8\n  %10 = getelementptr inbounds %struct.TYPE_26__, ptr %9, i32 0, i32 0\n  %11 = load ptr, ptr %10, align 8\n  store ptr %11, ptr %5, align 8\n  %12 = load ptr, ptr %5, align 8\n  %13 = getelementptr inbounds %struct.st_h2o_redis_resumption_accept_data_t, ptr %12, i32 0, i32 0\n  %14 = getelementptr inbounds %struct.TYPE_25__, ptr %13, i32 0, i32 1\n  %15 = load ptr, ptr %14, align 8\n  %16 = getelementptr inbounds %struct.TYPE_24__, ptr %15, i32 0, i32 0\n  %17 = load ptr, ptr %16, align 8\n  %18 = call ptr @get_redis_client(ptr noundef %17)\n  store ptr %18, ptr %6, align 8\n  %19 = load ptr, ptr %6, align 8\n  %20 = getelementptr inbounds %struct.TYPE_27__, ptr %19, i32 0, i32 0\n  %21 = load i64, ptr %20, align 8\n  %22 = load i64, ptr @H2O_REDIS_CONNECTION_STATE_CONNECTED, align 8\n  %23 = icmp eq i64 %21, %22\n  br i1 %23, label %24, label %41\n",
        "optimized": "%3 = alloca %struct.TYPE_28__, align 4\n  %4 = alloca ptr, align 8\n  %5 = alloca ptr, align 8\n  %6 = alloca %struct.TYPE_28__, align 4\n  store i32 %1, ptr %3, align 4\n  %7 = load ptr, ptr %0, align 8\n  store ptr %7, ptr %4, align 8\n  %8 = getelementptr inbounds %struct.TYPE_25__, ptr %7, i64 0, i32 1\n  %9 = load ptr, ptr %8, align 8\n  %10 = load ptr, ptr %9, align 8\n  %11 = call ptr @get_redis_client(ptr noundef %10) #2\n  store ptr %11, ptr %5, align 8\n  %12 = load i64, ptr %11, align 8\n  %13 = load i64, ptr @H2O_REDIS_CONNECTION_STATE_CONNECTED, align 8\n  %14 = icmp eq i64 %12, %13\n  br i1 %14, label %15, label %26\n"
    },
    {
        "unoptimized": "%25 = load i32, ptr getelementptr inbounds (%struct.TYPE_23__, ptr @async_resumption_context, i32 0, i32 2), align 4\n  %26 = getelementptr inbounds %struct.TYPE_28__, ptr %3, i32 0, i32 0\n  %27 = load i32, ptr %26, align 4\n  %28 = call i32 @build_redis_key(i32 %27, i32 noundef %25)\n  %29 = getelementptr inbounds %struct.TYPE_28__, ptr %7, i32 0, i32 0\n  store i32 %28, ptr %29, align 4\n  %30 = load ptr, ptr %6, align 8\n  %31 = load i32, ptr @redis_resumption_on_get, align 4\n  %32 = load ptr, ptr %5, align 8\n  %33 = getelementptr inbounds %struct.TYPE_28__, ptr %7, i32 0, i32 0\n  %34 = load i32, ptr %33, align 4\n  %35 = call i32 @h2o_redis_command(ptr noundef %30, i32 noundef %31, ptr noundef %32, ptr noundef @.str, i32 noundef %34)\n  %36 = load ptr, ptr %5, align 8\n  %37 = getelementptr inbounds %struct.st_h2o_redis_resumption_accept_data_t, ptr %36, i32 0, i32 1\n  store i32 %35, ptr %37, align 8\n  %38 = getelementptr inbounds %struct.TYPE_28__, ptr %7, i32 0, i32 0\n  %39 = load i32, ptr %38, align 4\n  %40 = call i32 @free(i32 noundef %39)\n  br label %74\n",
        "optimized": "%16 = load i32, ptr getelementptr inbounds (%struct.TYPE_21__, ptr @async_resumption_context, i64 0, i32 0, i32 2), align 4\n  %17 = load i32, ptr %3, align 4\n  %18 = call i32 @build_redis_key(i32 %17, i32 noundef %16) #2\n  store i32 %18, ptr %6, align 4\n  %19 = load ptr, ptr %5, align 8\n  %20 = load i32, ptr @redis_resumption_on_get, align 4\n  %21 = load ptr, ptr %4, align 8\n  %22 = call i32 @h2o_redis_command(ptr noundef %19, i32 noundef %20, ptr noundef %21, ptr noundef nonnull @.str, i32 noundef %18) #2\n  %23 = getelementptr inbounds %struct.st_h2o_redis_resumption_accept_data_t, ptr %21, i64 0, i32 1\n  store i32 %22, ptr %23, align 8\n  %24 = load i32, ptr %6, align 4\n  %25 = call i32 @free(i32 noundef %24) #2\n  br label %46\n"
    },
    {
        "unoptimized": "%42 = load ptr, ptr %6, align 8\n  %43 = getelementptr inbounds %struct.TYPE_27__, ptr %42, i32 0, i32 0\n  %44 = load i64, ptr %43, align 8\n  %45 = load i64, ptr @H2O_REDIS_CONNECTION_STATE_CLOSED, align 8\n  %46 = icmp eq i64 %44, %45\n  br i1 %46, label %47, label %52\n",
        "optimized": "%27 = load ptr, ptr %5, align 8\n  %28 = load i64, ptr %27, align 8\n  %29 = load i64, ptr @H2O_REDIS_CONNECTION_STATE_CLOSED, align 8\n  %30 = icmp eq i64 %28, %29\n  br i1 %30, label %31, label %36\n"
    },
    {
        "unoptimized": "%48 = load ptr, ptr %6, align 8\n  %49 = load i32, ptr getelementptr inbounds (%struct.TYPE_23__, ptr @async_resumption_context, i32 0, i32 1), align 4\n  %50 = load i32, ptr @async_resumption_context, align 4\n  %51 = call i32 @h2o_redis_connect(ptr noundef %48, i32 noundef %49, i32 noundef %50)\n  br label %52\n",
        "optimized": "%32 = load ptr, ptr %5, align 8\n  %33 = load i32, ptr getelementptr inbounds (%struct.TYPE_21__, ptr @async_resumption_context, i64 0, i32 0, i32 1), align 4\n  %34 = load i32, ptr @async_resumption_context, align 4\n  %35 = call i32 @h2o_redis_connect(ptr noundef %32, i32 noundef %33, i32 noundef %34) #2\n  br label %36\n"
    },
    {
        "unoptimized": "%53 = load ptr, ptr %5, align 8\n  %54 = getelementptr inbounds %struct.st_h2o_redis_resumption_accept_data_t, ptr %53, i32 0, i32 0\n  %55 = getelementptr inbounds %struct.TYPE_25__, ptr %54, i32 0, i32 0\n  %56 = call i32 @h2o_timer_unlink(ptr noundef %55)\n  %57 = load i32, ptr @on_redis_resumption_get_failed, align 4\n  %58 = load ptr, ptr %5, align 8\n  %59 = getelementptr inbounds %struct.st_h2o_redis_resumption_accept_data_t, ptr %58, i32 0, i32 0\n  %60 = getelementptr inbounds %struct.TYPE_25__, ptr %59, i32 0, i32 0\n  %61 = getelementptr inbounds %struct.TYPE_19__, ptr %60, i32 0, i32 0\n  store i32 %57, ptr %61, align 8\n  %62 = load ptr, ptr %5, align 8\n  %63 = getelementptr inbounds %struct.st_h2o_redis_resumption_accept_data_t, ptr %62, i32 0, i32 0\n  %64 = getelementptr inbounds %struct.TYPE_25__, ptr %63, i32 0, i32 1\n  %65 = load ptr, ptr %64, align 8\n  %66 = getelementptr inbounds %struct.TYPE_24__, ptr %65, i32 0, i32 0\n  %67 = load ptr, ptr %66, align 8\n  %68 = getelementptr inbounds %struct.TYPE_20__, ptr %67, i32 0, i32 0\n  %69 = load i32, ptr %68, align 4\n  %70 = load ptr, ptr %5, align 8\n  %71 = getelementptr inbounds %struct.st_h2o_redis_resumption_accept_data_t, ptr %70, i32 0, i32 0\n  %72 = getelementptr inbounds %struct.TYPE_25__, ptr %71, i32 0, i32 0\n  %73 = call i32 @h2o_timer_link(i32 noundef %69, i32 noundef 0, ptr noundef %72)\n  br label %74\n",
        "optimized": "%37 = load ptr, ptr %4, align 8\n  %38 = call i32 @h2o_timer_unlink(ptr noundef %37) #2\n  %39 = load i32, ptr @on_redis_resumption_get_failed, align 4\n  store i32 %39, ptr %37, align 8\n  %40 = getelementptr inbounds %struct.TYPE_25__, ptr %37, i64 0, i32 1\n  %41 = load ptr, ptr %40, align 8\n  %42 = load ptr, ptr %41, align 8\n  %43 = load i32, ptr %42, align 4\n  %44 = load ptr, ptr %4, align 8\n  %45 = call i32 @h2o_timer_link(i32 noundef %43, i32 noundef 0, ptr noundef %44) #2\n  br label %46\n"
    },
    {
        "unoptimized": "ret void\n}",
        "optimized": "ret void\n}"
    }
]