[
    {
        "unoptimized": "%11 = alloca i32, align 4\n  %12 = alloca ptr, align 8\n  %13 = alloca ptr, align 8\n  %14 = alloca i32, align 4\n  %15 = alloca ptr, align 8\n  %16 = alloca ptr, align 8\n  %17 = alloca ptr, align 8\n  %18 = alloca ptr, align 8\n  %19 = alloca ptr, align 8\n  %20 = alloca i64, align 8\n  %21 = alloca ptr, align 8\n  %22 = alloca %struct.st_h2o_qpack_decode_header_ctx_t, align 4\n  %23 = alloca ptr, align 8\n  %24 = alloca ptr, align 8\n  %25 = alloca i32, align 4\n  store ptr %0, ptr %12, align 8\n  store ptr %1, ptr %13, align 8\n  store i32 %2, ptr %14, align 4\n  store ptr %3, ptr %15, align 8\n  store ptr %4, ptr %16, align 8\n  store ptr %5, ptr %17, align 8\n  store ptr %6, ptr %18, align 8\n  store ptr %7, ptr %19, align 8\n  store i64 %8, ptr %20, align 8\n  store ptr %9, ptr %21, align 8\n  %26 = load ptr, ptr %19, align 8\n  store ptr %26, ptr %23, align 8\n  %27 = load ptr, ptr %23, align 8\n  %28 = load i64, ptr %20, align 8\n  %29 = getelementptr inbounds i32, ptr %27, i64 %28\n  store ptr %29, ptr %24, align 8\n  %30 = load ptr, ptr %13, align 8\n  %31 = load i32, ptr %14, align 4\n  %32 = load ptr, ptr %24, align 8\n  %33 = call i32 @parse_decode_context(ptr noundef %30, ptr noundef %22, i32 noundef %31, ptr noundef %23, ptr noundef %32)\n  store i32 %33, ptr %25, align 4\n  %34 = icmp ne i32 %33, 0\n  br i1 %34, label %35, label %37\n",
        "optimized": "%11 = alloca i32, align 4\n  %12 = alloca ptr, align 8\n  %13 = alloca ptr, align 8\n  %14 = alloca i32, align 4\n  %15 = alloca ptr, align 8\n  %16 = alloca ptr, align 8\n  %17 = alloca ptr, align 8\n  %18 = alloca ptr, align 8\n  %19 = alloca ptr, align 8\n  %20 = alloca %struct.st_h2o_qpack_decode_header_ctx_t, align 4\n  %21 = alloca ptr, align 8\n  %22 = alloca ptr, align 8\n  %23 = alloca i32, align 4\n  store ptr %0, ptr %12, align 8\n  store ptr %1, ptr %13, align 8\n  store i32 %2, ptr %14, align 4\n  store ptr %3, ptr %15, align 8\n  store ptr %4, ptr %16, align 8\n  store ptr %5, ptr %17, align 8\n  store ptr %6, ptr %18, align 8\n  store ptr %9, ptr %19, align 8\n  store ptr %7, ptr %21, align 8\n  %24 = getelementptr inbounds i32, ptr %7, i64 %8\n  store ptr %24, ptr %22, align 8\n  %25 = load ptr, ptr %13, align 8\n  %26 = load i32, ptr %14, align 4\n  %27 = call i32 @parse_decode_context(ptr noundef %25, ptr noundef nonnull %20, i32 noundef %26, ptr noundef nonnull %21, ptr noundef %24) #2\n  store i32 %27, ptr %23, align 4\n  %.not = icmp eq i32 %27, 0\n  br i1 %.not, label %30, label %28\n"
    },
    {
        "unoptimized": "%36 = load i32, ptr %25, align 4\n  store i32 %36, ptr %11, align 4\n  br label %62\n",
        "optimized": "%29 = load i32, ptr %23, align 4\n  store i32 %29, ptr %11, align 4\n  br label %53\n"
    },
    {
        "unoptimized": "%38 = load ptr, ptr %12, align 8\n  %39 = load i32, ptr @decode_header, align 4\n  %40 = load ptr, ptr %15, align 8\n  %41 = load ptr, ptr %16, align 8\n  %42 = load ptr, ptr %23, align 8\n  %43 = load ptr, ptr %24, align 8\n  %44 = load ptr, ptr %23, align 8\n  %45 = ptrtoint ptr %43 to i64\n  %46 = ptrtoint ptr %44 to i64\n  %47 = sub i64 %45, %46\n  %48 = sdiv exact i64 %47, 4\n  %49 = trunc i64 %48 to i32\n  %50 = load ptr, ptr %21, align 8\n  %51 = call i32 @h2o_hpack_parse_response(ptr noundef %38, i32 noundef %39, ptr noundef %22, ptr noundef %40, ptr noundef %41, ptr noundef %42, i32 noundef %49, ptr noundef %50)\n  store i32 %51, ptr %25, align 4\n  %52 = icmp ne i32 %51, 0\n  br i1 %52, label %53, label %56\n",
        "optimized": "%31 = load ptr, ptr %12, align 8\n  %32 = load i32, ptr @decode_header, align 4\n  %33 = load ptr, ptr %15, align 8\n  %34 = load ptr, ptr %16, align 8\n  %35 = load ptr, ptr %21, align 8\n  %36 = load ptr, ptr %22, align 8\n  %37 = ptrtoint ptr %36 to i64\n  %38 = ptrtoint ptr %35 to i64\n  %39 = sub i64 %37, %38\n  %40 = lshr exact i64 %39, 2\n  %41 = trunc i64 %40 to i32\n  %42 = load ptr, ptr %19, align 8\n  %43 = call i32 @h2o_hpack_parse_response(ptr noundef %31, i32 noundef %32, ptr noundef nonnull %20, ptr noundef %33, ptr noundef %34, ptr noundef %35, i32 noundef %41, ptr noundef %42) #2\n  store i32 %43, ptr %23, align 4\n  %.not1 = icmp eq i32 %43, 0\n  br i1 %.not1, label %47, label %44\n"
    },
    {
        "unoptimized": "%54 = load i32, ptr %25, align 4\n  %55 = call i32 @normalize_error_code(i32 noundef %54)\n  store i32 %55, ptr %11, align 4\n  br label %62\n",
        "optimized": "%45 = load i32, ptr %23, align 4\n  %46 = call i32 @normalize_error_code(i32 noundef %45) #2\n  store i32 %46, ptr %11, align 4\n  br label %53\n"
    },
    {
        "unoptimized": "%57 = load ptr, ptr %13, align 8\n  %58 = load ptr, ptr %17, align 8\n  %59 = load i32, ptr %14, align 4\n  %60 = call i64 @send_header_ack(ptr noundef %57, ptr noundef %22, ptr noundef %58, i32 noundef %59)\n  %61 = load ptr, ptr %18, align 8\n  store i64 %60, ptr %61, align 8\n  store i32 0, ptr %11, align 4\n  br label %62\n",
        "optimized": "%48 = load ptr, ptr %13, align 8\n  %49 = load ptr, ptr %17, align 8\n  %50 = load i32, ptr %14, align 4\n  %51 = call i64 @send_header_ack(ptr noundef %48, ptr noundef nonnull %20, ptr noundef %49, i32 noundef %50) #2\n  %52 = load ptr, ptr %18, align 8\n  store i64 %51, ptr %52, align 8\n  store i32 0, ptr %11, align 4\n  br label %53\n"
    },
    {
        "unoptimized": "%63 = load i32, ptr %11, align 4\n  ret i32 %63\n}",
        "optimized": "%54 = load i32, ptr %11, align 4\n  ret i32 %54\n}"
    }
]