[
    {
        "unoptimized": "%2 = alloca i64, align 8\n  %3 = alloca ptr, align 8\n  %4 = alloca i64, align 8\n  %5 = alloca i64, align 8\n  %6 = alloca i64, align 8\n  %7 = alloca i64, align 8\n  %8 = alloca i64, align 8\n  %9 = alloca i64, align 8\n  %10 = alloca i64, align 8\n  store ptr %0, ptr %3, align 8\n  %11 = load ptr, ptr %3, align 8\n  %12 = getelementptr inbounds %struct.TYPE_3__, ptr %11, i32 0, i32 0\n  %13 = load i64, ptr %12, align 8\n  store i64 %13, ptr %6, align 8\n  store i64 0, ptr %4, align 8\n  br label %14\n",
        "optimized": "%2 = alloca ptr, align 8\n  %3 = alloca i64, align 8\n  %4 = alloca i64, align 8\n  %5 = alloca i64, align 8\n  %6 = alloca i64, align 8\n  %7 = alloca i64, align 8\n  %8 = alloca i64, align 8\n  %9 = alloca i64, align 8\n  store ptr %0, ptr %2, align 8\n  %10 = load i64, ptr %0, align 8\n  store i64 %10, ptr %5, align 8\n  br label %11\n"
    },
    {
        "unoptimized": "%15 = load i64, ptr %4, align 8\n  %16 = load ptr, ptr %3, align 8\n  %17 = getelementptr inbounds %struct.TYPE_3__, ptr %16, i32 0, i32 1\n  %18 = load i64, ptr %17, align 8\n  %19 = icmp ult i64 %15, %18\n  br i1 %19, label %20, label %133\n",
        "optimized": "%storemerge = phi i64 [ 0, %1 ], [ %117, %115 ]\n  store i64 %storemerge, ptr %3, align 8\n  %12 = load ptr, ptr %2, align 8\n  %13 = getelementptr inbounds %struct.TYPE_3__, ptr %12, i64 0, i32 1\n  %14 = load i64, ptr %13, align 8\n  %15 = icmp ult i64 %storemerge, %14\n  br i1 %15, label %16, label %118\n"
    },
    {
        "unoptimized": "%21 = load i64, ptr %4, align 8\n  %22 = load i64, ptr @H2O_TIMERWHEEL_BITS_PER_WHEEL, align 8\n  %23 = mul i64 %21, %22\n  %24 = shl i64 1, %23\n  store i64 %24, ptr %7, align 8\n  %25 = load i64, ptr %4, align 8\n  %26 = load i64, ptr %6, align 8\n  %27 = call i64 @timer_slot(i64 noundef %25, i64 noundef %26)\n  store i64 %27, ptr %8, align 8\n  %28 = load i64, ptr %8, align 8\n  store i64 %28, ptr %5, align 8\n  br label %29\n",
        "optimized": "%17 = load i64, ptr %3, align 8\n  %18 = load i64, ptr @H2O_TIMERWHEEL_BITS_PER_WHEEL, align 8\n  %19 = mul i64 %17, %18\n  %20 = shl nuw i64 1, %19\n  store i64 %20, ptr %6, align 8\n  %21 = load i64, ptr %5, align 8\n  %22 = call i64 @timer_slot(i64 noundef %17, i64 noundef %21) #2\n  store i64 %22, ptr %7, align 8\n  br label %23\n"
    },
    {
        "unoptimized": "%30 = load i64, ptr %5, align 8\n  %31 = load i64, ptr @H2O_TIMERWHEEL_SLOTS_PER_WHEEL, align 8\n  %32 = icmp ult i64 %30, %31\n  br i1 %32, label %33, label %52\n",
        "optimized": "%storemerge2 = phi i64 [ %22, %16 ], [ %43, %41 ]\n  store i64 %storemerge2, ptr %4, align 8\n  %24 = load i64, ptr @H2O_TIMERWHEEL_SLOTS_PER_WHEEL, align 8\n  %25 = icmp ult i64 %storemerge2, %24\n  br i1 %25, label %26, label %44\n"
    },
    {
        "unoptimized": "%34 = load ptr, ptr %3, align 8\n  %35 = getelementptr inbounds %struct.TYPE_3__, ptr %34, i32 0, i32 2\n  %36 = load ptr, ptr %35, align 8\n  %37 = load i64, ptr %4, align 8\n  %38 = getelementptr inbounds ptr, ptr %36, i64 %37\n  %39 = load ptr, ptr %38, align 8\n  %40 = load i64, ptr %5, align 8\n  %41 = getelementptr inbounds i32, ptr %39, i64 %40\n  %42 = call i32 @h2o_linklist_is_empty(ptr noundef %41)\n  %43 = icmp ne i32 %42, 0\n  br i1 %43, label %45, label %44\n",
        "optimized": "%27 = load ptr, ptr %2, align 8\n  %28 = getelementptr inbounds %struct.TYPE_3__, ptr %27, i64 0, i32 2\n  %29 = load ptr, ptr %28, align 8\n  %30 = load i64, ptr %3, align 8\n  %31 = getelementptr inbounds ptr, ptr %29, i64 %30\n  %32 = load ptr, ptr %31, align 8\n  %33 = load i64, ptr %4, align 8\n  %34 = getelementptr inbounds i32, ptr %32, i64 %33\n  %35 = call i32 @h2o_linklist_is_empty(ptr noundef %34) #2\n  %.not7 = icmp eq i32 %35, 0\n  br i1 %.not7, label %36, label %37\n"
    },
    {
        "unoptimized": "br label %135\n",
        "optimized": "br label %120\n"
    },
    {
        "unoptimized": "%46 = load i64, ptr %7, align 8\n  %47 = load i64, ptr %6, align 8\n  %48 = add i64 %47, %46\n  store i64 %48, ptr %6, align 8\n  br label %49\n",
        "optimized": "%38 = load i64, ptr %6, align 8\n  %39 = load i64, ptr %5, align 8\n  %40 = add i64 %39, %38\n  store i64 %40, ptr %5, align 8\n  br label %41\n"
    },
    {
        "unoptimized": "%50 = load i64, ptr %5, align 8\n  %51 = add i64 %50, 1\n  store i64 %51, ptr %5, align 8\n  br label %29, !llvm.loop !6\n",
        "optimized": "%42 = load i64, ptr %4, align 8\n  %43 = add i64 %42, 1\n  br label %23, !llvm.loop !6\n"
    },
    {
        "unoptimized": "br label %53\n",
        "optimized": "br label %45\n"
    },
    {
        "unoptimized": "%54 = load i64, ptr %4, align 8\n  %55 = add i64 %54, 1\n  %56 = load ptr, ptr %3, align 8\n  %57 = getelementptr inbounds %struct.TYPE_3__, ptr %56, i32 0, i32 1\n  %58 = load i64, ptr %57, align 8\n  %59 = icmp ult i64 %55, %58\n  br i1 %59, label %60, label %93\n",
        "optimized": "%46 = load i64, ptr %3, align 8\n  %47 = add i64 %46, 1\n  %48 = load ptr, ptr %2, align 8\n  %49 = getelementptr inbounds %struct.TYPE_3__, ptr %48, i64 0, i32 1\n  %50 = load i64, ptr %49, align 8\n  %51 = icmp ult i64 %47, %50\n  br i1 %51, label %52, label %80\n"
    },
    {
        "unoptimized": "%61 = load i64, ptr %4, align 8\n  %62 = add i64 %61, 1\n  store i64 %62, ptr %9, align 8\n  br label %63\n",
        "optimized": "%53 = load i64, ptr %3, align 8\n  br label %54\n"
    },
    {
        "unoptimized": "%64 = load i64, ptr %9, align 8\n  %65 = load ptr, ptr %3, align 8\n  %66 = getelementptr inbounds %struct.TYPE_3__, ptr %65, i32 0, i32 1\n  %67 = load i64, ptr %66, align 8\n  %68 = icmp ult i64 %64, %67\n  br i1 %68, label %69, label %92\n",
        "optimized": "%storemerge4.in = phi i64 [ %53, %52 ], [ %78, %77 ]\n  %storemerge4 = add i64 %storemerge4.in, 1\n  store i64 %storemerge4, ptr %8, align 8\n  %55 = load ptr, ptr %2, align 8\n  %56 = getelementptr inbounds %struct.TYPE_3__, ptr %55, i64 0, i32 1\n  %57 = load i64, ptr %56, align 8\n  %58 = icmp ult i64 %storemerge4, %57\n  br i1 %58, label %59, label %79\n"
    },
    {
        "unoptimized": "%70 = load i64, ptr %9, align 8\n  %71 = load i64, ptr %6, align 8\n  %72 = call i64 @timer_slot(i64 noundef %70, i64 noundef %71)\n  store i64 %72, ptr %10, align 8\n  %73 = load ptr, ptr %3, align 8\n  %74 = getelementptr inbounds %struct.TYPE_3__, ptr %73, i32 0, i32 2\n  %75 = load ptr, ptr %74, align 8\n  %76 = load i64, ptr %9, align 8\n  %77 = getelementptr inbounds ptr, ptr %75, i64 %76\n  %78 = load ptr, ptr %77, align 8\n  %79 = load i64, ptr %10, align 8\n  %80 = getelementptr inbounds i32, ptr %78, i64 %79\n  %81 = call i32 @h2o_linklist_is_empty(ptr noundef %80)\n  %82 = icmp ne i32 %81, 0\n  br i1 %82, label %84, label %83\n",
        "optimized": "%60 = load i64, ptr %8, align 8\n  %61 = load i64, ptr %5, align 8\n  %62 = call i64 @timer_slot(i64 noundef %60, i64 noundef %61) #2\n  store i64 %62, ptr %9, align 8\n  %63 = load ptr, ptr %2, align 8\n  %64 = getelementptr inbounds %struct.TYPE_3__, ptr %63, i64 0, i32 2\n  %65 = load ptr, ptr %64, align 8\n  %66 = load i64, ptr %8, align 8\n  %67 = getelementptr inbounds ptr, ptr %65, i64 %66\n  %68 = load ptr, ptr %67, align 8\n  %69 = load i64, ptr %9, align 8\n  %70 = getelementptr inbounds i32, ptr %68, i64 %69\n  %71 = call i32 @h2o_linklist_is_empty(ptr noundef %70) #2\n  %.not5 = icmp eq i32 %71, 0\n  br i1 %.not5, label %72, label %73\n"
    },
    {
        "unoptimized": "br label %135\n",
        "optimized": "br label %120\n"
    },
    {
        "unoptimized": "%85 = load i64, ptr %10, align 8\n  %86 = icmp ne i64 %85, 0\n  br i1 %86, label %87, label %88\n",
        "optimized": "%74 = load i64, ptr %9, align 8\n  %.not6 = icmp eq i64 %74, 0\n  br i1 %.not6, label %76, label %75\n"
    },
    {
        "unoptimized": "br label %92\n",
        "optimized": "br label %79\n"
    },
    {
        "unoptimized": "br label %89\n",
        "optimized": "br label %77\n"
    },
    {
        "unoptimized": "%90 = load i64, ptr %9, align 8\n  %91 = add i64 %90, 1\n  store i64 %91, ptr %9, align 8\n  br label %63, !llvm.loop !8\n",
        "optimized": "%78 = load i64, ptr %8, align 8\n  br label %54, !llvm.loop !8\n"
    },
    {
        "unoptimized": "br label %93\n",
        "optimized": "br label %80\n"
    },
    {
        "unoptimized": "%94 = load i64, ptr %8, align 8\n  %95 = icmp eq i64 %94, 0\n  br i1 %95, label %96, label %97\n",
        "optimized": "%81 = load i64, ptr %7, align 8\n  %82 = icmp eq i64 %81, 0\n  br i1 %82, label %83, label %84\n"
    },
    {
        "unoptimized": "br label %129\n",
        "optimized": "br label %114\n"
    },
    {
        "unoptimized": "store i64 0, ptr %5, align 8\n  br label %98\n",
        "optimized": "br label %85\n"
    },
    {
        "unoptimized": "%99 = load i64, ptr %5, align 8\n  %100 = load i64, ptr %8, align 8\n  %101 = icmp ult i64 %99, %100\n  br i1 %101, label %102, label %121\n",
        "optimized": "%storemerge3 = phi i64 [ 0, %84 ], [ %105, %103 ]\n  store i64 %storemerge3, ptr %4, align 8\n  %86 = load i64, ptr %7, align 8\n  %87 = icmp ult i64 %storemerge3, %86\n  br i1 %87, label %88, label %106\n"
    },
    {
        "unoptimized": "%103 = load ptr, ptr %3, align 8\n  %104 = getelementptr inbounds %struct.TYPE_3__, ptr %103, i32 0, i32 2\n  %105 = load ptr, ptr %104, align 8\n  %106 = load i64, ptr %4, align 8\n  %107 = getelementptr inbounds ptr, ptr %105, i64 %106\n  %108 = load ptr, ptr %107, align 8\n  %109 = load i64, ptr %5, align 8\n  %110 = getelementptr inbounds i32, ptr %108, i64 %109\n  %111 = call i32 @h2o_linklist_is_empty(ptr noundef %110)\n  %112 = icmp ne i32 %111, 0\n  br i1 %112, label %114, label %113\n",
        "optimized": "%89 = load ptr, ptr %2, align 8\n  %90 = getelementptr inbounds %struct.TYPE_3__, ptr %89, i64 0, i32 2\n  %91 = load ptr, ptr %90, align 8\n  %92 = load i64, ptr %3, align 8\n  %93 = getelementptr inbounds ptr, ptr %91, i64 %92\n  %94 = load ptr, ptr %93, align 8\n  %95 = load i64, ptr %4, align 8\n  %96 = getelementptr inbounds i32, ptr %94, i64 %95\n  %97 = call i32 @h2o_linklist_is_empty(ptr noundef %96) #2\n  %.not = icmp eq i32 %97, 0\n  br i1 %.not, label %98, label %99\n"
    },
    {
        "unoptimized": "br label %135\n",
        "optimized": "br label %120\n"
    },
    {
        "unoptimized": "%115 = load i64, ptr %7, align 8\n  %116 = load i64, ptr %6, align 8\n  %117 = add i64 %116, %115\n  store i64 %117, ptr %6, align 8\n  br label %118\n",
        "optimized": "%100 = load i64, ptr %6, align 8\n  %101 = load i64, ptr %5, align 8\n  %102 = add i64 %101, %100\n  store i64 %102, ptr %5, align 8\n  br label %103\n"
    },
    {
        "unoptimized": "%119 = load i64, ptr %5, align 8\n  %120 = add i64 %119, 1\n  store i64 %120, ptr %5, align 8\n  br label %98, !llvm.loop !9\n",
        "optimized": "%104 = load i64, ptr %4, align 8\n  %105 = add i64 %104, 1\n  br label %85, !llvm.loop !9\n"
    },
    {
        "unoptimized": "%122 = load i64, ptr %7, align 8\n  %123 = load i64, ptr @H2O_TIMERWHEEL_SLOTS_PER_WHEEL, align 8\n  %124 = load i64, ptr %8, align 8\n  %125 = sub i64 %123, %124\n  %126 = mul i64 %122, %125\n  %127 = load i64, ptr %6, align 8\n  %128 = add i64 %127, %126\n  store i64 %128, ptr %6, align 8\n  store i64 0, ptr %8, align 8\n  br label %53\n",
        "optimized": "%107 = load i64, ptr %6, align 8\n  %108 = load i64, ptr @H2O_TIMERWHEEL_SLOTS_PER_WHEEL, align 8\n  %109 = load i64, ptr %7, align 8\n  %110 = sub i64 %108, %109\n  %111 = mul i64 %107, %110\n  %112 = load i64, ptr %5, align 8\n  %113 = add i64 %112, %111\n  store i64 %113, ptr %5, align 8\n  store i64 0, ptr %7, align 8\n  br label %45\n"
    },
    {
        "unoptimized": "br label %130\n",
        "optimized": "br label %115\n"
    },
    {
        "unoptimized": "%131 = load i64, ptr %4, align 8\n  %132 = add i64 %131, 1\n  store i64 %132, ptr %4, align 8\n  br label %14, !llvm.loop !10\n",
        "optimized": "%116 = load i64, ptr %3, align 8\n  %117 = add i64 %116, 1\n  br label %11, !llvm.loop !10\n"
    },
    {
        "unoptimized": "%134 = load i64, ptr @UINT64_MAX, align 8\n  store i64 %134, ptr %2, align 8\n  br label %137\n",
        "optimized": "%119 = load i64, ptr @UINT64_MAX, align 8\n  br label %122\n"
    },
    {
        "unoptimized": "%136 = load i64, ptr %6, align 8\n  store i64 %136, ptr %2, align 8\n  br label %137\n",
        "optimized": "%121 = load i64, ptr %5, align 8\n  br label %122\n"
    },
    {
        "unoptimized": "%138 = load i64, ptr %2, align 8\n  ret i64 %138\n}",
        "optimized": "%storemerge1 = phi i64 [ %119, %118 ], [ %121, %120 ]\n  ret i64 %storemerge1\n}"
    }
]