[
    {
        "unoptimized": "%6 = alloca ptr, align 8\n  %7 = alloca ptr, align 8\n  %8 = alloca i32, align 4\n  %9 = alloca i32, align 4\n  %10 = alloca ptr, align 8\n  %11 = alloca i32, align 4\n  %12 = alloca ptr, align 8\n  %13 = alloca ptr, align 8\n  store ptr %0, ptr %6, align 8\n  store ptr %1, ptr %7, align 8\n  store i32 %2, ptr %8, align 4\n  store i32 %3, ptr %9, align 4\n  store ptr %4, ptr %10, align 8\n  store i32 0, ptr %11, align 4\n  br label %14\n",
        "optimized": "%6 = alloca ptr, align 8\n  %7 = alloca ptr, align 8\n  %8 = alloca i32, align 4\n  %9 = alloca ptr, align 8\n  %10 = alloca i32, align 4\n  %11 = alloca ptr, align 8\n  store ptr %0, ptr %6, align 8\n  store ptr %1, ptr %7, align 8\n  store i32 %2, ptr %8, align 4\n  store ptr %4, ptr %9, align 8\n  store i32 0, ptr %10, align 4\n  br label %12\n"
    },
    {
        "unoptimized": "%15 = load ptr, ptr %6, align 8\n  %16 = call ptr @__ptr_ring_consume(ptr noundef %15)\n  store ptr %16, ptr %13, align 8\n  %17 = icmp ne ptr %16, null\n  br i1 %17, label %18, label %37\n",
        "optimized": "%13 = load ptr, ptr %6, align 8\n  %14 = call ptr @__ptr_ring_consume(ptr noundef %13) #2\n  store ptr %14, ptr %11, align 8\n  %.not = icmp eq ptr %14, null\n  br i1 %.not, label %33, label %15\n"
    },
    {
        "unoptimized": "%19 = load i32, ptr %11, align 4\n  %20 = load i32, ptr %8, align 4\n  %21 = icmp slt i32 %19, %20\n  br i1 %21, label %22, label %29\n",
        "optimized": "%16 = load i32, ptr %10, align 4\n  %17 = load i32, ptr %8, align 4\n  %18 = icmp slt i32 %16, %17\n  br i1 %18, label %19, label %26\n"
    },
    {
        "unoptimized": "%23 = load ptr, ptr %13, align 8\n  %24 = load ptr, ptr %7, align 8\n  %25 = load i32, ptr %11, align 4\n  %26 = add nsw i32 %25, 1\n  store i32 %26, ptr %11, align 4\n  %27 = sext i32 %25 to i64\n  %28 = getelementptr inbounds ptr, ptr %24, i64 %27\n  store ptr %23, ptr %28, align 8\n  br label %36\n",
        "optimized": "%20 = load ptr, ptr %11, align 8\n  %21 = load ptr, ptr %7, align 8\n  %22 = load i32, ptr %10, align 4\n  %23 = add nsw i32 %22, 1\n  store i32 %23, ptr %10, align 4\n  %24 = sext i32 %22 to i64\n  %25 = getelementptr inbounds ptr, ptr %21, i64 %24\n  store ptr %20, ptr %25, align 8\n  br label %32\n"
    },
    {
        "unoptimized": "%30 = load ptr, ptr %10, align 8\n  %31 = icmp ne ptr %30, null\n  br i1 %31, label %32, label %35\n",
        "optimized": "%27 = load ptr, ptr %9, align 8\n  %.not2 = icmp eq ptr %27, null\n  br i1 %.not2, label %31, label %28\n"
    },
    {
        "unoptimized": "%33 = load ptr, ptr %10, align 8\n  %34 = load ptr, ptr %13, align 8\n  call void %33(ptr noundef %34)\n  br label %35\n",
        "optimized": "%29 = load ptr, ptr %9, align 8\n  %30 = load ptr, ptr %11, align 8\n  call void %29(ptr noundef %30) #2\n  br label %31\n"
    },
    {
        "unoptimized": "br label %36\n",
        "optimized": "br label %32\n"
    },
    {
        "unoptimized": "br label %14, !llvm.loop !6\n",
        "optimized": "br label %12, !llvm.loop !6\n"
    },
    {
        "unoptimized": "%38 = load i32, ptr %11, align 4\n  %39 = load i32, ptr %8, align 4\n  %40 = icmp sge i32 %38, %39\n  br i1 %40, label %41, label %42\n",
        "optimized": "%34 = load i32, ptr %10, align 4\n  %35 = load i32, ptr %8, align 4\n  %.not1 = icmp slt i32 %34, %35\n  br i1 %.not1, label %37, label %36\n"
    },
    {
        "unoptimized": "store i32 0, ptr %11, align 4\n  br label %42\n",
        "optimized": "store i32 0, ptr %10, align 4\n  br label %37\n"
    },
    {
        "unoptimized": "%43 = load ptr, ptr %6, align 8\n  %44 = load i32, ptr %8, align 4\n  %45 = call i32 @__ptr_ring_set_size(ptr noundef %43, i32 noundef %44)\n  %46 = load i32, ptr %11, align 4\n  %47 = load ptr, ptr %6, align 8\n  %48 = getelementptr inbounds %struct.ptr_ring, ptr %47, i32 0, i32 0\n  store i32 %46, ptr %48, align 8\n  %49 = load ptr, ptr %6, align 8\n  %50 = getelementptr inbounds %struct.ptr_ring, ptr %49, i32 0, i32 3\n  store i64 0, ptr %50, align 8\n  %51 = load ptr, ptr %6, align 8\n  %52 = getelementptr inbounds %struct.ptr_ring, ptr %51, i32 0, i32 2\n  store i64 0, ptr %52, align 8\n  %53 = load ptr, ptr %6, align 8\n  %54 = getelementptr inbounds %struct.ptr_ring, ptr %53, i32 0, i32 1\n  %55 = load ptr, ptr %54, align 8\n  store ptr %55, ptr %12, align 8\n  %56 = load ptr, ptr %7, align 8\n  %57 = load ptr, ptr %6, align 8\n  %58 = getelementptr inbounds %struct.ptr_ring, ptr %57, i32 0, i32 1\n  store ptr %56, ptr %58, align 8\n  %59 = load ptr, ptr %12, align 8\n  ret ptr %59\n}",
        "optimized": "%38 = load ptr, ptr %6, align 8\n  %39 = load i32, ptr %8, align 4\n  %40 = call i32 @__ptr_ring_set_size(ptr noundef %38, i32 noundef %39) #2\n  %41 = load i32, ptr %10, align 4\n  store i32 %41, ptr %38, align 8\n  %42 = getelementptr inbounds %struct.ptr_ring, ptr %38, i64 0, i32 3\n  store i64 0, ptr %42, align 8\n  %43 = load ptr, ptr %6, align 8\n  %44 = getelementptr inbounds %struct.ptr_ring, ptr %43, i64 0, i32 2\n  store i64 0, ptr %44, align 8\n  %45 = getelementptr inbounds %struct.ptr_ring, ptr %43, i64 0, i32 1\n  %46 = load ptr, ptr %45, align 8\n  %47 = load ptr, ptr %7, align 8\n  %48 = getelementptr inbounds %struct.ptr_ring, ptr %43, i64 0, i32 1\n  store ptr %47, ptr %48, align 8\n  ret ptr %46\n}"
    }
]