[
    {
        "unoptimized": "%2 = alloca i32, align 4\n  %3 = alloca ptr, align 8\n  store i32 %0, ptr %2, align 4\n  %4 = load i32, ptr %2, align 4\n  %5 = icmp slt i32 %4, 0\n  br i1 %5, label %6, label %8\n",
        "optimized": "%2 = alloca i32, align 4\n  %3 = alloca ptr, align 8\n  store i32 %0, ptr %2, align 4\n  %4 = icmp slt i32 %0, 0\n  br i1 %4, label %5, label %7\n"
    },
    {
        "unoptimized": "%7 = call i32 @error(ptr noundef @.str)\n  br label %8\n",
        "optimized": "%6 = call i32 @error(ptr noundef nonnull @.str) #2\n  br label %7\n"
    },
    {
        "unoptimized": "%9 = load i32, ptr @malloc_ptr, align 4\n  %10 = icmp ne i32 %9, 0\n  br i1 %10, label %13, label %11\n",
        "optimized": "%8 = load i32, ptr @malloc_ptr, align 4\n  %.not = icmp eq i32 %8, 0\n  br i1 %.not, label %9, label %11\n"
    },
    {
        "unoptimized": "%12 = load i32, ptr @free_mem_ptr, align 4\n  store i32 %12, ptr @malloc_ptr, align 4\n  br label %13\n",
        "optimized": "%10 = load i32, ptr @free_mem_ptr, align 4\n  store i32 %10, ptr @malloc_ptr, align 4\n  br label %11\n"
    },
    {
        "unoptimized": "%14 = load i32, ptr @malloc_ptr, align 4\n  %15 = add nsw i32 %14, 3\n  %16 = and i32 %15, -4\n  store i32 %16, ptr @malloc_ptr, align 4\n  %17 = load i32, ptr @malloc_ptr, align 4\n  %18 = sext i32 %17 to i64\n  %19 = inttoptr i64 %18 to ptr\n  store ptr %19, ptr %3, align 8\n  %20 = load i32, ptr %2, align 4\n  %21 = load i32, ptr @malloc_ptr, align 4\n  %22 = add nsw i32 %21, %20\n  store i32 %22, ptr @malloc_ptr, align 4\n  %23 = load i32, ptr @free_mem_end_ptr, align 4\n  %24 = icmp ne i32 %23, 0\n  br i1 %24, label %25, label %31\n",
        "optimized": "%12 = load i32, ptr @malloc_ptr, align 4\n  %13 = add nsw i32 %12, 3\n  %14 = and i32 %13, -4\n  store i32 %14, ptr @malloc_ptr, align 4\n  %15 = sext i32 %14 to i64\n  %16 = inttoptr i64 %15 to ptr\n  store ptr %16, ptr %3, align 8\n  %17 = load i32, ptr %2, align 4\n  %18 = add nsw i32 %14, %17\n  store i32 %18, ptr @malloc_ptr, align 4\n  %19 = load i32, ptr @free_mem_end_ptr, align 4\n  %.not1 = icmp eq i32 %19, 0\n  br i1 %.not1, label %25, label %20\n"
    },
    {
        "unoptimized": "%26 = load i32, ptr @malloc_ptr, align 4\n  %27 = load i32, ptr @free_mem_end_ptr, align 4\n  %28 = icmp sge i32 %26, %27\n  br i1 %28, label %29, label %31\n",
        "optimized": "%21 = load i32, ptr @malloc_ptr, align 4\n  %22 = load i32, ptr @free_mem_end_ptr, align 4\n  %.not2 = icmp slt i32 %21, %22\n  br i1 %.not2, label %25, label %23\n"
    },
    {
        "unoptimized": "%30 = call i32 @error(ptr noundef @.str.1)\n  br label %31\n",
        "optimized": "%24 = call i32 @error(ptr noundef nonnull @.str.1) #2\n  br label %25\n"
    },
    {
        "unoptimized": "%32 = load i32, ptr @malloc_count, align 4\n  %33 = add nsw i32 %32, 1\n  store i32 %33, ptr @malloc_count, align 4\n  %34 = load ptr, ptr %3, align 8\n  ret ptr %34\n}",
        "optimized": "%26 = load i32, ptr @malloc_count, align 4\n  %27 = add nsw i32 %26, 1\n  store i32 %27, ptr @malloc_count, align 4\n  %28 = load ptr, ptr %3, align 8\n  ret ptr %28\n}"
    }
]