[
    {
        "unoptimized": "%3 = alloca ptr, align 8\n  %4 = alloca i32, align 4\n  store ptr %0, ptr %3, align 8\n  store i32 %1, ptr %4, align 4\n  %5 = load i32, ptr %4, align 4\n  %6 = icmp sle i32 100, %5\n  br i1 %6, label %7, label %10\n",
        "optimized": "%3 = alloca ptr, align 8\n  %4 = alloca i32, align 4\n  store ptr %0, ptr %3, align 8\n  store i32 %1, ptr %4, align 4\n  %5 = icmp sgt i32 %1, 99\n  br i1 %5, label %6, label %10\n"
    },
    {
        "unoptimized": "%8 = load i32, ptr %4, align 4\n  %9 = icmp sle i32 %8, 999\n  br label %10\n",
        "optimized": "%7 = load i32, ptr %4, align 4\n  %8 = icmp slt i32 %7, 1000\n  %9 = zext i1 %8 to i32\n  br label %10\n"
    },
    {
        "unoptimized": "%11 = phi i1 [ false, %2 ], [ %9, %7 ]\n  %12 = zext i1 %11 to i32\n  %13 = call i32 @assert(i32 noundef %12)\n  %14 = load i32, ptr %4, align 4\n  switch i32 %14, label %36 [\n    i32 200, label %15\n    i32 204, label %18\n    i32 206, label %21\n    i32 304, label %24\n    i32 400, label %27\n    i32 404, label %30\n    i32 500, label %33\n  ]\n",
        "optimized": "%11 = phi i32 [ 0, %2 ], [ %9, %6 ]\n  %12 = call i32 @assert(i32 noundef %11) #2\n  %13 = load i32, ptr %4, align 4\n  switch i32 %13, label %35 [\n    i32 200, label %14\n    i32 204, label %17\n    i32 206, label %20\n    i32 304, label %23\n    i32 400, label %26\n    i32 404, label %29\n    i32 500, label %32\n  ]\n"
    },
    {
        "unoptimized": "%16 = load ptr, ptr %3, align 8\n  %17 = getelementptr inbounds i32, ptr %16, i32 1\n  store ptr %17, ptr %3, align 8\n  store i32 136, ptr %16, align 4\n  br label %46\n",
        "optimized": "%15 = load ptr, ptr %3, align 8\n  %16 = getelementptr inbounds i32, ptr %15, i64 1\n  store ptr %16, ptr %3, align 8\n  store i32 136, ptr %15, align 4\n  br label %42\n"
    },
    {
        "unoptimized": "%19 = load ptr, ptr %3, align 8\n  %20 = getelementptr inbounds i32, ptr %19, i32 1\n  store ptr %20, ptr %3, align 8\n  store i32 137, ptr %19, align 4\n  br label %46\n",
        "optimized": "%18 = load ptr, ptr %3, align 8\n  %19 = getelementptr inbounds i32, ptr %18, i64 1\n  store ptr %19, ptr %3, align 8\n  store i32 137, ptr %18, align 4\n  br label %42\n"
    },
    {
        "unoptimized": "%22 = load ptr, ptr %3, align 8\n  %23 = getelementptr inbounds i32, ptr %22, i32 1\n  store ptr %23, ptr %3, align 8\n  store i32 138, ptr %22, align 4\n  br label %46\n",
        "optimized": "%21 = load ptr, ptr %3, align 8\n  %22 = getelementptr inbounds i32, ptr %21, i64 1\n  store ptr %22, ptr %3, align 8\n  store i32 138, ptr %21, align 4\n  br label %42\n"
    },
    {
        "unoptimized": "%25 = load ptr, ptr %3, align 8\n  %26 = getelementptr inbounds i32, ptr %25, i32 1\n  store ptr %26, ptr %3, align 8\n  store i32 139, ptr %25, align 4\n  br label %46\n",
        "optimized": "%24 = load ptr, ptr %3, align 8\n  %25 = getelementptr inbounds i32, ptr %24, i64 1\n  store ptr %25, ptr %3, align 8\n  store i32 139, ptr %24, align 4\n  br label %42\n"
    },
    {
        "unoptimized": "%28 = load ptr, ptr %3, align 8\n  %29 = getelementptr inbounds i32, ptr %28, i32 1\n  store ptr %29, ptr %3, align 8\n  store i32 140, ptr %28, align 4\n  br label %46\n",
        "optimized": "%27 = load ptr, ptr %3, align 8\n  %28 = getelementptr inbounds i32, ptr %27, i64 1\n  store ptr %28, ptr %3, align 8\n  store i32 140, ptr %27, align 4\n  br label %42\n"
    },
    {
        "unoptimized": "%31 = load ptr, ptr %3, align 8\n  %32 = getelementptr inbounds i32, ptr %31, i32 1\n  store ptr %32, ptr %3, align 8\n  store i32 141, ptr %31, align 4\n  br label %46\n",
        "optimized": "%30 = load ptr, ptr %3, align 8\n  %31 = getelementptr inbounds i32, ptr %30, i64 1\n  store ptr %31, ptr %3, align 8\n  store i32 141, ptr %30, align 4\n  br label %42\n"
    },
    {
        "unoptimized": "%34 = load ptr, ptr %3, align 8\n  %35 = getelementptr inbounds i32, ptr %34, i32 1\n  store ptr %35, ptr %3, align 8\n  store i32 142, ptr %34, align 4\n  br label %46\n",
        "optimized": "%33 = load ptr, ptr %3, align 8\n  %34 = getelementptr inbounds i32, ptr %33, i64 1\n  store ptr %34, ptr %3, align 8\n  store i32 142, ptr %33, align 4\n  br label %42\n"
    },
    {
        "unoptimized": "%37 = load ptr, ptr %3, align 8\n  %38 = getelementptr inbounds i32, ptr %37, i32 1\n  store ptr %38, ptr %3, align 8\n  store i32 8, ptr %37, align 4\n  %39 = load ptr, ptr %3, align 8\n  %40 = getelementptr inbounds i32, ptr %39, i32 1\n  store ptr %40, ptr %3, align 8\n  store i32 3, ptr %39, align 4\n  %41 = load ptr, ptr %3, align 8\n  %42 = load i32, ptr %4, align 4\n  %43 = call i32 @sprintf(ptr noundef %41, ptr noundef @.str, i32 noundef %42)\n  %44 = load ptr, ptr %3, align 8\n  %45 = getelementptr inbounds i32, ptr %44, i64 3\n  store ptr %45, ptr %3, align 8\n  br label %46\n",
        "optimized": "%36 = load ptr, ptr %3, align 8\n  %37 = getelementptr inbounds i32, ptr %36, i64 1\n  store ptr %37, ptr %3, align 8\n  store i32 8, ptr %36, align 4\n  %38 = getelementptr inbounds i32, ptr %36, i64 2\n  store ptr %38, ptr %3, align 8\n  store i32 3, ptr %37, align 4\n  %39 = load i32, ptr %4, align 4\n  %40 = call i32 @sprintf(ptr noundef nonnull %38, ptr noundef nonnull @.str, i32 noundef %39) #2\n  %41 = getelementptr inbounds i32, ptr %36, i64 5\n  store ptr %41, ptr %3, align 8\n  br label %42\n"
    },
    {
        "unoptimized": "%47 = load ptr, ptr %3, align 8\n  ret ptr %47\n}",
        "optimized": "%43 = load ptr, ptr %3, align 8\n  ret ptr %43\n}"
    }
]