[
    {
        "unoptimized": "%2 = alloca ptr, align 8\n  %3 = alloca i32, align 4\n  %4 = alloca i32, align 4\n  store ptr %0, ptr %2, align 8\n  store i32 0, ptr %3, align 4\n  br label %5\n",
        "optimized": "%2 = alloca ptr, align 8\n  %3 = alloca i32, align 4\n  %4 = alloca i32, align 4\n  store ptr %0, ptr %2, align 8\n  br label %5\n"
    },
    {
        "unoptimized": "%6 = load i32, ptr %3, align 4\n  %7 = icmp slt i32 %6, 10000\n  br i1 %7, label %8, label %20\n",
        "optimized": "%storemerge = phi i32 [ 0, %1 ], [ %17, %15 ]\n  store i32 %storemerge, ptr %3, align 4\n  %6 = icmp slt i32 %storemerge, 10000\n  br i1 %6, label %7, label %18\n"
    },
    {
        "unoptimized": "%9 = load ptr, ptr %2, align 8\n  %10 = load ptr, ptr %2, align 8\n  %11 = load i32, ptr @GFP_KERNEL, align 4\n  %12 = call i32 @ida_alloc(ptr noundef %10, i32 noundef %11)\n  %13 = load i32, ptr %3, align 4\n  %14 = icmp ne i32 %12, %13\n  %15 = zext i1 %14 to i32\n  %16 = call i32 @IDA_BUG_ON(ptr noundef %9, i32 noundef %15)\n  br label %17\n",
        "optimized": "%8 = load ptr, ptr %2, align 8\n  %9 = load i32, ptr @GFP_KERNEL, align 4\n  %10 = call i32 @ida_alloc(ptr noundef %8, i32 noundef %9) #2\n  %11 = load i32, ptr %3, align 4\n  %12 = icmp ne i32 %10, %11\n  %13 = zext i1 %12 to i32\n  %14 = call i32 @IDA_BUG_ON(ptr noundef %8, i32 noundef %13) #2\n  br label %15\n"
    },
    {
        "unoptimized": "%18 = load i32, ptr %3, align 4\n  %19 = add nsw i32 %18, 1\n  store i32 %19, ptr %3, align 4\n  br label %5, !llvm.loop !6\n",
        "optimized": "%16 = load i32, ptr %3, align 4\n  %17 = add nsw i32 %16, 1\n  br label %5, !llvm.loop !6\n"
    },
    {
        "unoptimized": "%21 = load ptr, ptr %2, align 8\n  %22 = call i32 @ida_free(ptr noundef %21, i32 noundef 20)\n  %23 = load ptr, ptr %2, align 8\n  %24 = call i32 @ida_free(ptr noundef %23, i32 noundef 21)\n  store i32 0, ptr %3, align 4\n  br label %25\n",
        "optimized": "%19 = load ptr, ptr %2, align 8\n  %20 = call i32 @ida_free(ptr noundef %19, i32 noundef 20) #2\n  %21 = call i32 @ida_free(ptr noundef %19, i32 noundef 21) #2\n  br label %22\n"
    },
    {
        "unoptimized": "%26 = load i32, ptr %3, align 4\n  %27 = icmp slt i32 %26, 3\n  br i1 %27, label %28, label %49\n",
        "optimized": "%storemerge1 = phi i32 [ 0, %18 ], [ %40, %38 ]\n  store i32 %storemerge1, ptr %3, align 4\n  %23 = icmp slt i32 %storemerge1, 3\n  br i1 %23, label %24, label %41\n"
    },
    {
        "unoptimized": "%29 = load ptr, ptr %2, align 8\n  %30 = load i32, ptr @GFP_KERNEL, align 4\n  %31 = call i32 @ida_alloc(ptr noundef %29, i32 noundef %30)\n  store i32 %31, ptr %4, align 4\n  %32 = load ptr, ptr %2, align 8\n  %33 = load i32, ptr %4, align 4\n  %34 = icmp slt i32 %33, 0\n  %35 = zext i1 %34 to i32\n  %36 = call i32 @IDA_BUG_ON(ptr noundef %32, i32 noundef %35)\n  %37 = load i32, ptr %3, align 4\n  %38 = icmp eq i32 %37, 2\n  br i1 %38, label %39, label %45\n",
        "optimized": "%25 = load ptr, ptr %2, align 8\n  %26 = load i32, ptr @GFP_KERNEL, align 4\n  %27 = call i32 @ida_alloc(ptr noundef %25, i32 noundef %26) #2\n  store i32 %27, ptr %4, align 4\n  %.lobit = lshr i32 %27, 31\n  %28 = call i32 @IDA_BUG_ON(ptr noundef %25, i32 noundef %.lobit) #2\n  %29 = load i32, ptr %3, align 4\n  %30 = icmp eq i32 %29, 2\n  br i1 %30, label %31, label %37\n"
    },
    {
        "unoptimized": "%40 = load ptr, ptr %2, align 8\n  %41 = load i32, ptr %4, align 4\n  %42 = icmp ne i32 %41, 10000\n  %43 = zext i1 %42 to i32\n  %44 = call i32 @IDA_BUG_ON(ptr noundef %40, i32 noundef %43)\n  br label %45\n",
        "optimized": "%32 = load ptr, ptr %2, align 8\n  %33 = load i32, ptr %4, align 4\n  %34 = icmp ne i32 %33, 10000\n  %35 = zext i1 %34 to i32\n  %36 = call i32 @IDA_BUG_ON(ptr noundef %32, i32 noundef %35) #2\n  br label %37\n"
    },
    {
        "unoptimized": "br label %46\n",
        "optimized": "br label %38\n"
    },
    {
        "unoptimized": "%47 = load i32, ptr %3, align 4\n  %48 = add nsw i32 %47, 1\n  store i32 %48, ptr %3, align 4\n  br label %25, !llvm.loop !8\n",
        "optimized": "%39 = load i32, ptr %3, align 4\n  %40 = add nsw i32 %39, 1\n  br label %22, !llvm.loop !8\n"
    },
    {
        "unoptimized": "store i32 0, ptr %3, align 4\n  br label %50\n",
        "optimized": "br label %42\n"
    },
    {
        "unoptimized": "%51 = load i32, ptr %3, align 4\n  %52 = icmp slt i32 %51, 5000\n  br i1 %52, label %53, label %60\n",
        "optimized": "%storemerge2 = phi i32 [ 0, %41 ], [ %50, %48 ]\n  store i32 %storemerge2, ptr %3, align 4\n  %43 = icmp slt i32 %storemerge2, 5000\n  br i1 %43, label %44, label %51\n"
    },
    {
        "unoptimized": "%54 = load ptr, ptr %2, align 8\n  %55 = load i32, ptr %3, align 4\n  %56 = call i32 @ida_free(ptr noundef %54, i32 noundef %55)\n  br label %57\n",
        "optimized": "%45 = load ptr, ptr %2, align 8\n  %46 = load i32, ptr %3, align 4\n  %47 = call i32 @ida_free(ptr noundef %45, i32 noundef %46) #2\n  br label %48\n"
    },
    {
        "unoptimized": "%58 = load i32, ptr %3, align 4\n  %59 = add nsw i32 %58, 1\n  store i32 %59, ptr %3, align 4\n  br label %50, !llvm.loop !9\n",
        "optimized": "%49 = load i32, ptr %3, align 4\n  %50 = add nsw i32 %49, 1\n  br label %42, !llvm.loop !9\n"
    },
    {
        "unoptimized": "%61 = load ptr, ptr %2, align 8\n  %62 = load ptr, ptr %2, align 8\n  %63 = load i32, ptr @GFP_KERNEL, align 4\n  %64 = call i32 @ida_alloc_min(ptr noundef %62, i32 noundef 5000, i32 noundef %63)\n  %65 = icmp ne i32 %64, 10001\n  %66 = zext i1 %65 to i32\n  %67 = call i32 @IDA_BUG_ON(ptr noundef %61, i32 noundef %66)\n  %68 = load ptr, ptr %2, align 8\n  %69 = call i32 @ida_destroy(ptr noundef %68)\n  %70 = load ptr, ptr %2, align 8\n  %71 = load ptr, ptr %2, align 8\n  %72 = call i32 @ida_is_empty(ptr noundef %71)\n  %73 = icmp ne i32 %72, 0\n  %74 = xor i1 %73, true\n  %75 = zext i1 %74 to i32\n  %76 = call i32 @IDA_BUG_ON(ptr noundef %70, i32 noundef %75)\n  ret void\n}",
        "optimized": "%52 = load ptr, ptr %2, align 8\n  %53 = load i32, ptr @GFP_KERNEL, align 4\n  %54 = call i32 @ida_alloc_min(ptr noundef %52, i32 noundef 5000, i32 noundef %53) #2\n  %55 = icmp ne i32 %54, 10001\n  %56 = zext i1 %55 to i32\n  %57 = call i32 @IDA_BUG_ON(ptr noundef %52, i32 noundef %56) #2\n  %58 = call i32 @ida_destroy(ptr noundef %52) #2\n  %59 = load ptr, ptr %2, align 8\n  %60 = call i32 @ida_is_empty(ptr noundef %59) #2\n  %.not = icmp eq i32 %60, 0\n  %61 = zext i1 %.not to i32\n  %62 = call i32 @IDA_BUG_ON(ptr noundef %59, i32 noundef %61) #2\n  ret void\n}"
    }
]