[
    {
        "unoptimized": "%3 = alloca ptr, align 8\n  %4 = alloca i64, align 8\n  %5 = alloca [32 x i8], align 16\n  %6 = alloca ptr, align 8\n  %7 = alloca i64, align 8\n  store ptr %0, ptr %3, align 8\n  store i64 %1, ptr %4, align 8\n  %8 = getelementptr inbounds [32 x i8], ptr %5, i64 0, i64 0\n  %9 = getelementptr inbounds i8, ptr %8, i64 32\n  store ptr %9, ptr %6, align 8\n  br label %10\n",
        "optimized": "%3 = alloca ptr, align 8\n  %4 = alloca i64, align 8\n  %5 = alloca [32 x i8], align 16\n  %6 = alloca ptr, align 8\n  %7 = alloca i64, align 8\n  store ptr %0, ptr %3, align 8\n  store i64 %1, ptr %4, align 8\n  %8 = getelementptr inbounds i8, ptr %5, i64 32\n  store ptr %8, ptr %6, align 8\n  br label %9\n"
    },
    {
        "unoptimized": "%11 = load i64, ptr %4, align 8\n  %12 = urem i64 %11, 10\n  %13 = add i64 48, %12\n  %14 = trunc i64 %13 to i8\n  %15 = load ptr, ptr %6, align 8\n  %16 = getelementptr inbounds i8, ptr %15, i32 -1\n  store ptr %16, ptr %6, align 8\n  store i8 %14, ptr %16, align 1\n  br label %17\n",
        "optimized": "%10 = load i64, ptr %4, align 8\n  %11 = urem i64 %10, 10\n  %12 = trunc i64 %11 to i8\n  %13 = or i8 %12, 48\n  %14 = load ptr, ptr %6, align 8\n  %15 = getelementptr inbounds i8, ptr %14, i64 -1\n  store ptr %15, ptr %6, align 8\n  store i8 %13, ptr %15, align 1\n  br label %16\n"
    },
    {
        "unoptimized": "%18 = load i64, ptr %4, align 8\n  %19 = udiv i64 %18, 10\n  store i64 %19, ptr %4, align 8\n  %20 = icmp ne i64 %19, 0\n  br i1 %20, label %10, label %21, !llvm.loop !6\n",
        "optimized": "%17 = load i64, ptr %4, align 8\n  %18 = udiv i64 %17, 10\n  store i64 %18, ptr %4, align 8\n  %.not = icmp ult i64 %17, 10\n  br i1 %.not, label %19, label %9, !llvm.loop !6\n"
    },
    {
        "unoptimized": "%22 = getelementptr inbounds [32 x i8], ptr %5, i64 0, i64 0\n  %23 = getelementptr inbounds i8, ptr %22, i64 32\n  %24 = load ptr, ptr %6, align 8\n  %25 = ptrtoint ptr %23 to i64\n  %26 = ptrtoint ptr %24 to i64\n  %27 = sub i64 %25, %26\n  store i64 %27, ptr %7, align 8\n  %28 = load ptr, ptr %3, align 8\n  %29 = getelementptr inbounds i64, ptr %28, i32 1\n  store ptr %29, ptr %3, align 8\n  store i64 15, ptr %28, align 8\n  %30 = load ptr, ptr %3, align 8\n  %31 = getelementptr inbounds i64, ptr %30, i32 1\n  store ptr %31, ptr %3, align 8\n  store i64 13, ptr %30, align 8\n  %32 = load i64, ptr %7, align 8\n  %33 = load ptr, ptr %3, align 8\n  %34 = getelementptr inbounds i64, ptr %33, i32 1\n  store ptr %34, ptr %3, align 8\n  store i64 %32, ptr %33, align 8\n  %35 = load ptr, ptr %3, align 8\n  %36 = load ptr, ptr %6, align 8\n  %37 = load i64, ptr %7, align 8\n  %38 = call i32 @memcpy(ptr noundef %35, ptr noundef %36, i64 noundef %37)\n  %39 = load i64, ptr %7, align 8\n  %40 = load ptr, ptr %3, align 8\n  %41 = getelementptr inbounds i64, ptr %40, i64 %39\n  store ptr %41, ptr %3, align 8\n  %42 = load ptr, ptr %3, align 8\n  ret ptr %42\n}",
        "optimized": "%20 = getelementptr inbounds i8, ptr %5, i64 32\n  %21 = load ptr, ptr %6, align 8\n  %22 = ptrtoint ptr %20 to i64\n  %23 = ptrtoint ptr %21 to i64\n  %24 = sub i64 %22, %23\n  store i64 %24, ptr %7, align 8\n  %25 = load ptr, ptr %3, align 8\n  %26 = getelementptr inbounds i64, ptr %25, i64 1\n  store ptr %26, ptr %3, align 8\n  store i64 15, ptr %25, align 8\n  %27 = getelementptr inbounds i64, ptr %25, i64 2\n  store ptr %27, ptr %3, align 8\n  store i64 13, ptr %26, align 8\n  %28 = load i64, ptr %7, align 8\n  %29 = getelementptr inbounds i64, ptr %25, i64 3\n  store ptr %29, ptr %3, align 8\n  store i64 %28, ptr %27, align 8\n  %30 = load ptr, ptr %6, align 8\n  %31 = call i32 @memcpy(ptr noundef nonnull %29, ptr noundef %30, i64 noundef %28) #2\n  %32 = getelementptr inbounds i64, ptr %29, i64 %28\n  store ptr %32, ptr %3, align 8\n  ret ptr %32\n}"
    }
]