[
    {
        "unoptimized": "%4 = alloca i32, align 4\n  %5 = alloca ptr, align 8\n  %6 = alloca ptr, align 8\n  %7 = alloca i32, align 4\n  %8 = alloca i32, align 4\n  %9 = alloca i32, align 4\n  %10 = alloca i32, align 4\n  store ptr %0, ptr %5, align 8\n  store ptr %1, ptr %6, align 8\n  store i32 %2, ptr %7, align 4\n  %11 = load i32, ptr %7, align 4\n  %12 = shl i32 1, %11\n  %13 = sub nsw i32 %12, 1\n  store i32 %13, ptr %10, align 4\n  %14 = load ptr, ptr %5, align 8\n  %15 = load ptr, ptr %14, align 8\n  %16 = load ptr, ptr %6, align 8\n  %17 = icmp uge ptr %15, %16\n  br i1 %17, label %18, label %20\n",
        "optimized": "%4 = alloca i32, align 4\n  %5 = alloca ptr, align 8\n  %6 = alloca ptr, align 8\n  %7 = alloca i32, align 4\n  %8 = alloca i32, align 4\n  %9 = alloca i32, align 4\n  store ptr %0, ptr %5, align 8\n  store ptr %1, ptr %6, align 8\n  %notmask = shl nsw i32 -1, %2\n  %10 = xor i32 %notmask, -1\n  store i32 %10, ptr %9, align 4\n  %11 = load ptr, ptr %0, align 8\n  %.not = icmp ult ptr %11, %1\n  br i1 %.not, label %14, label %12\n"
    },
    {
        "unoptimized": "%19 = load i32, ptr @H2O_HTTP2_ERROR_INCOMPLETE, align 4\n  store i32 %19, ptr %4, align 4\n  br label %98\n",
        "optimized": "%13 = load i32, ptr @H2O_HTTP2_ERROR_INCOMPLETE, align 4\n  store i32 %13, ptr %4, align 4\n  br label %86\n"
    },
    {
        "unoptimized": "%21 = load ptr, ptr %5, align 8\n  %22 = load ptr, ptr %21, align 8\n  %23 = getelementptr inbounds i32, ptr %22, i32 1\n  store ptr %23, ptr %21, align 8\n  %24 = load i32, ptr %22, align 4\n  %25 = load i32, ptr %10, align 4\n  %26 = and i32 %24, %25\n  store i32 %26, ptr %8, align 4\n  %27 = load i32, ptr %8, align 4\n  %28 = load i32, ptr %10, align 4\n  %29 = icmp ne i32 %27, %28\n  br i1 %29, label %30, label %32\n",
        "optimized": "%15 = load ptr, ptr %5, align 8\n  %16 = load ptr, ptr %15, align 8\n  %17 = getelementptr inbounds i32, ptr %16, i64 1\n  store ptr %17, ptr %15, align 8\n  %18 = load i32, ptr %16, align 4\n  %19 = load i32, ptr %9, align 4\n  %20 = and i32 %18, %19\n  store i32 %20, ptr %7, align 4\n  %.not1 = icmp eq i32 %20, %19\n  br i1 %.not1, label %23, label %21\n"
    },
    {
        "unoptimized": "%31 = load i32, ptr %8, align 4\n  store i32 %31, ptr %4, align 4\n  br label %98\n",
        "optimized": "%22 = load i32, ptr %7, align 4\n  store i32 %22, ptr %4, align 4\n  br label %86\n"
    },
    {
        "unoptimized": "%33 = load i32, ptr %10, align 4\n  store i32 %33, ptr %8, align 4\n  store i32 0, ptr %9, align 4\n  br label %34\n",
        "optimized": "%24 = load i32, ptr %9, align 4\n  store i32 %24, ptr %7, align 4\n  br label %25\n"
    },
    {
        "unoptimized": "%35 = load i32, ptr %9, align 4\n  %36 = icmp ult i32 %35, 56\n  br i1 %36, label %37, label %65\n",
        "optimized": "%storemerge = phi i32 [ 0, %23 ], [ %54, %52 ]\n  store i32 %storemerge, ptr %8, align 4\n  %26 = icmp ult i32 %storemerge, 56\n  br i1 %26, label %27, label %55\n"
    },
    {
        "unoptimized": "%38 = load ptr, ptr %5, align 8\n  %39 = load ptr, ptr %38, align 8\n  %40 = load ptr, ptr %6, align 8\n  %41 = icmp eq ptr %39, %40\n  br i1 %41, label %42, label %44\n",
        "optimized": "%28 = load ptr, ptr %5, align 8\n  %29 = load ptr, ptr %28, align 8\n  %30 = load ptr, ptr %6, align 8\n  %31 = icmp eq ptr %29, %30\n  br i1 %31, label %32, label %34\n"
    },
    {
        "unoptimized": "%43 = load i32, ptr @H2O_HTTP2_ERROR_INCOMPLETE, align 4\n  store i32 %43, ptr %4, align 4\n  br label %98\n",
        "optimized": "%33 = load i32, ptr @H2O_HTTP2_ERROR_INCOMPLETE, align 4\n  store i32 %33, ptr %4, align 4\n  br label %86\n"
    },
    {
        "unoptimized": "%45 = load ptr, ptr %5, align 8\n  %46 = load ptr, ptr %45, align 8\n  %47 = load i32, ptr %46, align 4\n  %48 = and i32 %47, 127\n  %49 = load i32, ptr %9, align 4\n  %50 = shl i32 %48, %49\n  %51 = load i32, ptr %8, align 4\n  %52 = add nsw i32 %51, %50\n  store i32 %52, ptr %8, align 4\n  %53 = load ptr, ptr %5, align 8\n  %54 = load ptr, ptr %53, align 8\n  %55 = getelementptr inbounds i32, ptr %54, i32 1\n  store ptr %55, ptr %53, align 8\n  %56 = load i32, ptr %54, align 4\n  %57 = and i32 %56, 128\n  %58 = icmp eq i32 %57, 0\n  br i1 %58, label %59, label %61\n",
        "optimized": "%35 = load ptr, ptr %5, align 8\n  %36 = load ptr, ptr %35, align 8\n  %37 = load i32, ptr %36, align 4\n  %38 = and i32 %37, 127\n  %39 = load i32, ptr %8, align 4\n  %40 = shl i32 %38, %39\n  %41 = load i32, ptr %7, align 4\n  %42 = add nsw i32 %41, %40\n  store i32 %42, ptr %7, align 4\n  %43 = load ptr, ptr %5, align 8\n  %44 = load ptr, ptr %43, align 8\n  %45 = getelementptr inbounds i32, ptr %44, i64 1\n  store ptr %45, ptr %43, align 8\n  %46 = load i32, ptr %44, align 4\n  %47 = and i32 %46, 128\n  %48 = icmp eq i32 %47, 0\n  br i1 %48, label %49, label %51\n"
    },
    {
        "unoptimized": "%60 = load i32, ptr %8, align 4\n  store i32 %60, ptr %4, align 4\n  br label %98\n",
        "optimized": "%50 = load i32, ptr %7, align 4\n  store i32 %50, ptr %4, align 4\n  br label %86\n"
    },
    {
        "unoptimized": "br label %62\n",
        "optimized": "br label %52\n"
    },
    {
        "unoptimized": "%63 = load i32, ptr %9, align 4\n  %64 = add i32 %63, 7\n  store i32 %64, ptr %9, align 4\n  br label %34, !llvm.loop !6\n",
        "optimized": "%53 = load i32, ptr %8, align 4\n  %54 = add i32 %53, 7\n  br label %25, !llvm.loop !6\n"
    },
    {
        "unoptimized": "%66 = load ptr, ptr %5, align 8\n  %67 = load ptr, ptr %66, align 8\n  %68 = load ptr, ptr %6, align 8\n  %69 = icmp eq ptr %67, %68\n  br i1 %69, label %70, label %72\n",
        "optimized": "%56 = load ptr, ptr %5, align 8\n  %57 = load ptr, ptr %56, align 8\n  %58 = load ptr, ptr %6, align 8\n  %59 = icmp eq ptr %57, %58\n  br i1 %59, label %60, label %62\n"
    },
    {
        "unoptimized": "%71 = load i32, ptr @H2O_HTTP2_ERROR_INCOMPLETE, align 4\n  store i32 %71, ptr %4, align 4\n  br label %98\n",
        "optimized": "%61 = load i32, ptr @H2O_HTTP2_ERROR_INCOMPLETE, align 4\n  store i32 %61, ptr %4, align 4\n  br label %86\n"
    },
    {
        "unoptimized": "%73 = load ptr, ptr %5, align 8\n  %74 = load ptr, ptr %73, align 8\n  %75 = load i32, ptr %74, align 4\n  %76 = and i32 %75, 128\n  %77 = icmp ne i32 %76, 0\n  br i1 %77, label %78, label %80\n",
        "optimized": "%63 = load ptr, ptr %5, align 8\n  %64 = load ptr, ptr %63, align 8\n  %65 = load i32, ptr %64, align 4\n  %66 = and i32 %65, 128\n  %.not2 = icmp eq i32 %66, 0\n  br i1 %.not2, label %69, label %67\n"
    },
    {
        "unoptimized": "%79 = load i32, ptr @H2O_HTTP2_ERROR_COMPRESSION, align 4\n  store i32 %79, ptr %4, align 4\n  br label %98\n",
        "optimized": "%68 = load i32, ptr @H2O_HTTP2_ERROR_COMPRESSION, align 4\n  store i32 %68, ptr %4, align 4\n  br label %86\n"
    },
    {
        "unoptimized": "%81 = load ptr, ptr %5, align 8\n  %82 = load ptr, ptr %81, align 8\n  %83 = getelementptr inbounds i32, ptr %82, i32 1\n  store ptr %83, ptr %81, align 8\n  %84 = load i32, ptr %82, align 4\n  %85 = and i32 %84, 127\n  %86 = load i32, ptr %9, align 4\n  %87 = shl i32 %85, %86\n  %88 = load i32, ptr %8, align 4\n  %89 = add nsw i32 %88, %87\n  store i32 %89, ptr %8, align 4\n  %90 = load i32, ptr %8, align 4\n  %91 = load i64, ptr @INT64_MAX, align 8\n  %92 = trunc i64 %91 to i32\n  %93 = icmp sgt i32 %90, %92\n  br i1 %93, label %94, label %96\n",
        "optimized": "%70 = load ptr, ptr %5, align 8\n  %71 = load ptr, ptr %70, align 8\n  %72 = getelementptr inbounds i32, ptr %71, i64 1\n  store ptr %72, ptr %70, align 8\n  %73 = load i32, ptr %71, align 4\n  %74 = and i32 %73, 127\n  %75 = load i32, ptr %8, align 4\n  %76 = shl i32 %74, %75\n  %77 = load i32, ptr %7, align 4\n  %78 = add nsw i32 %77, %76\n  store i32 %78, ptr %7, align 4\n  %79 = load i64, ptr @INT64_MAX, align 8\n  %80 = trunc i64 %79 to i32\n  %81 = icmp sgt i32 %78, %80\n  br i1 %81, label %82, label %84\n"
    },
    {
        "unoptimized": "%95 = load i32, ptr @H2O_HTTP2_ERROR_COMPRESSION, align 4\n  store i32 %95, ptr %4, align 4\n  br label %98\n",
        "optimized": "%83 = load i32, ptr @H2O_HTTP2_ERROR_COMPRESSION, align 4\n  store i32 %83, ptr %4, align 4\n  br label %86\n"
    },
    {
        "unoptimized": "%97 = load i32, ptr %8, align 4\n  store i32 %97, ptr %4, align 4\n  br label %98\n",
        "optimized": "%85 = load i32, ptr %7, align 4\n  store i32 %85, ptr %4, align 4\n  br label %86\n"
    },
    {
        "unoptimized": "%99 = load i32, ptr %4, align 4\n  ret i32 %99\n}",
        "optimized": "%87 = load i32, ptr %4, align 4\n  ret i32 %87\n}"
    }
]