[
    {
        "unoptimized": "%2 = alloca ptr, align 8\n  %3 = alloca ptr, align 8\n  %4 = alloca ptr, align 8\n  store ptr %0, ptr %3, align 8\n  %5 = load ptr, ptr %3, align 8\n  %6 = getelementptr inbounds %struct.TYPE_10__, ptr %5, i32 0, i32 0\n  %7 = load ptr, ptr %6, align 8\n  %8 = icmp ne ptr %7, null\n  br i1 %8, label %9, label %48\n",
        "optimized": "%2 = alloca ptr, align 8\n  %3 = alloca ptr, align 8\n  %4 = alloca ptr, align 8\n  store ptr %0, ptr %3, align 8\n  %5 = load ptr, ptr %0, align 8\n  %.not = icmp eq ptr %5, null\n  br i1 %.not, label %33, label %6\n"
    },
    {
        "unoptimized": "%10 = load ptr, ptr %3, align 8\n  %11 = getelementptr inbounds %struct.TYPE_10__, ptr %10, i32 0, i32 0\n  %12 = load ptr, ptr %11, align 8\n  %13 = getelementptr inbounds %struct.TYPE_8__, ptr %12, i32 0, i32 1\n  %14 = load ptr, ptr %13, align 8\n  %15 = icmp ne ptr %14, null\n  br i1 %15, label %16, label %32\n",
        "optimized": "%7 = load ptr, ptr %3, align 8\n  %8 = load ptr, ptr %7, align 8\n  %9 = getelementptr inbounds %struct.TYPE_8__, ptr %8, i64 0, i32 1\n  %10 = load ptr, ptr %9, align 8\n  %.not1 = icmp eq ptr %10, null\n  br i1 %.not1, label %22, label %11\n"
    },
    {
        "unoptimized": "%17 = load ptr, ptr %3, align 8\n  %18 = getelementptr inbounds %struct.TYPE_10__, ptr %17, i32 0, i32 0\n  %19 = load ptr, ptr %18, align 8\n  %20 = getelementptr inbounds %struct.TYPE_8__, ptr %19, i32 0, i32 1\n  %21 = load ptr, ptr %20, align 8\n  %22 = call ptr @ptls_get_cipher(ptr noundef %21)\n  store ptr %22, ptr %4, align 8\n  %23 = load ptr, ptr %4, align 8\n  %24 = icmp ne ptr %23, null\n  br i1 %24, label %25, label %31\n",
        "optimized": "%12 = load ptr, ptr %3, align 8\n  %13 = load ptr, ptr %12, align 8\n  %14 = getelementptr inbounds %struct.TYPE_8__, ptr %13, i64 0, i32 1\n  %15 = load ptr, ptr %14, align 8\n  %16 = call ptr @ptls_get_cipher(ptr noundef %15) #2\n  store ptr %16, ptr %4, align 8\n  %.not3 = icmp eq ptr %16, null\n  br i1 %.not3, label %21, label %17\n"
    },
    {
        "unoptimized": "%26 = load ptr, ptr %4, align 8\n  %27 = getelementptr inbounds %struct.TYPE_9__, ptr %26, i32 0, i32 0\n  %28 = load ptr, ptr %27, align 8\n  %29 = getelementptr inbounds %struct.TYPE_7__, ptr %28, i32 0, i32 0\n  %30 = load ptr, ptr %29, align 8\n  store ptr %30, ptr %2, align 8\n  br label %49\n",
        "optimized": "%18 = load ptr, ptr %4, align 8\n  %19 = load ptr, ptr %18, align 8\n  %20 = load ptr, ptr %19, align 8\n  store ptr %20, ptr %2, align 8\n  br label %34\n"
    },
    {
        "unoptimized": "br label %47\n",
        "optimized": "br label %32\n"
    },
    {
        "unoptimized": "%33 = load ptr, ptr %3, align 8\n  %34 = getelementptr inbounds %struct.TYPE_10__, ptr %33, i32 0, i32 0\n  %35 = load ptr, ptr %34, align 8\n  %36 = getelementptr inbounds %struct.TYPE_8__, ptr %35, i32 0, i32 0\n  %37 = load ptr, ptr %36, align 8\n  %38 = icmp ne ptr %37, null\n  br i1 %38, label %39, label %46\n",
        "optimized": "%23 = load ptr, ptr %3, align 8\n  %24 = load ptr, ptr %23, align 8\n  %25 = load ptr, ptr %24, align 8\n  %.not2 = icmp eq ptr %25, null\n  br i1 %.not2, label %31, label %26\n"
    },
    {
        "unoptimized": "%40 = load ptr, ptr %3, align 8\n  %41 = getelementptr inbounds %struct.TYPE_10__, ptr %40, i32 0, i32 0\n  %42 = load ptr, ptr %41, align 8\n  %43 = getelementptr inbounds %struct.TYPE_8__, ptr %42, i32 0, i32 0\n  %44 = load ptr, ptr %43, align 8\n  %45 = call ptr @SSL_get_cipher_name(ptr noundef %44)\n  store ptr %45, ptr %2, align 8\n  br label %49\n",
        "optimized": "%27 = load ptr, ptr %3, align 8\n  %28 = load ptr, ptr %27, align 8\n  %29 = load ptr, ptr %28, align 8\n  %30 = call ptr @SSL_get_cipher_name(ptr noundef %29) #2\n  store ptr %30, ptr %2, align 8\n  br label %34\n"
    },
    {
        "unoptimized": "br label %47\n",
        "optimized": "br label %32\n"
    },
    {
        "unoptimized": "br label %48\n",
        "optimized": "br label %33\n"
    },
    {
        "unoptimized": "store ptr null, ptr %2, align 8\n  br label %49\n",
        "optimized": "store ptr null, ptr %2, align 8\n  br label %34\n"
    },
    {
        "unoptimized": "%50 = load ptr, ptr %2, align 8\n  ret ptr %50\n}",
        "optimized": "%35 = load ptr, ptr %2, align 8\n  ret ptr %35\n}"
    }
]