[
    {
        "unoptimized": "%4 = alloca ptr, align 8\n  %5 = alloca ptr, align 8\n  %6 = alloca i32, align 4\n  %7 = alloca i64, align 8\n  %8 = alloca i32, align 4\n  store ptr %0, ptr %4, align 8\n  store ptr %1, ptr %5, align 8\n  store i32 %2, ptr %6, align 4\n  %9 = load ptr, ptr %4, align 8\n  %10 = call ptr @_parse_integer_fixup_radix(ptr noundef %9, ptr noundef %6)\n  store ptr %10, ptr %4, align 8\n  %11 = load ptr, ptr %4, align 8\n  %12 = load i32, ptr %6, align 4\n  %13 = call i32 @_parse_integer(ptr noundef %11, i32 noundef %12, ptr noundef %7)\n  store i32 %13, ptr %8, align 4\n  %14 = load i32, ptr %8, align 4\n  %15 = load i32, ptr @KSTRTOX_OVERFLOW, align 4\n  %16 = xor i32 %15, -1\n  %17 = and i32 %14, %16\n  %18 = load ptr, ptr %4, align 8\n  %19 = zext i32 %17 to i64\n  %20 = getelementptr inbounds i8, ptr %18, i64 %19\n  store ptr %20, ptr %4, align 8\n  %21 = load ptr, ptr %5, align 8\n  %22 = icmp ne ptr %21, null\n  br i1 %22, label %23, label %26\n",
        "optimized": "%4 = alloca ptr, align 8\n  %5 = alloca ptr, align 8\n  %6 = alloca i32, align 4\n  %7 = alloca i64, align 8\n  store ptr %0, ptr %4, align 8\n  store ptr %1, ptr %5, align 8\n  store i32 %2, ptr %6, align 4\n  %8 = call ptr @_parse_integer_fixup_radix(ptr noundef %0, ptr noundef nonnull %6) #2\n  store ptr %8, ptr %4, align 8\n  %9 = load i32, ptr %6, align 4\n  %10 = call i32 @_parse_integer(ptr noundef %8, i32 noundef %9, ptr noundef nonnull %7) #2\n  %11 = load i32, ptr @KSTRTOX_OVERFLOW, align 4\n  %12 = xor i32 %11, -1\n  %13 = and i32 %10, %12\n  %14 = zext i32 %13 to i64\n  %15 = getelementptr inbounds i8, ptr %8, i64 %14\n  store ptr %15, ptr %4, align 8\n  %16 = load ptr, ptr %5, align 8\n  %.not = icmp eq ptr %16, null\n  br i1 %.not, label %20, label %17\n"
    },
    {
        "unoptimized": "%24 = load ptr, ptr %4, align 8\n  %25 = load ptr, ptr %5, align 8\n  store ptr %24, ptr %25, align 8\n  br label %26\n",
        "optimized": "%18 = load ptr, ptr %4, align 8\n  %19 = load ptr, ptr %5, align 8\n  store ptr %18, ptr %19, align 8\n  br label %20\n"
    },
    {
        "unoptimized": "%27 = load i64, ptr %7, align 8\n  ret i64 %27\n}",
        "optimized": "%21 = load i64, ptr %7, align 8\n  ret i64 %21\n}"
    }
]