[
    {
        "unoptimized": "%17 = alloca i32, align 4\n  %18 = alloca ptr, align 8\n  %19 = alloca ptr, align 8\n  %20 = alloca i32, align 4\n  %21 = alloca ptr, align 8\n  %22 = alloca ptr, align 8\n  %23 = alloca ptr, align 8\n  %24 = alloca ptr, align 8\n  %25 = alloca ptr, align 8\n  %26 = alloca ptr, align 8\n  %27 = alloca ptr, align 8\n  %28 = alloca ptr, align 8\n  %29 = alloca ptr, align 8\n  %30 = alloca ptr, align 8\n  %31 = alloca ptr, align 8\n  %32 = alloca i64, align 8\n  %33 = alloca ptr, align 8\n  %34 = alloca %struct.st_h2o_qpack_decode_header_ctx_t, align 4\n  %35 = alloca ptr, align 8\n  %36 = alloca ptr, align 8\n  %37 = alloca i32, align 4\n  store ptr %0, ptr %18, align 8\n  store ptr %1, ptr %19, align 8\n  store i32 %2, ptr %20, align 4\n  store ptr %3, ptr %21, align 8\n  store ptr %4, ptr %22, align 8\n  store ptr %5, ptr %23, align 8\n  store ptr %6, ptr %24, align 8\n  store ptr %7, ptr %25, align 8\n  store ptr %8, ptr %26, align 8\n  store ptr %9, ptr %27, align 8\n  store ptr %10, ptr %28, align 8\n  store ptr %11, ptr %29, align 8\n  store ptr %12, ptr %30, align 8\n  store ptr %13, ptr %31, align 8\n  store i64 %14, ptr %32, align 8\n  store ptr %15, ptr %33, align 8\n  %38 = load ptr, ptr %31, align 8\n  store ptr %38, ptr %35, align 8\n  %39 = load ptr, ptr %35, align 8\n  %40 = load i64, ptr %32, align 8\n  %41 = getelementptr inbounds i32, ptr %39, i64 %40\n  store ptr %41, ptr %36, align 8\n  %42 = load ptr, ptr %19, align 8\n  %43 = load i32, ptr %20, align 4\n  %44 = load ptr, ptr %36, align 8\n  %45 = call i32 @parse_decode_context(ptr noundef %42, ptr noundef %34, i32 noundef %43, ptr noundef %35, ptr noundef %44)\n  store i32 %45, ptr %37, align 4\n  %46 = icmp ne i32 %45, 0\n  br i1 %46, label %47, label %49\n",
        "optimized": "%17 = alloca i32, align 4\n  %18 = alloca ptr, align 8\n  %19 = alloca ptr, align 8\n  %20 = alloca i32, align 4\n  %21 = alloca ptr, align 8\n  %22 = alloca ptr, align 8\n  %23 = alloca ptr, align 8\n  %24 = alloca ptr, align 8\n  %25 = alloca ptr, align 8\n  %26 = alloca ptr, align 8\n  %27 = alloca ptr, align 8\n  %28 = alloca ptr, align 8\n  %29 = alloca ptr, align 8\n  %30 = alloca ptr, align 8\n  %31 = alloca ptr, align 8\n  %32 = alloca %struct.st_h2o_qpack_decode_header_ctx_t, align 4\n  %33 = alloca ptr, align 8\n  %34 = alloca ptr, align 8\n  %35 = alloca i32, align 4\n  store ptr %0, ptr %18, align 8\n  store ptr %1, ptr %19, align 8\n  store i32 %2, ptr %20, align 4\n  store ptr %3, ptr %21, align 8\n  store ptr %4, ptr %22, align 8\n  store ptr %5, ptr %23, align 8\n  store ptr %6, ptr %24, align 8\n  store ptr %7, ptr %25, align 8\n  store ptr %8, ptr %26, align 8\n  store ptr %9, ptr %27, align 8\n  store ptr %10, ptr %28, align 8\n  store ptr %11, ptr %29, align 8\n  store ptr %12, ptr %30, align 8\n  store ptr %15, ptr %31, align 8\n  store ptr %13, ptr %33, align 8\n  %36 = getelementptr inbounds i32, ptr %13, i64 %14\n  store ptr %36, ptr %34, align 8\n  %37 = load ptr, ptr %19, align 8\n  %38 = load i32, ptr %20, align 4\n  %39 = call i32 @parse_decode_context(ptr noundef %37, ptr noundef nonnull %32, i32 noundef %38, ptr noundef nonnull %33, ptr noundef %36) #2\n  store i32 %39, ptr %35, align 4\n  %.not = icmp eq i32 %39, 0\n  br i1 %.not, label %42, label %40\n"
    },
    {
        "unoptimized": "%48 = load i32, ptr %37, align 4\n  store i32 %48, ptr %17, align 4\n  br label %80\n",
        "optimized": "%41 = load i32, ptr %35, align 4\n  store i32 %41, ptr %17, align 4\n  br label %71\n"
    },
    {
        "unoptimized": "%50 = load ptr, ptr %18, align 8\n  %51 = load i32, ptr @decode_header, align 4\n  %52 = load ptr, ptr %21, align 8\n  %53 = load ptr, ptr %22, align 8\n  %54 = load ptr, ptr %23, align 8\n  %55 = load ptr, ptr %24, align 8\n  %56 = load ptr, ptr %25, align 8\n  %57 = load ptr, ptr %26, align 8\n  %58 = load ptr, ptr %27, align 8\n  %59 = load ptr, ptr %28, align 8\n  %60 = load ptr, ptr %35, align 8\n  %61 = load ptr, ptr %36, align 8\n  %62 = load ptr, ptr %35, align 8\n  %63 = ptrtoint ptr %61 to i64\n  %64 = ptrtoint ptr %62 to i64\n  %65 = sub i64 %63, %64\n  %66 = sdiv exact i64 %65, 4\n  %67 = trunc i64 %66 to i32\n  %68 = load ptr, ptr %33, align 8\n  %69 = call i32 @h2o_hpack_parse_request(ptr noundef %50, i32 noundef %51, ptr noundef %34, ptr noundef %52, ptr noundef %53, ptr noundef %54, ptr noundef %55, ptr noundef %56, ptr noundef %57, ptr noundef %58, ptr noundef %59, ptr noundef %60, i32 noundef %67, ptr noundef %68)\n  store i32 %69, ptr %37, align 4\n  %70 = icmp ne i32 %69, 0\n  br i1 %70, label %71, label %74\n",
        "optimized": "%43 = load ptr, ptr %18, align 8\n  %44 = load i32, ptr @decode_header, align 4\n  %45 = load ptr, ptr %21, align 8\n  %46 = load ptr, ptr %22, align 8\n  %47 = load ptr, ptr %23, align 8\n  %48 = load ptr, ptr %24, align 8\n  %49 = load ptr, ptr %25, align 8\n  %50 = load ptr, ptr %26, align 8\n  %51 = load ptr, ptr %27, align 8\n  %52 = load ptr, ptr %28, align 8\n  %53 = load ptr, ptr %33, align 8\n  %54 = load ptr, ptr %34, align 8\n  %55 = ptrtoint ptr %54 to i64\n  %56 = ptrtoint ptr %53 to i64\n  %57 = sub i64 %55, %56\n  %58 = lshr exact i64 %57, 2\n  %59 = trunc i64 %58 to i32\n  %60 = load ptr, ptr %31, align 8\n  %61 = call i32 @h2o_hpack_parse_request(ptr noundef %43, i32 noundef %44, ptr noundef nonnull %32, ptr noundef %45, ptr noundef %46, ptr noundef %47, ptr noundef %48, ptr noundef %49, ptr noundef %50, ptr noundef %51, ptr noundef %52, ptr noundef %53, i32 noundef %59, ptr noundef %60) #2\n  store i32 %61, ptr %35, align 4\n  %.not1 = icmp eq i32 %61, 0\n  br i1 %.not1, label %65, label %62\n"
    },
    {
        "unoptimized": "%72 = load i32, ptr %37, align 4\n  %73 = call i32 @normalize_error_code(i32 noundef %72)\n  store i32 %73, ptr %17, align 4\n  br label %80\n",
        "optimized": "%63 = load i32, ptr %35, align 4\n  %64 = call i32 @normalize_error_code(i32 noundef %63) #2\n  store i32 %64, ptr %17, align 4\n  br label %71\n"
    },
    {
        "unoptimized": "%75 = load ptr, ptr %19, align 8\n  %76 = load ptr, ptr %29, align 8\n  %77 = load i32, ptr %20, align 4\n  %78 = call i64 @send_header_ack(ptr noundef %75, ptr noundef %34, ptr noundef %76, i32 noundef %77)\n  %79 = load ptr, ptr %30, align 8\n  store i64 %78, ptr %79, align 8\n  store i32 0, ptr %17, align 4\n  br label %80\n",
        "optimized": "%66 = load ptr, ptr %19, align 8\n  %67 = load ptr, ptr %29, align 8\n  %68 = load i32, ptr %20, align 4\n  %69 = call i64 @send_header_ack(ptr noundef %66, ptr noundef nonnull %32, ptr noundef %67, i32 noundef %68) #2\n  %70 = load ptr, ptr %30, align 8\n  store i64 %69, ptr %70, align 8\n  store i32 0, ptr %17, align 4\n  br label %71\n"
    },
    {
        "unoptimized": "%81 = load i32, ptr %17, align 4\n  ret i32 %81\n}",
        "optimized": "%72 = load i32, ptr %17, align 4\n  ret i32 %72\n}"
    }
]