[
    {
        "unoptimized": "%4 = alloca ptr, align 8\n  %5 = alloca ptr, align 8\n  %6 = alloca i32, align 4\n  store ptr %0, ptr %4, align 8\n  store ptr %1, ptr %5, align 8\n  store i32 %2, ptr %6, align 4\n  %7 = load ptr, ptr %4, align 8\n  %8 = getelementptr inbounds %struct.TYPE_12__, ptr %7, i32 0, i32 4\n  %9 = call i32 @h2o_linklist_unlink(ptr noundef %8)\n  %10 = load ptr, ptr %5, align 8\n  %11 = getelementptr inbounds %struct.TYPE_13__, ptr %10, i32 0, i32 0\n  %12 = load ptr, ptr %4, align 8\n  %13 = getelementptr inbounds %struct.TYPE_12__, ptr %12, i32 0, i32 4\n  %14 = call i32 @h2o_linklist_insert(ptr noundef %11, ptr noundef %13)\n  %15 = load ptr, ptr %4, align 8\n  %16 = getelementptr inbounds %struct.TYPE_12__, ptr %15, i32 0, i32 0\n  %17 = load i64, ptr %16, align 8\n  %18 = icmp ne i64 %17, 0\n  br i1 %18, label %19, label %38\n",
        "optimized": "%4 = alloca ptr, align 8\n  %5 = alloca ptr, align 8\n  %6 = alloca i32, align 4\n  store ptr %0, ptr %4, align 8\n  store ptr %1, ptr %5, align 8\n  store i32 %2, ptr %6, align 4\n  %7 = getelementptr inbounds %struct.TYPE_12__, ptr %0, i64 0, i32 4\n  %8 = call i32 @h2o_linklist_unlink(ptr noundef nonnull %7) #2\n  %9 = getelementptr inbounds %struct.TYPE_12__, ptr %0, i64 0, i32 4\n  %10 = call i32 @h2o_linklist_insert(ptr noundef %1, ptr noundef nonnull %9) #2\n  %11 = load ptr, ptr %4, align 8\n  %12 = load i64, ptr %11, align 8\n  %.not = icmp eq i64 %12, 0\n  br i1 %.not, label %29, label %13\n"
    },
    {
        "unoptimized": "%20 = load ptr, ptr %4, align 8\n  %21 = getelementptr inbounds %struct.TYPE_12__, ptr %20, i32 0, i32 3\n  %22 = call i32 @queue_unset(ptr noundef %21)\n  %23 = load ptr, ptr %5, align 8\n  %24 = call i32 @get_queue(ptr noundef %23)\n  %25 = load ptr, ptr %4, align 8\n  %26 = getelementptr inbounds %struct.TYPE_12__, ptr %25, i32 0, i32 3\n  %27 = load ptr, ptr %4, align 8\n  %28 = getelementptr inbounds %struct.TYPE_12__, ptr %27, i32 0, i32 2\n  %29 = load i32, ptr %28, align 8\n  %30 = call i32 @queue_set(i32 noundef %24, ptr noundef %26, i32 noundef %29)\n  %31 = load ptr, ptr %4, align 8\n  %32 = getelementptr inbounds %struct.TYPE_12__, ptr %31, i32 0, i32 1\n  %33 = getelementptr inbounds %struct.TYPE_11__, ptr %32, i32 0, i32 0\n  %34 = load ptr, ptr %33, align 8\n  %35 = call i32 @decr_active_cnt(ptr noundef %34)\n  %36 = load ptr, ptr %5, align 8\n  %37 = call i32 @incr_active_cnt(ptr noundef %36)\n  br label %38\n",
        "optimized": "%14 = load ptr, ptr %4, align 8\n  %15 = getelementptr inbounds %struct.TYPE_12__, ptr %14, i64 0, i32 3\n  %16 = call i32 @queue_unset(ptr noundef nonnull %15) #2\n  %17 = load ptr, ptr %5, align 8\n  %18 = call i32 @get_queue(ptr noundef %17) #2\n  %19 = getelementptr inbounds %struct.TYPE_12__, ptr %14, i64 0, i32 3\n  %20 = getelementptr inbounds %struct.TYPE_12__, ptr %14, i64 0, i32 2\n  %21 = load i32, ptr %20, align 8\n  %22 = call i32 @queue_set(i32 noundef %18, ptr noundef nonnull %19, i32 noundef %21) #2\n  %23 = load ptr, ptr %4, align 8\n  %24 = getelementptr inbounds %struct.TYPE_12__, ptr %23, i64 0, i32 1\n  %25 = load ptr, ptr %24, align 8\n  %26 = call i32 @decr_active_cnt(ptr noundef %25) #2\n  %27 = load ptr, ptr %5, align 8\n  %28 = call i32 @incr_active_cnt(ptr noundef %27) #2\n  br label %29\n"
    },
    {
        "unoptimized": "%39 = load ptr, ptr %5, align 8\n  %40 = load ptr, ptr %4, align 8\n  %41 = getelementptr inbounds %struct.TYPE_12__, ptr %40, i32 0, i32 1\n  %42 = getelementptr inbounds %struct.TYPE_11__, ptr %41, i32 0, i32 0\n  store ptr %39, ptr %42, align 8\n  %43 = load i32, ptr %6, align 4\n  %44 = icmp ne i32 %43, 0\n  br i1 %44, label %45, label %49\n",
        "optimized": "%30 = load ptr, ptr %5, align 8\n  %31 = load ptr, ptr %4, align 8\n  %32 = getelementptr inbounds %struct.TYPE_12__, ptr %31, i64 0, i32 1\n  store ptr %30, ptr %32, align 8\n  %33 = load i32, ptr %6, align 4\n  %.not1 = icmp eq i32 %33, 0\n  br i1 %.not1, label %38, label %34\n"
    },
    {
        "unoptimized": "%46 = load ptr, ptr %5, align 8\n  %47 = load ptr, ptr %4, align 8\n  %48 = call i32 @convert_to_exclusive(ptr noundef %46, ptr noundef %47)\n  br label %49\n",
        "optimized": "%35 = load ptr, ptr %5, align 8\n  %36 = load ptr, ptr %4, align 8\n  %37 = call i32 @convert_to_exclusive(ptr noundef %35, ptr noundef %36) #2\n  br label %38\n"
    },
    {
        "unoptimized": "ret void\n}",
        "optimized": "ret void\n}"
    }
]