[
    {
        "unoptimized": "%4 = alloca ptr, align 8\n  %5 = alloca ptr, align 8\n  %6 = alloca i64, align 8\n  %7 = alloca ptr, align 8\n  store ptr %0, ptr %4, align 8\n  store ptr %1, ptr %5, align 8\n  store i64 %2, ptr %6, align 8\n  %8 = load ptr, ptr %4, align 8\n  store ptr %8, ptr %7, align 8\n  br label %9\n",
        "optimized": "%4 = alloca ptr, align 8\n  %5 = alloca ptr, align 8\n  %6 = alloca i64, align 8\n  %7 = alloca ptr, align 8\n  store ptr %0, ptr %4, align 8\n  store ptr %1, ptr %5, align 8\n  store i64 %2, ptr %6, align 8\n  store ptr %0, ptr %7, align 8\n  br label %8\n"
    },
    {
        "unoptimized": "%10 = load ptr, ptr %5, align 8\n  %11 = load i8, ptr %10, align 1\n  %12 = sext i8 %11 to i32\n  %13 = icmp ne i32 %12, 0\n  br i1 %13, label %14, label %18\n",
        "optimized": "%9 = load ptr, ptr %5, align 8\n  %10 = load i8, ptr %9, align 1\n  %.not = icmp eq i8 %10, 0\n  br i1 %.not, label %15, label %11\n"
    },
    {
        "unoptimized": "%15 = load i64, ptr %6, align 8\n  %16 = add i64 %15, -1\n  store i64 %16, ptr %6, align 8\n  %17 = icmp ne i64 %15, 0\n  br label %18\n",
        "optimized": "%12 = load i64, ptr %6, align 8\n  %13 = add i64 %12, -1\n  store i64 %13, ptr %6, align 8\n  %14 = icmp ne i64 %12, 0\n  br label %15\n"
    },
    {
        "unoptimized": "%19 = phi i1 [ false, %9 ], [ %17, %14 ]\n  br i1 %19, label %20, label %26\n",
        "optimized": "%16 = phi i1 [ false, %8 ], [ %14, %11 ]\n  br i1 %16, label %17, label %23\n"
    },
    {
        "unoptimized": "%21 = load ptr, ptr %5, align 8\n  %22 = getelementptr inbounds i8, ptr %21, i32 1\n  store ptr %22, ptr %5, align 8\n  %23 = load i8, ptr %21, align 1\n  %24 = load ptr, ptr %4, align 8\n  %25 = getelementptr inbounds i8, ptr %24, i32 1\n  store ptr %25, ptr %4, align 8\n  store i8 %23, ptr %24, align 1\n  br label %9, !llvm.loop !6\n",
        "optimized": "%18 = load ptr, ptr %5, align 8\n  %19 = getelementptr inbounds i8, ptr %18, i64 1\n  store ptr %19, ptr %5, align 8\n  %20 = load i8, ptr %18, align 1\n  %21 = load ptr, ptr %4, align 8\n  %22 = getelementptr inbounds i8, ptr %21, i64 1\n  store ptr %22, ptr %4, align 8\n  store i8 %20, ptr %21, align 1\n  br label %8, !llvm.loop !6\n"
    },
    {
        "unoptimized": "%27 = load ptr, ptr %4, align 8\n  store i8 0, ptr %27, align 1\n  %28 = load ptr, ptr %7, align 8\n  ret ptr %28\n}",
        "optimized": "%24 = load ptr, ptr %4, align 8\n  store i8 0, ptr %24, align 1\n  %25 = load ptr, ptr %7, align 8\n  ret ptr %25\n}"
    }
]