[
    {
        "unoptimized": "%2 = alloca ptr, align 8\n  store ptr %0, ptr %2, align 8\n  %3 = load ptr, ptr %2, align 8\n  %4 = call i32 @h2o_cache_clear(ptr noundef %3)\n  %5 = load ptr, ptr %2, align 8\n  %6 = load ptr, ptr %2, align 8\n  %7 = getelementptr inbounds %struct.TYPE_6__, ptr %6, i32 0, i32 2\n  %8 = load i32, ptr %7, align 4\n  %9 = call i32 @kh_destroy(ptr noundef %5, i32 noundef %8)\n  %10 = load ptr, ptr %2, align 8\n  %11 = getelementptr inbounds %struct.TYPE_6__, ptr %10, i32 0, i32 0\n  %12 = load i32, ptr %11, align 4\n  %13 = load i32, ptr @H2O_CACHE_FLAG_MULTITHREADED, align 4\n  %14 = and i32 %12, %13\n  %15 = icmp ne i32 %14, 0\n  br i1 %15, label %16, label %20\n",
        "optimized": "%2 = alloca ptr, align 8\n  store ptr %0, ptr %2, align 8\n  %3 = call i32 @h2o_cache_clear(ptr noundef %0) #2\n  %4 = getelementptr inbounds %struct.TYPE_6__, ptr %0, i64 0, i32 2\n  %5 = load i32, ptr %4, align 4\n  %6 = call i32 @kh_destroy(ptr noundef %0, i32 noundef %5) #2\n  %7 = load i32, ptr %0, align 4\n  %8 = load i32, ptr @H2O_CACHE_FLAG_MULTITHREADED, align 4\n  %9 = and i32 %7, %8\n  %.not = icmp eq i32 %9, 0\n  br i1 %.not, label %14, label %10\n"
    },
    {
        "unoptimized": "%17 = load ptr, ptr %2, align 8\n  %18 = getelementptr inbounds %struct.TYPE_6__, ptr %17, i32 0, i32 1\n  %19 = call i32 @pthread_mutex_destroy(ptr noundef %18)\n  br label %20\n",
        "optimized": "%11 = load ptr, ptr %2, align 8\n  %12 = getelementptr inbounds %struct.TYPE_6__, ptr %11, i64 0, i32 1\n  %13 = call i32 @pthread_mutex_destroy(ptr noundef nonnull %12) #2\n  br label %14\n"
    },
    {
        "unoptimized": "%21 = load ptr, ptr %2, align 8\n  %22 = call i32 @free(ptr noundef %21)\n  ret void\n}",
        "optimized": "%15 = load ptr, ptr %2, align 8\n  %16 = call i32 @free(ptr noundef %15) #2\n  ret void\n}"
    }
]