[
    {
        "unoptimized": "%4 = alloca i32, align 4\n  %5 = alloca ptr, align 8\n  %6 = alloca i32, align 4\n  %7 = alloca ptr, align 8\n  %8 = alloca i32, align 4\n  store ptr %0, ptr %5, align 8\n  store i32 %1, ptr %6, align 4\n  store ptr %2, ptr %7, align 8\n  %9 = load ptr, ptr %5, align 8\n  %10 = getelementptr inbounds %struct.TYPE_4__, ptr %9, i32 0, i32 0\n  %11 = load ptr, ptr %10, align 8\n  %12 = icmp ne ptr %11, null\n  br i1 %12, label %13, label %32\n",
        "optimized": "%4 = alloca ptr, align 8\n  %5 = alloca i32, align 4\n  %6 = alloca ptr, align 8\n  %7 = alloca i32, align 4\n  store ptr %0, ptr %4, align 8\n  store i32 %1, ptr %5, align 4\n  store ptr %2, ptr %6, align 8\n  %8 = load ptr, ptr %0, align 8\n  %.not = icmp eq ptr %8, null\n  br i1 %.not, label %23, label %9\n"
    },
    {
        "unoptimized": "br label %14\n",
        "optimized": "br label %10\n"
    },
    {
        "unoptimized": "%15 = load ptr, ptr %5, align 8\n  %16 = getelementptr inbounds %struct.TYPE_4__, ptr %15, i32 0, i32 0\n  %17 = load ptr, ptr %16, align 8\n  %18 = call i32 @queue_is_empty(ptr noundef %17)\n  %19 = icmp ne i32 %18, 0\n  %20 = xor i1 %19, true\n  br i1 %20, label %21, label %31\n",
        "optimized": "%11 = load ptr, ptr %4, align 8\n  %12 = load ptr, ptr %11, align 8\n  %13 = call i32 @queue_is_empty(ptr noundef %12) #2\n  %.not1 = icmp eq i32 %13, 0\n  br i1 %.not1, label %14, label %22\n"
    },
    {
        "unoptimized": "%22 = load ptr, ptr %5, align 8\n  %23 = load i32, ptr %6, align 4\n  %24 = load ptr, ptr %7, align 8\n  %25 = call i32 @proceed(ptr noundef %22, i32 noundef %23, ptr noundef %24)\n  store i32 %25, ptr %8, align 4\n  %26 = load i32, ptr %8, align 4\n  %27 = icmp ne i32 %26, 0\n  br i1 %27, label %28, label %30\n",
        "optimized": "%15 = load ptr, ptr %4, align 8\n  %16 = load i32, ptr %5, align 4\n  %17 = load ptr, ptr %6, align 8\n  %18 = call i32 @proceed(ptr noundef %15, i32 noundef %16, ptr noundef %17) #2\n  store i32 %18, ptr %7, align 4\n  %.not2 = icmp eq i32 %18, 0\n  br i1 %.not2, label %21, label %19\n"
    },
    {
        "unoptimized": "%29 = load i32, ptr %8, align 4\n  store i32 %29, ptr %4, align 4\n  br label %33\n",
        "optimized": "%20 = load i32, ptr %7, align 4\n  br label %24\n"
    },
    {
        "unoptimized": "br label %14, !llvm.loop !6\n",
        "optimized": "br label %10, !llvm.loop !6\n"
    },
    {
        "unoptimized": "br label %32\n",
        "optimized": "br label %23\n"
    },
    {
        "unoptimized": "store i32 0, ptr %4, align 4\n  br label %33\n",
        "optimized": "br label %24\n"
    },
    {
        "unoptimized": "%34 = load i32, ptr %4, align 4\n  ret i32 %34\n}",
        "optimized": "%storemerge = phi i32 [ 0, %23 ], [ %20, %19 ]\n  ret i32 %storemerge\n}"
    }
]