[
    {
        "unoptimized": "%3 = alloca ptr, align 8\n  %4 = alloca i32, align 4\n  store ptr %0, ptr %3, align 8\n  store i32 %1, ptr %4, align 4\n  %5 = load i64, ptr @MACHINE_IS_VM, align 8\n  %6 = icmp ne i64 %5, 0\n  br i1 %6, label %7, label %11\n",
        "optimized": "%3 = alloca ptr, align 8\n  %4 = alloca i32, align 4\n  store ptr %0, ptr %3, align 8\n  store i32 %1, ptr %4, align 4\n  %5 = load i64, ptr @MACHINE_IS_VM, align 8\n  %.not = icmp eq i64 %5, 0\n  br i1 %.not, label %10, label %6\n"
    },
    {
        "unoptimized": "%8 = load ptr, ptr %3, align 8\n  %9 = load i32, ptr %4, align 4\n  %10 = call i32 @EBCASC(ptr noundef %8, i32 noundef %9)\n  br label %15\n",
        "optimized": "%7 = load ptr, ptr %3, align 8\n  %8 = load i32, ptr %4, align 4\n  %9 = call i32 @EBCASC(ptr noundef %7, i32 noundef %8) #2\n  br label %14\n"
    },
    {
        "unoptimized": "%12 = load ptr, ptr %3, align 8\n  %13 = load i32, ptr %4, align 4\n  %14 = call i32 @EBCASC_500(ptr noundef %12, i32 noundef %13)\n  br label %15\n",
        "optimized": "%11 = load ptr, ptr %3, align 8\n  %12 = load i32, ptr %4, align 4\n  %13 = call i32 @EBCASC_500(ptr noundef %11, i32 noundef %12) #2\n  br label %14\n"
    },
    {
        "unoptimized": "%16 = phi i32 [ %10, %7 ], [ %14, %11 ]\n  ret void\n}",
        "optimized": "ret void\n}"
    }
]