[
    {
        "unoptimized": "%2 = alloca ptr, align 8\n  %3 = alloca ptr, align 8\n  store ptr %0, ptr %2, align 8\n  %4 = load ptr, ptr %2, align 8\n  %5 = getelementptr inbounds %struct.st_h2o_evloop_socket_t, ptr %4, i32 0, i32 1\n  %6 = load ptr, ptr %5, align 8\n  %7 = load ptr, ptr %2, align 8\n  %8 = icmp eq ptr %6, %7\n  br i1 %8, label %9, label %34\n",
        "optimized": "%2 = alloca ptr, align 8\n  store ptr %0, ptr %2, align 8\n  %3 = getelementptr inbounds %struct.st_h2o_evloop_socket_t, ptr %0, i64 0, i32 1\n  %4 = load ptr, ptr %3, align 8\n  %5 = icmp eq ptr %4, %0\n  br i1 %5, label %6, label %25\n"
    },
    {
        "unoptimized": "%10 = load ptr, ptr %2, align 8\n  %11 = getelementptr inbounds %struct.st_h2o_evloop_socket_t, ptr %10, i32 0, i32 0\n  %12 = load i32, ptr %11, align 8\n  %13 = load i32, ptr @H2O_SOCKET_FLAG_IS_ACCEPTED_CONNECTION, align 4\n  %14 = and i32 %12, %13\n  %15 = icmp ne i32 %14, 0\n  br i1 %15, label %16, label %21\n",
        "optimized": "%7 = load ptr, ptr %2, align 8\n  %8 = load i32, ptr %7, align 8\n  %9 = load i32, ptr @H2O_SOCKET_FLAG_IS_ACCEPTED_CONNECTION, align 4\n  %10 = and i32 %8, %9\n  %.not = icmp eq i32 %10, 0\n  br i1 %.not, label %16, label %11\n"
    },
    {
        "unoptimized": "%17 = load ptr, ptr %2, align 8\n  %18 = getelementptr inbounds %struct.st_h2o_evloop_socket_t, ptr %17, i32 0, i32 2\n  %19 = load ptr, ptr %18, align 8\n  %20 = getelementptr inbounds %struct.TYPE_2__, ptr %19, i32 0, i32 1\n  br label %26\n",
        "optimized": "%12 = load ptr, ptr %2, align 8\n  %13 = getelementptr inbounds %struct.st_h2o_evloop_socket_t, ptr %12, i64 0, i32 2\n  %14 = load ptr, ptr %13, align 8\n  %15 = getelementptr inbounds %struct.TYPE_2__, ptr %14, i64 0, i32 1\n  br label %20\n"
    },
    {
        "unoptimized": "%22 = load ptr, ptr %2, align 8\n  %23 = getelementptr inbounds %struct.st_h2o_evloop_socket_t, ptr %22, i32 0, i32 2\n  %24 = load ptr, ptr %23, align 8\n  %25 = getelementptr inbounds %struct.TYPE_2__, ptr %24, i32 0, i32 0\n  br label %26\n",
        "optimized": "%17 = load ptr, ptr %2, align 8\n  %18 = getelementptr inbounds %struct.st_h2o_evloop_socket_t, ptr %17, i64 0, i32 2\n  %19 = load ptr, ptr %18, align 8\n  br label %20\n"
    },
    {
        "unoptimized": "%27 = phi ptr [ %20, %16 ], [ %25, %21 ]\n  store ptr %27, ptr %3, align 8\n  %28 = load ptr, ptr %3, align 8\n  %29 = load ptr, ptr %28, align 8\n  %30 = load ptr, ptr %2, align 8\n  %31 = getelementptr inbounds %struct.st_h2o_evloop_socket_t, ptr %30, i32 0, i32 1\n  store ptr %29, ptr %31, align 8\n  %32 = load ptr, ptr %2, align 8\n  %33 = load ptr, ptr %3, align 8\n  store ptr %32, ptr %33, align 8\n  br label %34\n",
        "optimized": "%21 = phi ptr [ %15, %11 ], [ %19, %16 ]\n  %22 = load ptr, ptr %21, align 8\n  %23 = load ptr, ptr %2, align 8\n  %24 = getelementptr inbounds %struct.st_h2o_evloop_socket_t, ptr %23, i64 0, i32 1\n  store ptr %22, ptr %24, align 8\n  store ptr %23, ptr %21, align 8\n  br label %25\n"
    },
    {
        "unoptimized": "ret void\n}",
        "optimized": "ret void\n}"
    }
]