[
    {
        "unoptimized": "%3 = alloca %struct.pin_cookie, align 8\n  %4 = alloca ptr, align 8\n  %5 = alloca ptr, align 8\n  %6 = alloca i32, align 4\n  %7 = alloca ptr, align 8\n  %8 = getelementptr inbounds %struct.pin_cookie, ptr %3, i32 0, i32 0\n  store i64 %1, ptr %8, align 8\n  store ptr %0, ptr %4, align 8\n  %9 = load ptr, ptr @current, align 8\n  store ptr %9, ptr %5, align 8\n  %10 = load i32, ptr @debug_locks, align 4\n  %11 = icmp ne i32 %10, 0\n  %12 = xor i1 %11, true\n  %13 = zext i1 %12 to i32\n  %14 = call i64 @unlikely(i32 noundef %13)\n  %15 = icmp ne i64 %14, 0\n  br i1 %15, label %16, label %17\n",
        "optimized": "%3 = alloca %struct.pin_cookie, align 8\n  %4 = alloca ptr, align 8\n  %5 = alloca ptr, align 8\n  %6 = alloca i32, align 4\n  %7 = alloca ptr, align 8\n  store i64 %1, ptr %3, align 8\n  store ptr %0, ptr %4, align 8\n  %8 = load ptr, ptr @current, align 8\n  store ptr %8, ptr %5, align 8\n  %9 = load i32, ptr @debug_locks, align 4\n  %.not = icmp eq i32 %9, 0\n  %10 = zext i1 %.not to i32\n  %11 = call i64 @unlikely(i32 noundef %10) #2\n  %.not1 = icmp eq i64 %11, 0\n  br i1 %.not1, label %13, label %12\n"
    },
    {
        "unoptimized": "br label %50\n",
        "optimized": "br label %39\n"
    },
    {
        "unoptimized": "store i32 0, ptr %6, align 4\n  br label %18\n",
        "optimized": "br label %14\n"
    },
    {
        "unoptimized": "%19 = load i32, ptr %6, align 4\n  %20 = load ptr, ptr %5, align 8\n  %21 = getelementptr inbounds %struct.task_struct, ptr %20, i32 0, i32 0\n  %22 = load i32, ptr %21, align 8\n  %23 = icmp slt i32 %19, %22\n  br i1 %23, label %24, label %48\n",
        "optimized": "%storemerge = phi i32 [ 0, %13 ], [ %36, %34 ]\n  store i32 %storemerge, ptr %6, align 4\n  %15 = load ptr, ptr %5, align 8\n  %16 = load i32, ptr %15, align 8\n  %17 = icmp slt i32 %storemerge, %16\n  br i1 %17, label %18, label %37\n"
    },
    {
        "unoptimized": "%25 = load ptr, ptr %5, align 8\n  %26 = getelementptr inbounds %struct.task_struct, ptr %25, i32 0, i32 1\n  %27 = load ptr, ptr %26, align 8\n  %28 = load i32, ptr %6, align 4\n  %29 = sext i32 %28 to i64\n  %30 = getelementptr inbounds %struct.held_lock, ptr %27, i64 %29\n  store ptr %30, ptr %7, align 8\n  %31 = load ptr, ptr %7, align 8\n  %32 = load ptr, ptr %4, align 8\n  %33 = call i64 @match_held_lock(ptr noundef %31, ptr noundef %32)\n  %34 = icmp ne i64 %33, 0\n  br i1 %34, label %35, label %44\n",
        "optimized": "%19 = load ptr, ptr %5, align 8\n  %20 = getelementptr inbounds %struct.task_struct, ptr %19, i64 0, i32 1\n  %21 = load ptr, ptr %20, align 8\n  %22 = load i32, ptr %6, align 4\n  %23 = sext i32 %22 to i64\n  %24 = getelementptr inbounds %struct.held_lock, ptr %21, i64 %23\n  store ptr %24, ptr %7, align 8\n  %25 = load ptr, ptr %4, align 8\n  %26 = call i64 @match_held_lock(ptr noundef %24, ptr noundef %25) #2\n  %.not2 = icmp eq i64 %26, 0\n  br i1 %.not2, label %33, label %27\n"
    },
    {
        "unoptimized": "%36 = getelementptr inbounds %struct.pin_cookie, ptr %3, i32 0, i32 0\n  %37 = load i64, ptr %36, align 8\n  %38 = load ptr, ptr %7, align 8\n  %39 = getelementptr inbounds %struct.held_lock, ptr %38, i32 0, i32 0\n  %40 = load i32, ptr %39, align 4\n  %41 = sext i32 %40 to i64\n  %42 = add nsw i64 %41, %37\n  %43 = trunc i64 %42 to i32\n  store i32 %43, ptr %39, align 4\n  br label %50\n",
        "optimized": "%28 = load i64, ptr %3, align 8\n  %29 = load ptr, ptr %7, align 8\n  %30 = load i32, ptr %29, align 4\n  %31 = trunc i64 %28 to i32\n  %32 = add i32 %30, %31\n  store i32 %32, ptr %29, align 4\n  br label %39\n"
    },
    {
        "unoptimized": "br label %45\n",
        "optimized": "br label %34\n"
    },
    {
        "unoptimized": "%46 = load i32, ptr %6, align 4\n  %47 = add nsw i32 %46, 1\n  store i32 %47, ptr %6, align 4\n  br label %18, !llvm.loop !6\n",
        "optimized": "%35 = load i32, ptr %6, align 4\n  %36 = add nsw i32 %35, 1\n  br label %14, !llvm.loop !6\n"
    },
    {
        "unoptimized": "%49 = call i32 @WARN(i32 noundef 1, ptr noundef @.str)\n  br label %50\n",
        "optimized": "%38 = call i32 @WARN(i32 noundef 1, ptr noundef nonnull @.str) #2\n  br label %39\n"
    },
    {
        "unoptimized": "ret void\n}",
        "optimized": "ret void\n}"
    }
]