[
    {
        "unoptimized": "%2 = alloca ptr, align 8\n  %3 = alloca ptr, align 8\n  %4 = alloca i64, align 8\n  store ptr %0, ptr %2, align 8\n  %5 = load ptr, ptr %2, align 8\n  store ptr %5, ptr %3, align 8\n  %6 = load ptr, ptr %3, align 8\n  %7 = getelementptr inbounds %struct.st_gzip_context_t, ptr %6, i32 0, i32 3\n  %8 = load i64, ptr %7, align 8\n  %9 = icmp ne i64 %8, 0\n  br i1 %9, label %10, label %26\n",
        "optimized": "%2 = alloca ptr, align 8\n  %3 = alloca i64, align 8\n  store ptr %0, ptr %2, align 8\n  %4 = getelementptr inbounds %struct.st_gzip_context_t, ptr %0, i64 0, i32 3\n  %5 = load i64, ptr %4, align 8\n  %.not = icmp eq i64 %5, 0\n  br i1 %.not, label %20, label %6\n"
    },
    {
        "unoptimized": "%11 = load ptr, ptr %3, align 8\n  %12 = getelementptr inbounds %struct.st_gzip_context_t, ptr %11, i32 0, i32 0\n  %13 = getelementptr inbounds %struct.TYPE_5__, ptr %12, i32 0, i32 0\n  %14 = load i64, ptr %13, align 8\n  %15 = load i64, ptr @do_compress, align 8\n  %16 = icmp eq i64 %14, %15\n  br i1 %16, label %17, label %21\n",
        "optimized": "%7 = load ptr, ptr %2, align 8\n  %8 = load i64, ptr %7, align 8\n  %9 = load i64, ptr @do_compress, align 8\n  %10 = icmp eq i64 %8, %9\n  br i1 %10, label %11, label %15\n"
    },
    {
        "unoptimized": "%18 = load ptr, ptr %3, align 8\n  %19 = getelementptr inbounds %struct.st_gzip_context_t, ptr %18, i32 0, i32 2\n  %20 = call i32 @deflateEnd(ptr noundef %19)\n  br label %25\n",
        "optimized": "%12 = load ptr, ptr %2, align 8\n  %13 = getelementptr inbounds %struct.st_gzip_context_t, ptr %12, i64 0, i32 2\n  %14 = call i32 @deflateEnd(ptr noundef nonnull %13) #2\n  br label %19\n"
    },
    {
        "unoptimized": "%22 = load ptr, ptr %3, align 8\n  %23 = getelementptr inbounds %struct.st_gzip_context_t, ptr %22, i32 0, i32 2\n  %24 = call i32 @inflateEnd(ptr noundef %23)\n  br label %25\n",
        "optimized": "%16 = load ptr, ptr %2, align 8\n  %17 = getelementptr inbounds %struct.st_gzip_context_t, ptr %16, i64 0, i32 2\n  %18 = call i32 @inflateEnd(ptr noundef nonnull %17) #2\n  br label %19\n"
    },
    {
        "unoptimized": "br label %26\n",
        "optimized": "br label %20\n"
    },
    {
        "unoptimized": "store i64 0, ptr %4, align 8\n  br label %27\n",
        "optimized": "br label %21\n"
    },
    {
        "unoptimized": "%28 = load i64, ptr %4, align 8\n  %29 = load ptr, ptr %3, align 8\n  %30 = getelementptr inbounds %struct.st_gzip_context_t, ptr %29, i32 0, i32 1\n  %31 = getelementptr inbounds %struct.TYPE_4__, ptr %30, i32 0, i32 0\n  %32 = load i64, ptr %31, align 8\n  %33 = icmp ne i64 %28, %32\n  br i1 %33, label %34, label %47\n",
        "optimized": "%storemerge = phi i64 [ 0, %20 ], [ %35, %33 ]\n  store i64 %storemerge, ptr %3, align 8\n  %22 = load ptr, ptr %2, align 8\n  %23 = getelementptr inbounds %struct.st_gzip_context_t, ptr %22, i64 0, i32 1\n  %24 = load i64, ptr %23, align 8\n  %.not1 = icmp eq i64 %storemerge, %24\n  br i1 %.not1, label %36, label %25\n"
    },
    {
        "unoptimized": "%35 = load ptr, ptr %3, align 8\n  %36 = getelementptr inbounds %struct.st_gzip_context_t, ptr %35, i32 0, i32 1\n  %37 = getelementptr inbounds %struct.TYPE_4__, ptr %36, i32 0, i32 1\n  %38 = load ptr, ptr %37, align 8\n  %39 = load i64, ptr %4, align 8\n  %40 = getelementptr inbounds %struct.TYPE_6__, ptr %38, i64 %39\n  %41 = getelementptr inbounds %struct.TYPE_6__, ptr %40, i32 0, i32 0\n  %42 = load ptr, ptr %41, align 8\n  %43 = call i32 @free(ptr noundef %42)\n  br label %44\n",
        "optimized": "%26 = load ptr, ptr %2, align 8\n  %27 = getelementptr inbounds %struct.st_gzip_context_t, ptr %26, i64 0, i32 1, i32 1\n  %28 = load ptr, ptr %27, align 8\n  %29 = load i64, ptr %3, align 8\n  %30 = getelementptr inbounds %struct.TYPE_6__, ptr %28, i64 %29\n  %31 = load ptr, ptr %30, align 8\n  %32 = call i32 @free(ptr noundef %31) #2\n  br label %33\n"
    },
    {
        "unoptimized": "%45 = load i64, ptr %4, align 8\n  %46 = add i64 %45, 1\n  store i64 %46, ptr %4, align 8\n  br label %27, !llvm.loop !6\n",
        "optimized": "%34 = load i64, ptr %3, align 8\n  %35 = add i64 %34, 1\n  br label %21, !llvm.loop !6\n"
    },
    {
        "unoptimized": "%48 = load ptr, ptr %3, align 8\n  %49 = getelementptr inbounds %struct.st_gzip_context_t, ptr %48, i32 0, i32 1\n  %50 = getelementptr inbounds %struct.TYPE_4__, ptr %49, i32 0, i32 1\n  %51 = load ptr, ptr %50, align 8\n  %52 = call i32 @free(ptr noundef %51)\n  %53 = load ptr, ptr %3, align 8\n  %54 = getelementptr inbounds %struct.st_gzip_context_t, ptr %53, i32 0, i32 0\n  %55 = getelementptr inbounds %struct.TYPE_5__, ptr %54, i32 0, i32 1\n  %56 = load ptr, ptr %55, align 8\n  %57 = call i32 @free(ptr noundef %56)\n  ret void\n}",
        "optimized": "%37 = load ptr, ptr %2, align 8\n  %38 = getelementptr inbounds %struct.st_gzip_context_t, ptr %37, i64 0, i32 1, i32 1\n  %39 = load ptr, ptr %38, align 8\n  %40 = call i32 @free(ptr noundef %39) #2\n  %41 = getelementptr inbounds %struct.TYPE_5__, ptr %37, i64 0, i32 1\n  %42 = load ptr, ptr %41, align 8\n  %43 = call i32 @free(ptr noundef %42) #2\n  ret void\n}"
    }
]